Temp,Time,Abs,,2387,35,,
16.816023,162,0.461204797,,98,2352,,
16.79493,163,0.461348712,,,,,
16.784224,164,0.461437523,,,,,
16.7886,166,0.458222538,,,,,
16.7886,167,0.460105121,,16.750331,0.459536612,168,7
16.750331,168,0.459536612,Yes,17.009762,0.451347083,240,10
16.829564,169,0.454040408,,17.209993,0.42877838,288,12
16.800078,172,0.456154555,,17.296781,0.435174644,312,13
16.81117,173,0.453259319,,17.55916,0.41899991,360,15
16.814288,176,0.476213276,,17.722835,0.409274221,384,16
16.814948,178,0.484747976,,17.893121,0.399822563,408,17
16.814948,179,0.485823244,,18.834061,0.374883205,528,22
16.812151,181,0.454593271,,19.097507,0.36392802,552,23
16.829755,182,0.482172459,,19.584107,0.373012573,600,25
16.812481,183,0.452395022,,20.132219,0.344620377,648,27
16.851481,185,0.471165836,,20.371999,0.337401182,672,28
16.816157,187,0.473007441,,21.279753,0.319478512,744,31
16.816157,188,0.469802082,,21.617171,0.314257026,768,32
16.851726,190,0.463003665,,21.934288,0.308921039,792,33
16.877859,193,0.4593831,,22.219806,0.314769983,816,34
16.856005,195,0.457690537,,22.548761,0.300937802,840,35
16.877451,197,0.4551045,,22.884793,0.29304117,864,36
16.865247,200,0.455623776,,23.200256,0.287326694,888,37
16.877411,201,0.452486366,,24.543655,0.262055993,984,41
16.863175,203,0.456109762,,25.150108,0.252190858,1032,43
16.872131,204,0.452046931,,26.907851,0.22265242,1176,49
16.881138,206,0.4540748,,27.20387,0.216914266,1200,50
16.899774,208,0.448163956,,27.453802,0.213996962,1224,51
16.903814,209,0.446419567,,27.693112,0.211944789,1248,52
16.860161,210,0.452236325,,28.414198,0.197362453,1320,55
16.903242,212,0.454798669,,28.636099,0.192115918,1344,56
16.927771,214,0.451719433,,28.895847,0.185134709,1368,57
16.917468,215,0.448364914,,29.284143,0.185983092,1416,59
16.915366,217,0.450194001,,29.549299,0.180051863,1440,60
16.908048,218,0.451143056,,29.7337,0.171695724,1464,61
16.934051,220,0.447099239,,29.952312,0.167297632,1488,62
16.916558,221,0.447128803,,30.190602,0.162123278,1512,63
16.957404,222,0.444393337,,30.461298,0.161052555,1536,64
16.925716,224,0.446275294,,31.27514,0.155062571,1608,67
16.960592,225,0.445658028,,31.83497,0.149777785,1656,69
16.900849,226,0.445309997,,32.148145,0.144077465,1680,70
16.953554,227,0.447148442,,32.742486,0.139628455,1728,72
16.953554,228,0.445903629,,33.759692,0.132932127,1800,75
16.963309,229,0.441770017,,34.076253,0.130608261,1824,76
16.972988,230,0.443724632,,34.389591,0.138151795,1848,77
16.949552,231,0.445277542,,35.412673,0.127422109,1920,80
16.964425,233,0.448054075,,35.778221,0.125479296,1944,81
16.989225,236,0.449341118,,36.40371,0.123395607,1992,83
17.001583,237,0.455296189,,36.738303,0.121848308,2016,84
16.989428,238,0.449845612,,37.051757,0.119664371,2040,85
17.009762,240,0.451347083,Yes,37.675778,0.118325196,2088,87
16.993923,242,0.451377064,,37.944617,0.118908875,2112,88
16.986835,243,0.450544983,,38.758978,0.121255398,2184,91
16.986835,244,0.451032728,,39.739458,0.11931099,2280,95
16.970787,245,0.448317915,,40.010122,0.119462289,2304,96
17.011355,247,0.446797192,,40.213233,0.118087009,2328,97
17.004839,248,0.44893679,,40.441001,0.120475747,2352,98
17.037479,249,0.448205024,,40.666222,0.121132962,2376,99
17.022467,252,0.439930886,,40.896748,0.120683432,2400,100
17.023445,253,0.439544588,,41.48021,0.121599548,2472,103
17.04741,254,0.440946668,,41.67456,0.120229028,2496,104
17.044482,255,0.440709859,,41.844456,0.13024734,2520,105
17.030569,257,0.439534545,,42.035243,0.120079033,2544,106
17.045987,258,0.4380669,,42.187227,0.121053837,2568,107
17.068598,260,0.44262296,,42.710675,0.131623358,2640,110
17.08672,262,0.433977813,,42.860909,0.128031641,2664,111
17.082008,263,0.437200129,,43.164043,0.129450366,2712,113
17.121538,265,0.437169462,,43.586694,0.127507687,2784,116
17.071436,266,0.43730247,,43.706061,0.131910265,2808,117
17.077835,268,0.439091235,,43.95058,0.132865295,2856,119
17.119664,269,0.435853571,,44.116914,0.130756199,2880,120
17.149713,271,0.433631808,,44.497204,0.134716287,2952,123
17.099468,273,0.437393904,,44.767489,0.134444132,3024,126
17.123829,274,0.433578908,,44.966224,0.137749568,3072,128
17.141275,276,0.434128642,,45.200424,0.139894843,3120,130
17.148493,278,0.431504309,,45.274277,0.139962331,3144,131
17.166738,279,0.432091892,,45.494006,0.142535955,3192,133
17.145839,281,0.431495547,,45.638088,0.141041055,3240,135
17.177441,282,0.430798471,,45.716824,0.140733093,3264,136
17.157393,283,0.425125331,,45.812306,0.142179743,3288,137
17.170502,285,0.428318352,,45.886277,0.141437054,3312,138
17.171905,286,0.428664982,,45.93697,0.142186448,3336,139
17.209993,288,0.42877838,Yes,46.025578,0.141301915,3360,140
17.17301,290,0.423120379,,46.239505,0.141053557,3432,143
17.210824,292,0.431171417,,46.314393,0.142277464,3456,144
17.174393,293,0.451886296,,46.370733,0.139374048,3480,145
17.232501,294,0.447841436,,46.469986,0.142185777,3528,147
17.1963,295,0.45139575,,46.568214,0.142448157,3552,148
17.209255,297,0.44819504,,46.596182,0.143056423,3576,149
17.21552,298,0.447536677,,46.641912,0.142729253,3600,150
17.269466,300,0.426729977,,46.732114,0.142767191,3624,151
17.235566,302,0.424314946,,46.795495,0.143407852,3648,152
17.264655,304,0.450896561,,46.785894,0.143475413,3672,153
17.265784,305,0.431740075,,46.869112,0.142734036,3696,154
17.258092,306,0.437151969,,47.069828,0.141593859,3816,159
17.269567,308,0.432802856,,47.13921,0.143460929,3840,160
17.295398,309,0.430684269,,47.209654,0.144890338,3864,161
17.296781,312,0.435174644,Yes,47.216223,0.143919617,3888,162
17.351364,313,0.428183436,,47.267494,0.147326484,3912,163
17.351364,314,0.429745227,,47.347111,0.151573658,3936,164
17.287084,315,0.425846547,,47.35224,0.145342827,3960,165
17.323283,316,0.42615509,,47.413875,0.1465168,4008,167
17.35179,319,0.425424367,,,,,
17.301166,322,0.422693759,,,,,
17.345329,324,0.42055428,,,,,
17.363415,325,0.421969801,,,,,
17.360984,326,0.422001392,,,,,
17.374437,328,0.419779539,,,,,
17.384329,331,0.420610011,,,,,
17.428986,333,0.422310352,,,,,
17.40339,334,0.42062822,,,,,
17.418168,337,0.420234442,,,,,
17.415388,338,0.419849843,,,,,
17.446293,339,0.418952674,,,,,
17.490842,341,0.419724107,,,,,
17.447594,342,0.421409607,,,,,
17.458614,343,0.415342122,,,,,
17.458614,344,0.416945815,,,,,
17.481681,346,0.413491547,,,,,
17.481681,347,0.414609999,,,,,
17.539649,348,0.417086512,,,,,
17.515811,350,0.415616036,,,,,
17.515341,351,0.411878198,,,,,
17.531187,353,0.418636948,,,,,
17.531212,354,0.416067958,,,,,
17.551548,356,0.412008226,,,,,
17.545986,357,0.419234425,,,,,
17.533521,358,0.420868486,,,,,
17.55916,360,0.41899991,Yes,,,,
17.594761,362,0.418605387,,,,,
17.616268,363,0.415418863,,,,,
17.594989,364,0.421594173,,,,,
17.633239,367,0.416645616,,,,,
17.649315,368,0.421437055,,,,,
17.596639,369,0.418721259,,,,,
17.617999,370,0.41766876,,,,,
17.65099,372,0.417470366,,,,,
17.658023,375,0.417797267,,,,,
17.668689,378,0.414383322,,,,,
17.700953,380,0.410375416,,,,,
17.676749,381,0.410885483,,,,,
17.691467,382,0.409562171,,,,,
17.722835,384,0.409274221,Yes,,,,
17.728764,386,0.411903292,,,,,
17.736524,388,0.406717241,,,,,
17.782776,390,0.407523245,,,,,
17.763382,392,0.404969662,,,,,
17.791911,393,0.40482527,,,,,
17.81138,396,0.401097119,,,,,
17.812357,399,0.40642032,,,,,
17.848934,401,0.406254649,,,,,
17.854291,403,0.401572615,,,,,
17.883543,406,0.403172702,,,,,
17.90981,407,0.402061671,,,,,
17.893121,408,0.399822563,Yes,,,,
17.902153,409,0.400466442,,,,,
17.942786,412,0.396274149,,,,,
17.911863,413,0.398168743,,,,,
17.935732,415,0.400038689,,,,,
17.958021,417,0.396001488,,,,,
17.960626,419,0.400094837,,,,,
17.961798,422,0.396299839,,,,,
17.957996,423,0.400562197,,,,,
17.988789,424,0.400121272,,,,,
18.017805,425,0.40068543,,,,,
18.028863,427,0.414616406,,,,,
18.04957,428,0.41500473,,,,,
18.039343,431,0.419039637,,,,,
18.075307,433,0.41237551,,,,,
18.063928,434,0.414459825,,,,,
18.107771,435,0.416544765,,,,,
18.096791,436,0.415492028,,,,,
18.089588,438,0.418181032,,,,,
18.087687,439,0.407867312,,,,,
18.108443,440,0.399762929,,,,,
18.142228,442,0.398853272,,,,,
18.127449,443,0.391088367,,,,,
18.181111,447,0.401892364,,,,,
18.185311,449,0.394430339,,,,,
18.19466,450,0.396768332,,,,,
18.226989,452,0.396183342,,,,,
18.21579,455,0.394886851,,,,,
18.254217,458,0.39385131,,,,,
18.272469,459,0.390522778,,,,,
18.263894,461,0.387124836,,,,,
18.289917,463,0.389100522,,,,,
18.320213,466,0.389034003,,,,,
18.34016,468,0.383293629,,,,,
18.36243,469,0.388269991,,,,,
18.364058,470,0.38394025,,,,,
18.375202,472,0.386349887,,,,,
18.378127,473,0.387222588,,,,,
18.406271,474,0.387957126,,,,,
18.381255,476,0.384054005,,,,,
18.430184,478,0.385359556,,,,,
18.410019,479,0.384848416,,,,,
18.450278,481,0.384327829,,,,,
18.436433,483,0.385343611,,,,,
18.430063,484,0.381754309,,,,,
18.479418,487,0.377817333,,,,,
18.509752,488,0.381660312,,,,,
18.539312,490,0.380089879,,,,,
18.521095,491,0.380462468,,,,,
18.549983,494,0.37854591,,,,,
18.596325,496,0.379054874,,,,,
18.576712,497,0.378405422,,,,,
18.604793,498,0.379758149,,,,,
18.599749,499,0.37964198,,,,,
18.589331,500,0.380945146,,,,,
18.655356,502,0.37774694,,,,,
18.622082,503,0.378487289,,,,,
18.628429,505,0.382024854,,,,,
18.669271,507,0.382043392,,,,,
18.67539,509,0.380575478,,,,,
18.712007,511,0.380302101,,,,,
18.712931,513,0.383201361,,,,,
18.745027,514,0.379130185,,,,,
18.757364,517,0.381729156,,,,,
18.773224,518,0.380427927,,,,,
18.797877,519,0.379085213,,,,,
18.820897,521,0.378870398,,,,,
18.837603,523,0.379432738,,,,,
18.855782,525,0.376980096,,,,,
18.810541,526,0.376710117,,,,,
18.834061,528,0.374883205,Yes,,,,
18.864099,529,0.374389976,,,,,
18.899803,531,0.374403894,,,,,
18.920181,533,0.373039961,,,,,
18.910593,535,0.373585284,,,,,
18.909846,536,0.371221066,,,,,
18.93324,537,0.371737093,,,,,
18.969609,538,0.370304853,,,,,
18.963418,540,0.368332416,,,,,
18.994751,541,0.369277358,,,,,
19.019412,544,0.363364548,,,,,
19.044121,546,0.362994164,,,,,
19.012596,547,0.36439994,,,,,
19.030667,549,0.365956485,,,,,
19.062116,550,0.365561187,,,,,
19.097507,552,0.36392802,Yes,,,,
19.098481,553,0.366032124,,,,,
19.133889,555,0.365412861,,,,,
19.110758,556,0.365213186,,,,,
19.147638,557,0.363513798,,,,,
19.147638,558,0.361088514,,,,,
19.194299,560,0.362049222,,,,,
19.185721,562,0.364053547,,,,,
19.213362,565,0.362214804,,,,,
19.208577,567,0.360763788,,,,,
19.26456,568,0.363055915,,,,,
19.2699,569,0.35893181,,,,,
19.282773,570,0.356986016,,,,,
19.271474,572,0.364239752,,,,,
19.289484,573,0.360428423,,,,,
19.313706,574,0.3577407,,,,,
19.342937,577,0.35978508,,,,,
19.365759,578,0.357766688,,,,,
19.367831,580,0.355761468,,,,,
19.40327,582,0.358445197,,,,,
19.423745,585,0.360284567,,,,,
19.438888,586,0.354606539,,,,,
19.456039,588,0.359954506,,,,,
19.480303,589,0.361540616,,,,,
19.483025,591,0.371836245,,,,,
19.495241,592,0.372140139,,,,,
19.527651,593,0.371266842,,,,,
19.513294,594,0.369054526,,,,,
19.544761,595,0.370541394,,,,,
19.516338,596,0.373259842,,,,,
19.544337,597,0.373329729,,,,,
19.578215,599,0.371854097,,,,,
19.584107,600,0.373012573,Yes,,,,
19.60736,602,0.373200357,,,,,
19.604669,603,0.366475493,,,,,
19.662133,605,0.352272779,,,,,
19.616289,606,0.365908027,,,,,
19.651658,607,0.350069553,,,,,
19.691563,610,0.351906747,,,,,
19.706117,612,0.36532566,,,,,
19.741757,613,0.347858757,,,,,
19.756933,615,0.352386802,,,,,
19.772337,617,0.353008598,,,,,
19.790429,619,0.355615944,,,,,
19.821827,621,0.350010365,,,,,
19.80431,622,0.350585699,,,,,
19.814877,623,0.350723386,,,,,
19.834085,626,0.34961775,,,,,
19.879933,628,0.349779725,,,,,
19.924255,631,0.3510831,,,,,
19.924406,632,0.346200466,,,,,
19.942392,633,0.345644772,,,,,
19.96092,634,0.34762311,,,,,
19.96092,635,0.34686473,,,,,
20.002793,638,0.344255984,,,,,
20.025608,640,0.345253587,,,,,
20.049343,641,0.34455356,,,,,
20.078131,643,0.343052477,,,,,
20.099549,646,0.345136911,,,,,
20.132219,648,0.344620377,Yes,,,,
20.137076,650,0.343072534,,,,,
20.170538,652,0.342289627,,,,,
20.180573,653,0.340324372,,,,,
20.175067,654,0.342348158,,,,,
20.198675,655,0.342841059,,,,,
20.255586,659,0.343684614,,,,,
20.266364,660,0.340517581,,,,,
20.230714,661,0.342925191,,,,,
20.318885,662,0.338734001,,,,,
20.261811,663,0.342247307,,,,,
20.287722,665,0.34027651,,,,,
20.343999,666,0.339315623,,,,,
20.325581,667,0.336033493,,,,,
20.346338,669,0.339610934,,,,,
20.371999,672,0.337401182,Yes,,,,
20.426696,673,0.334506363,,,,,
20.420777,674,0.334511638,,,,,
20.435358,676,0.335434049,,,,,
20.454616,678,0.332433403,,,,,
20.474749,681,0.335572511,,,,,
20.505704,684,0.333151013,,,,,
20.51727,685,0.333118886,,,,,
20.555583,687,0.336421073,,,,,
20.586431,689,0.337235451,,,,,
20.60683,690,0.336086601,,,,,
20.638892,691,0.334866583,,,,,
20.666376,692,0.337900221,,,,,
20.654291,693,0.339696765,,,,,
20.663768,695,0.335228026,,,,,
20.69294,697,0.337141693,,,,,
20.699882,698,0.33481583,,,,,
20.711891,699,0.338321447,,,,,
20.748424,701,0.336953998,,,,,
20.747384,702,0.337011188,,,,,
20.770636,704,0.334668875,,,,,
20.815788,706,0.335809976,,,,,
20.814522,708,0.335742801,,,,,
20.819391,709,0.332840234,,,,,
20.884906,711,0.336818785,,,,,
20.875163,713,0.333750486,,,,,
20.91742,714,0.331709325,,,,,
20.879987,715,0.331937462,,,,,
20.899403,716,0.329939514,,,,,
20.955902,717,0.330269516,,,,,
20.980932,718,0.32911545,,,,,
20.975762,719,0.328611016,,,,,
20.994677,722,0.328180343,,,,,
21.046619,724,0.326852411,,,,,
21.054722,726,0.32714653,,,,,
21.069213,728,0.327553839,,,,,
21.089415,730,0.327119231,,,,,
21.116156,732,0.321206868,,,,,
21.136084,733,0.324855208,,,,,
21.178143,735,0.325181603,,,,,
21.19494,737,0.319526553,,,,,
21.206691,739,0.320034653,,,,,
21.262436,741,0.321481794,,,,,
21.256671,742,0.316314787,,,,,
21.279753,744,0.319478512,Yes,,,,
21.310202,746,0.31817919,,,,,
21.339509,747,0.319697052,,,,,
21.329008,748,0.318325609,,,,,
21.370086,749,0.318222523,,,,,
21.370086,750,0.31872496,,,,,
21.369142,752,0.318469137,,,,,
21.417118,753,0.318617165,,,,,
21.392533,754,0.316616237,,,,,
21.448457,756,0.3177647,,,,,
21.500846,758,0.317193657,,,,,
21.504419,760,0.317363322,,,,,
21.528199,761,0.315916926,,,,,
21.515274,762,0.316529036,,,,,
21.541658,764,0.316124916,,,,,
21.591508,765,0.314516425,,,,,
21.579541,767,0.31534341,,,,,
21.617171,768,0.314257026,Yes,,,,
21.627822,769,0.312622547,,,,,
21.627822,770,0.312451273,,,,,
21.652596,772,0.313080311,,,,,
21.652596,773,0.313442588,,,,,
21.675997,774,0.316337735,,,,,
21.668283,776,0.31310156,,,,,
21.706898,778,0.314690948,,,,,
21.778537,779,0.311913639,,,,,
21.762332,780,0.311758012,,,,,
21.793573,782,0.310316294,,,,,
21.793573,783,0.3102009,,,,,
21.850738,785,0.309679985,,,,,
21.865595,787,0.309775978,,,,,
21.879861,789,0.310030699,,,,,
21.919999,791,0.309004277,,,,,
21.934288,792,0.308921039,Yes,,,,
21.922927,793,0.305844039,,,,,
21.92228,794,0.301579267,,,,,
21.955716,795,0.304317564,,,,,
21.988828,797,0.317822158,,,,,
21.992202,798,0.319551706,,,,,
22.020921,800,0.320313692,,,,,
22.06861,802,0.320908248,,,,,
22.052836,803,0.31940037,,,,,
22.101439,805,0.32073161,,,,,
22.089761,806,0.319051087,,,,,
22.133524,808,0.321557492,,,,,
22.166775,811,0.319897205,,,,,
22.180831,812,0.299815565,,,,,
22.201161,813,0.300593317,,,,,
22.219655,814,0.316536814,,,,,
22.219806,816,0.314769983,Yes,,,,
22.245384,817,0.321758568,,,,,
22.236982,818,0.302019447,,,,,
22.344158,820,0.312031299,,,,,
22.293672,822,0.302227825,,,,,
22.321707,824,0.314245045,,,,,
22.368744,826,0.312983364,,,,,
22.35814,827,0.308870375,,,,,
22.418186,829,0.310328215,,,,,
22.469551,832,0.303220958,,,,,
22.491606,833,0.304020494,,,,,
22.516849,835,0.300336123,,,,,
22.512368,838,0.302721232,,,,,
22.548761,840,0.300937802,Yes,,,,
22.599641,841,0.301775515,,,,,
22.589363,844,0.293927401,,,,,
22.631498,846,0.293109745,,,,,
22.630657,847,0.29672575,,,,,
22.658866,848,0.298095822,,,,,
22.7156,851,0.297396928,,,,,
22.733209,853,0.293605745,,,,,
22.776918,856,0.293337911,,,,,
22.782733,857,0.291234165,,,,,
22.8069,858,0.296972781,,,,,
22.823784,859,0.291701883,,,,,
22.854139,861,0.292899877,,,,,
22.859144,862,0.291533947,,,,,
22.871668,863,0.291674048,,,,,
22.884793,864,0.29304117,Yes,,,,
22.912667,865,0.2916798,,,,,
22.926526,866,0.291122019,,,,,
22.942321,867,0.289118886,,,,,
22.936382,868,0.288874149,,,,,
22.955589,869,0.292983323,,,,,
22.999271,871,0.294962496,,,,,
22.983164,872,0.288443118,,,,,
23.049588,875,0.289888114,,,,,
23.049048,877,0.289489418,,,,,
23.027765,878,0.290038168,,,,,
23.110172,880,0.289772242,,,,,
23.099404,881,0.287721872,,,,,
23.190799,882,0.288363159,,,,,
23.190799,883,0.289608657,,,,,
23.152481,885,0.287875325,,,,,
23.173483,886,0.288561732,,,,,
23.200256,888,0.287326694,Yes,,,,
23.22724,889,0.28892687,,,,,
23.258754,891,0.288081765,,,,,
23.274908,893,0.283867508,,,,,
23.313398,894,0.284658611,,,,,
23.333823,895,0.285450906,,,,,
23.373542,897,0.279978842,,,,,
23.330765,898,0.282479465,,,,,
23.355299,899,0.281770766,,,,,
23.377977,902,0.278517276,,,,,
23.437737,904,0.278990775,,,,,
23.435789,905,0.281559199,,,,,
23.471592,907,0.280042768,,,,,
23.510285,910,0.277898938,,,,,
23.536369,913,0.277639777,,,,,
23.593103,915,0.279081523,,,,,
23.593103,916,0.277029693,,,,,
23.626971,918,0.278873861,,,,,
23.64454,920,0.279254526,,,,,
23.696322,922,0.278997153,,,,,
23.71869,924,0.281317055,,,,,
23.766257,925,0.279942393,,,,,
23.736136,926,0.280171484,,,,,
23.780027,928,0.277975023,,,,,
23.783044,929,0.281887323,,,,,
23.776128,930,0.280215323,,,,,
23.806991,933,0.278105348,,,,,
23.876885,935,0.276961178,,,,,
23.907097,937,0.279465199,,,,,
23.954571,939,0.279738903,,,,,
23.913304,940,0.27622354,,,,,
23.973867,942,0.278247535,,,,,
23.956779,943,0.276637286,,,,,
24.007658,945,0.276734054,,,,,
23.987931,946,0.276305765,,,,,
24.035022,947,0.276837558,,,,,
24.033495,948,0.277352929,,,,,
24.057229,949,0.276645929,,,,,
24.046932,950,0.273499906,,,,,
24.069577,951,0.273488909,,,,,
24.076965,952,0.277743459,,,,,
24.129876,953,0.275109142,,,,,
24.147701,954,0.275327295,,,,,
24.136868,956,0.276937515,,,,,
24.149858,957,0.271739692,,,,,
24.188671,959,0.270796806,,,,,
24.219683,961,0.271752715,,,,,
24.293711,964,0.270522267,,,,,
24.286752,965,0.271710604,,,,,
24.273059,967,0.271096021,,,,,
24.332937,970,0.266146898,,,,,
24.356806,972,0.270175189,,,,,
24.37618,973,0.267209351,,,,,
24.408904,975,0.268145502,,,,,
24.447052,976,0.265477449,,,,,
24.468572,978,0.263147831,,,,,
24.490309,979,0.265122145,,,,,
24.478272,981,0.262836218,,,,,
24.503415,982,0.265711635,,,,,
24.543655,984,0.262055993,Yes,,,,
24.543624,985,0.261473388,,,,,
24.550066,986,0.260944873,,,,,
24.631397,988,0.263779312,,,,,
24.629323,990,0.26066649,,,,,
24.653202,992,0.261223048,,,,,
24.66839,993,0.26089114,,,,,
24.682453,994,0.258177102,,,,,
24.684058,996,0.25992766,,,,,
24.678979,997,0.258642852,,,,,
24.744484,1000,0.258183152,,,,,
24.772599,1001,0.259131134,,,,,
24.742835,1002,0.259841979,,,,,
24.800162,1003,0.259164929,,,,,
24.825363,1004,0.259009004,,,,,
24.81316,1006,0.256780446,,,,,
24.842032,1007,0.257063508,,,,,
24.885322,1009,0.258442015,,,,,
24.9168,1011,0.255810291,,,,,
24.920085,1012,0.256136358,,,,,
24.920484,1014,0.257313639,,,,,
24.946365,1016,0.255441099,,,,,
24.959034,1017,0.254273862,,,,,
24.983708,1018,0.254438728,,,,,
25.012177,1020,0.254937261,,,,,
25.034976,1023,0.254749268,,,,,
25.086232,1025,0.250722796,,,,,
25.106243,1026,0.254653961,,,,,
25.146975,1029,0.252678871,,,,,
25.140278,1030,0.250831664,,,,,
25.165705,1031,0.250652343,,,,,
25.150108,1032,0.252190858,Yes,,,,
25.194506,1033,0.250033557,,,,,
25.210057,1035,0.249863073,,,,,
25.220254,1036,0.252954572,,,,,
25.237476,1039,0.252729386,,,,,
25.241938,1040,0.251342982,,,,,
25.295262,1041,0.25054735,,,,,
25.289727,1042,0.252180159,,,,,
25.319944,1043,0.247451529,,,,,
25.319944,1044,0.248911902,,,,,
25.323425,1045,0.247700006,,,,,
25.366521,1047,0.245849401,,,,,
25.393389,1048,0.245688289,,,,,
25.334361,1049,0.247994304,,,,,
25.418309,1051,0.247018278,,,,,
25.445373,1052,0.249918521,,,,,
25.44624,1054,0.248708502,,,,,
25.462688,1055,0.245550484,,,,,
25.491789,1057,0.247912929,,,,,
25.527119,1059,0.248120517,,,,,
25.523651,1060,0.246680513,,,,,
25.526214,1061,0.244033516,,,,,
25.55775,1063,0.244504482,,,,,
25.586409,1065,0.242872581,,,,,
25.624412,1067,0.241842657,,,,,
25.625622,1068,0.243609011,,,,,
25.634631,1070,0.237956315,,,,,
25.679719,1071,0.24281539,,,,,
25.707698,1073,0.239613131,,,,,
25.699188,1074,0.240759611,,,,,
25.732558,1076,0.252466857,,,,,
25.756675,1077,0.256502003,,,,,
25.777736,1078,0.253766,,,,,
25.802393,1079,0.252287746,,,,,
25.792034,1081,0.252166987,,,,,
25.810589,1082,0.238852307,,,,,
25.863463,1084,0.254423648,,,,,
25.860309,1085,0.250606984,,,,,
25.876425,1087,0.248343736,,,,,
25.885996,1089,0.236632541,,,,,
25.932488,1091,0.250802517,,,,,
25.995459,1093,0.255866468,,,,,
25.995459,1094,0.236718208,,,,,
25.958738,1095,0.246176973,,,,,
26.004854,1097,0.239941523,,,,,
26.008175,1098,0.24856858,,,,,
26.012941,1099,0.236155003,,,,,
26.022435,1100,0.24680762,,,,,
26.045459,1102,0.242812127,,,,,
26.095199,1103,0.241522878,,,,,
26.098251,1105,0.236870796,,,,,
26.144697,1107,0.240413606,,,,,
26.14337,1109,0.241350472,,,,,
26.15161,1110,0.236537471,,,,,
26.188958,1113,0.238020077,,,,,
26.206463,1114,0.2402239,,,,,
26.25481,1116,0.239205405,,,,,
26.253534,1117,0.235412091,,,,,
26.27273,1118,0.235919654,,,,,
26.28291,1120,0.235041782,,,,,
26.300462,1122,0.230823249,,,,,
26.313686,1123,0.234309331,,,,,
26.356986,1124,0.234502465,,,,,
26.383138,1126,0.232560158,,,,,
26.409457,1129,0.232844681,,,,,
26.383387,1131,0.232411519,,,,,
26.473411,1133,0.231252447,,,,,
26.474662,1135,0.231883362,,,,,
26.492506,1137,0.232201681,,,,,
26.530095,1139,0.228980258,,,,,
26.478091,1140,0.2284026,,,,,
26.526635,1142,0.227725729,,,,,
26.568589,1144,0.228967026,,,,,
26.558303,1145,0.226144016,,,,,
26.58702,1147,0.228662282,,,,,
26.58702,1148,0.227523789,,,,,
26.618778,1150,0.225109115,,,,,
26.635235,1151,0.227333292,,,,,
26.672172,1153,0.22778517,,,,,
26.673964,1154,0.226083159,,,,,
26.716005,1156,0.226589516,,,,,
26.716005,1157,0.227697521,,,,,
26.709604,1159,0.227454603,,,,,
26.742312,1160,0.224900514,,,,,
26.759548,1161,0.226430684,,,,,
26.759548,1162,0.225129232,,,,,
26.762497,1163,0.223963365,,,,,
26.780914,1165,0.226153612,,,,,
26.833208,1166,0.226066083,,,,,
26.846492,1169,0.221694827,,,,,
26.887734,1172,0.222066999,,,,,
26.886957,1174,0.222128779,,,,,
26.907851,1176,0.22265242,Yes,,,,
26.907851,1177,0.22317946,,,,,
26.96835,1178,0.221846223,,,,,
26.991422,1179,0.223987863,,,,,
26.979547,1180,0.220991075,,,,,
26.977856,1181,0.220181987,,,,,
26.987138,1184,0.220166251,,,,,
27.03885,1186,0.220980004,,,,,
27.051022,1187,0.216833785,,,,,
27.083221,1189,0.218398199,,,,,
27.081531,1190,0.219173044,,,,,
27.067743,1191,0.218393922,,,,,
27.103963,1193,0.216481954,,,,,
27.123275,1194,0.216936931,,,,,
27.150778,1195,0.218462497,,,,,
27.116239,1196,0.21862717,,,,,
27.187582,1198,0.216756225,,,,,
27.20387,1199,0.215756267,,,,,
27.20387,1200,0.216914266,Yes,,,,
27.207337,1201,0.218653202,,,,,
27.189893,1202,0.217588633,,,,,
27.225004,1204,0.215348348,,,,,
27.270651,1205,0.213736296,,,,,
27.266388,1207,0.213447049,,,,,
27.266829,1208,0.215258077,,,,,
27.3025,1210,0.214587122,,,,,
27.320847,1213,0.213456616,,,,,
27.329806,1215,0.213460416,,,,,
27.342852,1217,0.212206826,,,,,
27.390923,1219,0.215224728,,,,,
27.410813,1220,0.215591446,,,,,
27.420795,1222,0.214414716,,,,,
27.453802,1224,0.213996962,Yes,,,,
27.464671,1227,0.217753872,,,,,
27.511251,1229,0.214065611,,,,,
27.482204,1230,0.215866461,,,,,
27.527876,1231,0.214868799,,,,,
27.542538,1232,0.21298334,,,,,
27.553983,1233,0.212769374,,,,,
27.569631,1235,0.212851256,,,,,
27.549779,1236,0.214185,,,,,
27.549779,1237,0.215202794,,,,,
27.616772,1240,0.212926358,,,,,
27.61504,1242,0.212597907,,,,,
27.648959,1243,0.214041412,,,,,
27.671607,1245,0.212438464,,,,,
27.697477,1247,0.21213755,,,,,
27.693112,1248,0.211944789,Yes,,,,
27.698749,1249,0.211670384,,,,,
27.718676,1250,0.212520033,,,,,
27.759993,1251,0.210965127,,,,,
27.765014,1252,0.211687118,,,,,
27.773524,1254,0.209374219,,,,,
27.786584,1255,0.211976111,,,,,
27.796682,1257,0.20982483,,,,,
27.811994,1258,0.209074631,,,,,
27.828658,1260,0.207774341,,,,,
27.824251,1261,0.209727734,,,,,
27.852036,1262,0.209455729,,,,,
27.843615,1263,0.209270865,,,,,
27.889823,1266,0.211045966,,,,,
27.895433,1267,0.206987277,,,,,
27.90842,1268,0.206120074,,,,,
27.915755,1271,0.203208804,,,,,
27.951421,1273,0.20541127,,,,,
27.976655,1276,0.203580275,,,,,
27.999747,1278,0.205600321,,,,,
27.990621,1280,0.202140346,,,,,
28.037255,1281,0.203812063,,,,,
28.0337,1282,0.200201958,,,,,
28.051703,1283,0.202852681,,,,,
28.05156,1284,0.202030569,,,,,
28.047255,1285,0.202312484,,,,,
28.097234,1286,0.201392278,,,,,
28.071014,1289,0.202048674,,,,,
28.119185,1291,0.198924407,,,,,
28.124569,1292,0.201328695,,,,,
28.167103,1295,0.198815942,,,,,
28.212573,1297,0.197198555,,,,,
28.227165,1299,0.195659936,,,,,
28.20871,1301,0.198627725,,,,,
28.251671,1302,0.196890548,,,,,
28.228275,1303,0.197761491,,,,,
28.255305,1305,0.192984596,,,,,
28.312708,1308,0.197913393,,,,,
28.292936,1309,0.193841472,,,,,
28.317737,1311,0.19539839,,,,,
28.361376,1313,0.194894493,,,,,
28.351246,1314,0.198109463,,,,,
28.369795,1316,0.194607645,,,,,
28.38042,1317,0.196008205,,,,,
28.403747,1318,0.194615915,,,,,
28.409989,1319,0.195076466,,,,,
28.414198,1320,0.197362453,Yes,,,,
28.424557,1321,0.193266273,,,,,
28.451278,1323,0.193376035,,,,,
28.49938,1325,0.195115492,,,,,
28.498357,1327,0.19697544,,,,,
28.504648,1328,0.191323802,,,,,
28.480118,1329,0.193921804,,,,,
28.533088,1331,0.193038821,,,,,
28.536149,1333,0.194818437,,,,,
28.542929,1334,0.193982586,,,,,
28.556879,1337,0.192124829,,,,,
28.591574,1340,0.191947788,,,,,
28.634742,1341,0.191901073,,,,,
28.623106,1343,0.191003695,,,,,
28.636099,1344,0.192115918,Yes,,,,
28.637933,1345,0.191321522,,,,,
28.663813,1346,0.191531122,,,,,
28.679004,1347,0.190077007,,,,,
28.689059,1349,0.190394834,,,,,
28.702143,1351,0.188754842,,,,,
28.722493,1352,0.189204991,,,,,
28.752382,1354,0.189572677,,,,,
28.733823,1355,0.189731047,,,,,
28.754885,1357,0.18646051,,,,,
28.765012,1359,0.188083336,,,,,
28.835769,1361,0.186459482,,,,,
28.818806,1362,0.184432596,,,,,
28.831843,1364,0.186084986,,,,,
28.858028,1366,0.185158655,,,,,
28.881009,1367,0.186498687,,,,,
28.895847,1368,0.185134709,Yes,,,,
28.875981,1370,0.184114039,,,,,
28.912969,1372,0.186684266,,,,,
28.912486,1373,0.187684238,,,,,
28.926178,1374,0.183214545,,,,,
28.945094,1375,0.183963686,,,,,
28.939769,1377,0.183609039,,,,,
28.971595,1378,0.182889432,,,,,
28.973799,1379,0.184695065,,,,,
28.973799,1380,0.182706773,,,,,
29.001177,1382,0.183896869,,,,,
29.016184,1383,0.182716355,,,,,
29.035295,1384,0.182627291,,,,,
29.035295,1385,0.185100809,,,,,
29.045789,1387,0.181369409,,,,,
29.084082,1389,0.186330929,,,,,
29.09073,1391,0.182380214,,,,,
29.115781,1394,0.182049349,,,,,
29.117025,1395,0.18635872,,,,,
29.155195,1397,0.188983575,,,,,
29.168762,1400,0.17745842,,,,,
29.158457,1401,0.177198812,,,,,
29.199508,1404,0.190760031,,,,,
29.212009,1405,0.191374928,,,,,
29.203735,1406,0.190291509,,,,,
29.20975,1407,0.185993463,,,,,
29.302543,1410,0.187389866,,,,,
29.252474,1411,0.186376214,,,,,
29.282422,1413,0.188712791,,,,,
29.284143,1416,0.185983092,Yes,,,,
29.330448,1418,0.191587493,,,,,
29.352312,1420,0.176262096,,,,,
29.388675,1422,0.174889907,,,,,
29.366801,1423,0.187739521,,,,,
29.367977,1424,0.18711561,,,,,
29.397121,1427,0.175378159,,,,,
29.408107,1430,0.185239792,,,,,
29.406035,1431,0.184427291,,,,,
29.439692,1433,0.184992597,,,,,
29.443675,1434,0.179170445,,,,,
29.478832,1435,0.184158176,,,,,
29.477688,1437,0.175074652,,,,,
29.507282,1439,0.173394427,,,,,
29.549299,1440,0.180051863,Yes,,,,
29.527382,1442,0.183070421,,,,,
29.531823,1443,0.173606589,,,,,
29.530604,1444,0.179927439,,,,,
29.585976,1446,0.177412659,,,,,
29.576534,1448,0.173091725,,,,,
29.601089,1449,0.179656982,,,,,
29.594911,1450,0.176547527,,,,,
29.595548,1451,0.178807974,,,,,
29.622495,1453,0.17532374,,,,,
29.679581,1455,0.175582111,,,,,
29.680954,1456,0.177193955,,,,,
29.683229,1458,0.173307374,,,,,
29.693214,1460,0.173323423,,,,,
29.755366,1461,0.172978669,,,,,
29.7337,1464,0.171695724,Yes,,,,
29.755985,1466,0.172358975,,,,,
29.772433,1467,0.170876846,,,,,
29.792151,1469,0.170649126,,,,,
29.803135,1472,0.171410531,,,,,
29.841708,1473,0.171071097,,,,,
29.874815,1475,0.171069861,,,,,
29.880111,1477,0.170309901,,,,,
29.84504,1479,0.172261357,,,,,
29.911906,1480,0.169202119,,,,,
29.939058,1483,0.17065081,,,,,
29.946727,1485,0.166566685,,,,,
29.90472,1486,0.170496583,,,,,
29.952312,1488,0.167297632,Yes,,,,
29.983349,1490,0.166758329,,,,,
30.029296,1493,0.165004447,,,,,
30.036444,1494,0.165292889,,,,,
30.030619,1496,0.165118158,,,,,
30.061569,1497,0.166655123,,,,,
30.089077,1498,0.165154547,,,,,
30.072189,1501,0.167053491,,,,,
30.090474,1502,0.167476699,,,,,
30.114132,1504,0.167829871,,,,,
30.163433,1506,0.164749906,,,,,
30.149561,1507,0.164131969,,,,,
30.185334,1509,0.165293068,,,,,
30.212156,1511,0.162702933,,,,,
30.190602,1512,0.162123278,Yes,,,,
30.183049,1513,0.164216965,,,,,
30.245577,1515,0.164138988,,,,,
30.253185,1516,0.1637602,,,,,
30.243126,1519,0.163132697,,,,,
30.302114,1520,0.163458332,,,,,
30.310555,1522,0.163679808,,,,,
30.334486,1524,0.163319066,,,,,
30.359108,1527,0.162604794,,,,,
30.348681,1528,0.161965013,,,,,
30.398859,1530,0.163859353,,,,,
30.398859,1531,0.161312595,,,,,
30.399767,1532,0.161374569,,,,,
30.422626,1534,0.161134973,,,,,
30.461298,1536,0.161052555,Yes,,,,
30.485642,1537,0.159637615,,,,,
30.481111,1538,0.160183817,,,,,
30.487129,1539,0.162820116,,,,,
30.497881,1542,0.16240944,,,,,
30.526821,1543,0.162281156,,,,,
30.501319,1545,0.160865173,,,,,
30.579863,1547,0.157836944,,,,,
30.57592,1549,0.160454094,,,,,
30.582918,1551,0.15815717,,,,,
30.617875,1553,0.160174489,,,,,
30.628402,1554,0.159700349,,,,,
30.655433,1556,0.160435766,,,,,
30.67899,1557,0.15914698,,,,,
30.664214,1559,0.154966831,,,,,
30.739443,1561,0.157389134,,,,,
30.775776,1563,0.157092735,,,,,
30.741177,1564,0.155252859,,,,,
30.779293,1565,0.15758653,,,,,
30.772792,1566,0.156514987,,,,,
30.801912,1568,0.157567367,,,,,
30.80111,1569,0.157593116,,,,,
30.846955,1571,0.154916316,,,,,
30.803264,1572,0.155798256,,,,,
30.857163,1573,0.154601947,,,,,
30.872797,1575,0.156513467,,,,,
30.882955,1576,0.155556232,,,,,
30.925986,1578,0.153862745,,,,,
30.908764,1580,0.154323399,,,,,
30.949197,1583,0.153778195,,,,,
31.001064,1585,0.152052194,,,,,
31.067802,1587,0.155216709,,,,,
31.04072,1590,0.153217912,,,,,
31.077327,1592,0.155532375,,,,,
31.077327,1593,0.153968453,,,,,
31.095044,1595,0.15403764,,,,,
31.120447,1597,0.153079212,,,,,
31.1716,1600,0.155434251,,,,,
31.201158,1601,0.15463014,,,,,
31.212812,1603,0.152121887,,,,,
31.233562,1606,0.154521316,,,,,
31.27514,1608,0.155062571,Yes,,,,
31.246171,1609,0.15349716,,,,,
31.290464,1610,0.154766157,,,,,
31.311119,1613,0.154095963,,,,,
31.314212,1615,0.153538182,,,,,
31.346609,1616,0.151425377,,,,,
31.365388,1618,0.154282108,,,,,
31.384265,1619,0.153355926,,,,,
31.387591,1620,0.151203856,,,,,
31.420963,1622,0.154031709,,,,,
31.437768,1623,0.152579188,,,,,
31.43417,1624,0.153198987,,,,,
31.439524,1627,0.152188629,,,,,
31.505806,1628,0.153818876,,,,,
31.489737,1630,0.153009027,,,,,
31.527012,1631,0.150333539,,,,,
31.535961,1633,0.153001741,,,,,
31.611172,1635,0.153454885,,,,,
31.567087,1637,0.151532292,,,,,
31.602428,1639,0.152102977,,,,,
31.685996,1642,0.15117988,,,,,
31.693409,1644,0.152970955,,,,,
31.704565,1645,0.150955185,,,,,
31.706708,1647,0.151347175,,,,,
31.714145,1648,0.149812624,,,,,
31.751692,1649,0.151586562,,,,,
31.766589,1651,0.148749322,,,,,
31.764693,1652,0.150796801,,,,,
31.792855,1653,0.148852557,,,,,
31.812639,1655,0.147590861,,,,,
31.83497,1656,0.149777785,Yes,,,,
31.855355,1657,0.148652822,,,,,
31.874699,1659,0.1465846,,,,,
31.8746,1660,0.147412911,,,,,
31.885555,1661,0.148172543,,,,,
31.903901,1662,0.147591591,,,,,
31.948307,1665,0.145869494,,,,,
31.945033,1666,0.148988962,,,,,
31.973308,1667,0.147367403,,,,,
32.000123,1668,0.145056382,,,,,
32.000123,1669,0.146532044,,,,,
32.015351,1670,0.148205176,,,,,
32.034154,1672,0.14642033,,,,,
32.073448,1673,0.145350069,,,,,
32.073448,1674,0.144952133,,,,,
32.085542,1676,0.143488348,,,,,
32.138746,1678,0.145467609,,,,,
32.148145,1680,0.144077465,Yes,,,,
32.186391,1682,0.145616502,,,,,
32.196975,1683,0.145614982,,,,,
32.207105,1684,0.141843051,,,,,
32.199165,1686,0.143195376,,,,,
32.21769,1687,0.141805649,,,,,
32.265971,1688,0.144367814,,,,,
32.273671,1691,0.142225102,,,,,
32.273653,1693,0.142703116,,,,,
32.349161,1695,0.144615784,,,,,
32.330962,1697,0.14239049,,,,,
32.380426,1698,0.142504975,,,,,
32.427389,1700,0.141344219,,,,,
32.427389,1701,0.142000422,,,,,
32.414042,1702,0.141447306,,,,,
32.414042,1703,0.143169895,,,,,
32.506881,1705,0.140991047,,,,,
32.480826,1707,0.139883399,,,,,
32.464303,1708,0.140074313,,,,,
32.505455,1710,0.141539097,,,,,
32.531878,1711,0.139621526,,,,,
32.57426,1712,0.139854044,,,,,
32.57426,1713,0.140318483,,,,,
32.589379,1715,0.138926581,,,,,
32.612571,1717,0.137146488,,,,,
32.618003,1718,0.138631403,,,,,
32.630576,1719,0.139236122,,,,,
32.660046,1721,0.137669623,,,,,
32.685975,1722,0.139086187,,,,,
32.695751,1723,0.138434574,,,,,
32.689299,1724,0.138377115,,,,,
32.730162,1725,0.139488459,,,,,
32.742486,1728,0.139628455,Yes,,,,
32.774524,1729,0.13688831,,,,,
32.809587,1730,0.139849141,,,,,
32.816522,1732,0.140471369,,,,,
32.865089,1735,0.137182549,,,,,
32.913436,1737,0.13860327,,,,,
32.8946,1738,0.137939394,,,,,
32.922483,1740,0.137095511,,,,,
32.937049,1741,0.137138918,,,,,
32.987857,1743,0.136973426,,,,,
33.028315,1745,0.137992382,,,,,
32.998548,1746,0.139368802,,,,,
33.029598,1747,0.136884198,,,,,
33.030526,1748,0.137418985,,,,,
33.03809,1749,0.137669444,,,,,
33.100005,1751,0.136951968,,,,,
33.11251,1753,0.138640985,,,,,
33.122203,1754,0.135764808,,,,,
33.160618,1757,0.136755958,,,,,
33.180322,1758,0.135176987,,,,,
33.19655,1760,0.134844616,,,,,
33.213367,1761,0.135227978,,,,,
33.248209,1764,0.136629328,,,,,
33.26136,1765,0.136478066,,,,,
33.315504,1767,0.135979831,,,,,
33.309018,1769,0.135940746,,,,,
33.355934,1770,0.135872141,,,,,
33.349548,1772,0.136373699,,,,,
33.40273,1773,0.136299104,,,,,
33.414595,1774,0.133532256,,,,,
33.38379,1775,0.132963374,,,,,
33.444551,1777,0.135142967,,,,,
33.457335,1778,0.134829864,,,,,
33.463127,1779,0.13294819,,,,,
33.456858,1780,0.135025516,,,,,
33.518407,1782,0.133873493,,,,,
33.530564,1784,0.13385725,,,,,
33.56664,1786,0.132672191,,,,,
33.586493,1787,0.133756355,,,,,
33.605621,1789,0.132335663,,,,,
33.615838,1790,0.133598909,,,,,
33.636148,1792,0.132858768,,,,,
33.648615,1793,0.133163616,,,,,
33.677423,1795,0.131891638,,,,,
33.687803,1796,0.133555219,,,,,
33.721207,1797,0.13282758,,,,,
33.726873,1798,0.132721454,,,,,
33.759692,1800,0.132932127,Yes,,,,
33.758122,1802,0.12932682,,,,,
33.823624,1804,0.130872175,,,,,
33.835994,1805,0.132990003,,,,,
33.833524,1806,0.133087859,,,,,
33.820241,1807,0.132176027,,,,,
33.869511,1809,0.132273778,,,,,
33.890829,1812,0.131363988,,,,,
33.911612,1813,0.130459368,,,,,
33.936868,1814,0.129848689,,,,,
33.968293,1816,0.130764946,,,,,
34.023137,1819,0.131995082,,,,,
34.00734,1820,0.132292196,,,,,
34.024228,1821,0.1322577,,,,,
34.072307,1823,0.129959956,,,,,
34.076253,1824,0.130608261,Yes,,,,
34.121552,1826,0.130583614,,,,,
34.125343,1827,0.130303204,,,,,
34.146969,1829,0.128933907,,,,,
34.179177,1831,0.129245952,,,,,
34.192671,1833,0.128137052,,,,,
34.181046,1834,0.132675499,,,,,
34.254356,1835,0.130777508,,,,,
34.254619,1837,0.130535126,,,,,
34.300416,1839,0.131489411,,,,,
34.310275,1840,0.132358372,,,,,
34.294281,1841,0.132365152,,,,,
34.356356,1843,0.136651769,,,,,
34.357733,1845,0.132516041,,,,,
34.357733,1846,0.125644416,,,,,
34.389591,1848,0.138151795,Yes,,,,
34.388312,1849,0.136514962,,,,,
34.450571,1850,0.135218978,,,,,
34.450571,1851,0.135225445,,,,,
34.465099,1853,0.137358174,,,,,
34.521092,1855,0.138043001,,,,,
34.518748,1856,0.137385026,,,,,
34.523437,1857,0.137303278,,,,,
34.548227,1858,0.135465801,,,,,
34.537938,1859,0.137214929,,,,,
34.560817,1860,0.136871323,,,,,
34.58563,1861,0.138008222,,,,,
34.598973,1863,0.13586022,,,,,
34.612908,1864,0.137823194,,,,,
34.643207,1865,0.135486096,,,,,
34.64415,1867,0.136420161,,,,,
34.64415,1868,0.137575269,,,,,
34.691961,1869,0.135259405,,,,,
34.711547,1871,0.135588482,,,,,
34.743242,1873,0.13687402,,,,,
34.754836,1875,0.135310724,,,,,
34.768266,1877,0.126575261,,,,,
34.788914,1879,0.134864897,,,,,
34.867277,1881,0.135222256,,,,,
34.893597,1883,0.134845927,,,,,
34.910381,1886,0.123663053,,,,,
34.969772,1888,0.136372462,,,,,
34.97557,1890,0.134977594,,,,,
35.01683,1892,0.135624066,,,,,
35.065393,1893,0.135340452,,,,,
35.033725,1894,0.134577364,,,,,
35.113695,1897,0.123752534,,,,,
35.124748,1899,0.126061529,,,,,
35.120499,1901,0.136348784,,,,,
35.131822,1902,0.126242444,,,,,
35.172274,1904,0.134676814,,,,,
35.22304,1906,0.126143515,,,,,
35.223768,1907,0.131307244,,,,,
35.244379,1908,0.1252404,,,,,
35.24708,1910,0.124466419,,,,,
35.290078,1911,0.135009691,,,,,
35.28894,1913,0.123249672,,,,,
35.342262,1914,0.130778313,,,,,
35.35592,1916,0.130665481,,,,,
35.391282,1918,0.123996683,,,,,
35.412673,1920,0.127422109,Yes,,,,
35.465303,1923,0.131921277,,,,,
35.457782,1924,0.128482997,,,,,
35.474547,1925,0.13069202,,,,,
35.519644,1926,0.130562499,,,,,
35.500352,1927,0.128495678,,,,,
35.54687,1928,0.125240848,,,,,
35.579805,1929,0.132712528,,,,,
35.549863,1930,0.125151604,,,,,
35.603656,1931,0.12603803,,,,,
35.633913,1933,0.127064124,,,,,
35.633913,1934,0.125126958,,,,,
35.652266,1936,0.123871788,,,,,
35.640717,1937,0.126451761,,,,,
35.700143,1939,0.126652733,,,,,
35.703373,1940,0.125415891,,,,,
35.724422,1941,0.125691325,,,,,
35.733704,1942,0.128499255,,,,,
35.754238,1943,0.12775065,,,,,
35.778221,1944,0.125479296,Yes,,,,
35.787141,1945,0.12656112,,,,,
35.803968,1948,0.12453083,,,,,
35.873013,1951,0.127247855,,,,,
35.88001,1952,0.125914007,,,,,
35.89784,1953,0.125703082,,,,,
35.921816,1956,0.124553897,,,,,
35.958468,1958,0.125653222,,,,,
35.955868,1959,0.123800762,,,,,
35.997783,1960,0.122965433,,,,,
36.0088,1962,0.12541838,,,,,
36.0414,1964,0.122173823,,,,,
36.046965,1965,0.123945817,,,,,
36.05405,1967,0.125167415,,,,,
36.084139,1969,0.123629607,,,,,
36.132963,1971,0.124242306,,,,,
36.128827,1972,0.123641439,,,,,
36.18723,1974,0.122288726,,,,,
36.194788,1975,0.122406378,,,,,
36.206324,1977,0.121723965,,,,,
36.234703,1979,0.124172568,,,,,
36.252087,1980,0.123188473,,,,,
36.293502,1981,0.122811265,,,,,
36.299424,1982,0.123613469,,,,,
36.298712,1984,0.124031223,,,,,
36.333035,1985,0.120879553,,,,,
36.341994,1986,0.124769338,,,,,
36.364029,1988,0.120869771,,,,,
36.402837,1990,0.119246468,,,,,
36.40371,1992,0.123395607,Yes,,,,
36.427515,1993,0.1238323,,,,,
36.452282,1994,0.12146695,,,,,
36.480829,1995,0.121692821,,,,,
36.488895,1997,0.120299712,,,,,
36.522305,1999,0.121284418,,,,,
36.54163,2000,0.120559245,,,,,
36.557157,2002,0.122373298,,,,,
36.552707,2004,0.119533867,,,,,
36.610146,2005,0.120571747,,,,,
36.608799,2006,0.119235188,,,,,
36.626268,2007,0.122371584,,,,,
36.634192,2009,0.122676991,,,,,
36.666221,2012,0.120462559,,,,,
36.686747,2014,0.122732408,,,,,
36.721026,2015,0.122043073,,,,,
36.738303,2016,0.121848308,Yes,,,,
36.78605,2018,0.121366434,,,,,
36.799888,2021,0.124675818,,,,,
36.790993,2022,0.121552013,,,,,
36.873778,2025,0.120763995,,,,,
36.857623,2026,0.121128857,,,,,
36.895039,2027,0.123917095,,,,,
36.868808,2028,0.120478988,,,,,
36.931138,2030,0.122778364,,,,,
36.923249,2031,0.119915031,,,,,
36.971827,2033,0.12118391,,,,,
37.012871,2035,0.119686574,,,,,
36.998188,2036,0.121349834,,,,,
37.051391,2039,0.120187447,,,,,
37.051757,2040,0.119664371,Yes,,,,
37.085701,2041,0.121027738,,,,,
37.08371,2042,0.119876444,,,,,
37.113158,2044,0.122104757,,,,,
37.106667,2045,0.122797556,,,,,
37.142342,2047,0.12107344,,,,,
37.143573,2048,0.120327815,,,,,
37.174167,2050,0.121725842,,,,,
37.203682,2051,0.122151874,,,,,
37.219043,2052,0.118846789,,,,,
37.219147,2054,0.121014126,,,,,
37.26031,2055,0.121216178,,,,,
37.291818,2057,0.121007353,,,,,
37.300181,2060,0.122324102,,,,,
37.359317,2062,0.121351443,,,,,
37.329745,2063,0.122377999,,,,,
37.387264,2066,0.120435059,,,,,
37.393727,2068,0.122786395,,,,,
37.428894,2069,0.117984787,,,,,
37.450156,2070,0.120398201,,,,,
37.477397,2073,0.120128222,,,,,
37.494818,2076,0.12019328,,,,,
37.511775,2078,0.120082416,,,,,
37.536422,2079,0.118801393,,,,,
37.558372,2080,0.119363189,,,,,
37.609885,2083,0.118085071,,,,,
37.582275,2085,0.117808536,,,,,
37.625428,2086,0.119044475,,,,,
37.641509,2087,0.121099539,,,,,
37.675778,2088,0.118325196,Yes,,,,
37.685291,2090,0.116599374,,,,,
37.720364,2092,0.118326694,,,,,
37.717391,2093,0.120225921,,,,,
37.720274,2094,0.120152116,,,,,
37.712934,2095,0.118687749,,,,,
37.75439,2096,0.118789651,,,,,
37.742988,2097,0.118114591,,,,,
37.76198,2099,0.120409712,,,,,
37.805379,2100,0.117925383,,,,,
37.813114,2102,0.118196011,,,,,
37.848895,2103,0.119275764,,,,,
37.857517,2104,0.117906638,,,,,
37.866612,2107,0.116502918,,,,,
37.89103,2110,0.117654011,,,,,
37.944617,2112,0.118908875,Yes,,,,
37.946538,2113,0.119590014,,,,,
37.9774,2114,0.11896348,,,,,
37.98944,2115,0.118880451,,,,,
38.008781,2117,0.118639134,,,,,
38.01176,2118,0.118570052,,,,,
38.037214,2120,0.116909728,,,,,
38.053272,2122,0.119156711,,,,,
38.086137,2124,0.11872194,,,,,
38.067287,2125,0.117474064,,,,,
38.126463,2127,0.117480815,,,,,
38.098116,2128,0.118193902,,,,,
38.143764,2129,0.117952995,,,,,
38.153317,2130,0.117474333,,,,,
38.153317,2131,0.11743132,,,,,
38.188023,2133,0.118746333,,,,,
38.204386,2134,0.118145272,,,,,
38.178429,2135,0.11800918,,,,,
38.192197,2137,0.118318327,,,,,
38.218056,2138,0.117589772,,,,,
38.235492,2139,0.117654964,,,,,
38.252472,2141,0.118936822,,,,,
38.310194,2142,0.119010598,,,,,
38.324414,2143,0.118800983,,,,,
38.353812,2146,0.11998795,,,,,
38.385347,2150,0.118617021,,,,,
38.386405,2152,0.120410636,,,,,
38.421338,2153,0.12273176,,,,,
38.467029,2155,0.121129371,,,,,
38.457691,2157,0.120563515,,,,,
38.471736,2158,0.120626085,,,,,
38.498053,2159,0.123480119,,,,,
38.517447,2161,0.121064887,,,,,
38.541102,2162,0.121594206,,,,,
38.553021,2163,0.120997019,,,,,
38.562323,2166,0.119817361,,,,,
38.587797,2167,0.120066948,,,,,
38.615522,2169,0.121010229,,,,,
38.651836,2171,0.12119928,,,,,
38.651836,2172,0.122370862,,,,,
38.647454,2175,0.122133285,,,,,
38.649755,2176,0.122659996,,,,,
38.69605,2178,0.121544957,,,,,
38.698139,2179,0.121760927,,,,,
38.687196,2181,0.120215952,,,,,
38.772292,2182,0.122069165,,,,,
38.758978,2184,0.121255398,Yes,,,,
38.758978,2185,0.125274837,,,,,
38.796762,2188,0.122109212,,,,,
38.815925,2189,0.122435339,,,,,
38.82007,2190,0.121457189,,,,,
38.861702,2192,0.121531494,,,,,
38.879091,2193,0.123699606,,,,,
38.866666,2195,0.121549167,,,,,
38.910902,2196,0.12074396,,,,,
38.887581,2197,0.120959468,,,,,
38.921399,2198,0.122134589,,,,,
38.934042,2199,0.123187579,,,,,
38.966475,2202,0.120731488,,,,,
39.00642,2204,0.120576292,,,,,
39.001805,2205,0.120388813,,,,,
38.991008,2207,0.121644244,,,,,
39.037654,2210,0.122629747,,,,,
39.078146,2212,0.123135023,,,,,
39.069333,2213,0.121487528,,,,,
39.106298,2215,0.121373385,,,,,
39.13712,2217,0.121712208,,,,,
39.152899,2219,0.123577133,,,,,
39.138394,2221,0.120142251,,,,,
39.189004,2223,0.12084543,,,,,
39.189004,2224,0.123465739,,,,,
39.199488,2226,0.123394676,,,,,
39.228713,2227,0.121059924,,,,,
39.256743,2229,0.121510707,,,,,
39.259308,2231,0.121692136,,,,,
39.293222,2233,0.124221973,,,,,
39.2988,2234,0.12073388,,,,,
39.321946,2236,0.120799787,,,,,
39.327954,2237,0.121593311,,,,,
39.329512,2238,0.123826377,,,,,
39.362391,2239,0.122443713,,,,,
39.391565,2243,0.12075001,,,,,
39.419415,2245,0.12256404,,,,,
39.439374,2247,0.122493401,,,,,
39.43801,2248,0.12192443,,,,,
39.449998,2249,0.122319333,,,,,
39.463374,2251,0.120865092,,,,,
39.472034,2252,0.122297786,,,,,
39.492469,2253,0.122992992,,,,,
39.492469,2254,0.121340759,,,,,
39.496966,2255,0.120520227,,,,,
39.54849,2257,0.122824587,,,,,
39.543426,2258,0.120529145,,,,,
39.543426,2259,0.121421687,,,,,
39.562942,2261,0.117791526,,,,,
39.610183,2262,0.121278293,,,,,
39.587633,2263,0.121215805,,,,,
39.616787,2266,0.119811498,,,,,
39.640536,2267,0.121152535,,,,,
39.641379,2268,0.11970219,,,,,
39.650847,2269,0.119954236,,,,,
39.659244,2271,0.117886804,,,,,
39.698485,2274,0.120664664,,,,,
39.721402,2277,0.120120503,,,,,
39.746605,2278,0.118671551,,,,,
39.739458,2280,0.11931099,Yes,,,,
39.757344,2282,0.120190725,,,,,
39.8049,2285,0.119969115,,,,,
39.816158,2286,0.119515188,,,,,
39.850918,2288,0.117842287,,,,,
39.866148,2289,0.117713824,,,,,
39.87901,2291,0.119412772,,,,,
39.891976,2293,0.120363265,,,,,
39.928589,2295,0.120315626,,,,,
39.911551,2296,0.119811088,,,,,
39.944108,2298,0.120221995,,,,,
39.940548,2299,0.120286696,,,,,
39.960461,2302,0.11750979,,,,,
40.010122,2304,0.119462289,Yes,,,,
40.012749,2305,0.119030684,,,,,
40.007811,2307,0.121103235,,,,,
40.029028,2308,0.119663522,,,,,
40.047933,2310,0.11939089,,,,,
40.062938,2312,0.118047088,,,,,
40.083706,2314,0.118591175,,,,,
40.066099,2315,0.118624844,,,,,
40.10684,2316,0.120031424,,,,,
40.107124,2317,0.118518151,,,,,
40.143964,2318,0.118474759,,,,,
40.162581,2321,0.11929556,,,,,
40.161819,2322,0.119300395,,,,,
40.18268,2324,0.11645025,,,,,
40.192616,2327,0.119349353,,,,,
40.213233,2328,0.118087009,Yes,,,,
40.25222,2330,0.119033337,,,,,
40.231872,2331,0.118100055,,,,,
40.248282,2333,0.119582683,,,,,
40.22354,2334,0.118764304,,,,,
40.282177,2335,0.117223352,,,,,
40.28588,2336,0.118793264,,,,,
40.277356,2337,0.115888357,,,,,
40.300262,2339,0.117204875,,,,,
40.346308,2341,0.118829809,,,,,
40.364408,2342,0.117910989,,,,,
40.335013,2344,0.118863501,,,,,
40.391895,2346,0.118626244,,,,,
40.400425,2347,0.120803475,,,,,
40.410382,2349,0.121559747,,,,,
40.429297,2351,0.122852378,,,,,
40.441001,2352,0.120475747,Yes,,,,
40.425481,2355,0.121037759,,,,,
40.478699,2356,0.122412279,,,,,
40.507995,2358,0.120223396,,,,,
40.503533,2359,0.119752087,,,,,
40.513196,2360,0.120616481,,,,,
40.521173,2363,0.119562805,,,,,
40.566534,2364,0.122479335,,,,,
40.582147,2366,0.119405069,,,,,
40.592075,2368,0.12054643,,,,,
40.612174,2369,0.11870724,,,,,
40.599678,2371,0.121747911,,,,,
40.638514,2373,0.119560458,,,,,
40.638514,2374,0.118451975,,,,,
40.639348,2375,0.120747827,,,,,
40.666222,2376,0.121132962,Yes,,,,
40.648732,2378,0.121384852,,,,,
40.690948,2379,0.119573988,,,,,
40.690948,2380,0.12223573,,,,,
40.711399,2382,0.119335927,,,,,
40.718208,2384,0.119373545,,,,,
40.778956,2386,0.121969231,,,,,
40.766522,2387,0.121827714,,,,,
40.809951,2389,0.12055289,,,,,
40.763851,2390,0.12079411,,,,,
40.801459,2392,0.120240226,,,,,
40.810145,2395,0.121030204,,,,,
40.838563,2396,0.11937689,,,,,
40.867004,2398,0.121187747,,,,,
40.874491,2399,0.121391386,,,,,
40.896748,2400,0.120683432,Yes,,,,
40.898398,2403,0.12054465,,,,,
40.885158,2405,0.119690359,,,,,
40.922726,2406,0.120837219,,,,,
40.939598,2408,0.120791443,,,,,
40.947205,2410,0.120870628,,,,,
40.962661,2412,0.119959556,,,,,
41.023792,2415,0.121957198,,,,,
41.009154,2417,0.119327925,,,,,
41.033169,2419,0.120688349,,,,,
41.029333,2420,0.119632423,,,,,
41.025183,2421,0.121829152,,,,,
41.059624,2423,0.119144656,,,,,
41.106288,2425,0.118313469,,,,,
41.103691,2428,0.119670853,,,,,
41.093255,2429,0.119128853,,,,,
41.131575,2432,0.121378519,,,,,
41.155283,2434,0.12010067,,,,,
41.157548,2436,0.12148869,,,,,
41.162555,2438,0.123682633,,,,,
41.226234,2440,0.123005398,,,,,
41.193695,2441,0.122897513,,,,,
41.231434,2442,0.122225441,,,,,
41.230673,2443,0.121461473,,,,,
41.214538,2444,0.120652907,,,,,
41.229792,2445,0.121081546,,,,,
41.283451,2446,0.121509306,,,,,
41.261357,2449,0.121574514,,,,,
41.296833,2450,0.121837996,,,,,
41.308033,2452,0.119648658,,,,,
41.321618,2453,0.122878932,,,,,
41.342998,2454,0.121376015,,,,,
41.353323,2456,0.120615006,,,,,
41.352248,2457,0.122535482,,,,,
41.389141,2459,0.122773178,,,,,
41.37065,2462,0.120671257,,,,,
41.402998,2464,0.118848801,,,,,
41.430114,2465,0.121661201,,,,,
41.426258,2467,0.122368358,,,,,
41.420162,2469,0.121272884,,,,,
41.458764,2470,0.123130284,,,,,
41.48021,2472,0.121599548,Yes,,,,
41.484236,2473,0.121457085,,,,,
41.501794,2474,0.121410832,,,,,
41.50792,2475,0.12207599,,,,,
41.489288,2477,0.121165097,,,,,
41.52677,2478,0.121124245,,,,,
41.511784,2479,0.120865978,,,,,
41.535322,2480,0.121401861,,,,,
41.558074,2482,0.120905198,,,,,
41.543832,2483,0.121614344,,,,,
41.558987,2485,0.12154071,,,,,
41.583355,2486,0.12170063,,,,,
41.587864,2487,0.120492823,,,,,
41.619326,2488,0.120523952,,,,,
41.595865,2489,0.126648992,,,,,
41.624183,2490,0.122121014,,,,,
41.618566,2493,0.124825679,,,,,
41.622623,2494,0.122495152,,,,,
41.67456,2496,0.120229028,Yes,,,,
41.663634,2498,0.120582342,,,,,
41.66807,2499,0.12165565,,,,,
41.687997,2500,0.121719368,,,,,
41.702743,2503,0.12238764,,,,,
41.686889,2505,0.122190386,,,,,
41.767,2507,0.122233056,,,,,
41.774578,2510,0.124250613,,,,,
41.774788,2512,0.122409634,,,,,
41.787003,2513,0.121517763,,,,,
41.813436,2514,0.124268569,,,,,
41.849957,2518,0.122965157,,,,,
41.832291,2519,0.120460577,,,,,
41.844456,2520,0.13024734,Yes,,,,
41.827977,2522,0.12585634,,,,,
41.860862,2523,0.119186312,,,,,
41.887073,2524,0.127443209,,,,,
41.874432,2526,0.119491123,,,,,
41.917111,2528,0.129486367,,,,,
41.924444,2529,0.129972935,,,,,
41.923467,2531,0.119762793,,,,,
41.89414,2532,0.121152602,,,,,
41.939038,2533,0.119656637,,,,,
41.975405,2535,0.121750616,,,,,
41.964075,2536,0.122527212,,,,,
41.973241,2537,0.12042433,,,,,
42.00102,2539,0.118574366,,,,,
41.987995,2540,0.122217141,,,,,
42.009944,2542,0.121229015,,,,,
41.997112,2543,0.121367291,,,,,
42.035243,2544,0.120079033,Yes,,,,
42.033337,2546,0.121665172,,,,,
42.044521,2548,0.119815216,,,,,
42.087258,2551,0.121458255,,,,,
42.080911,2552,0.122303374,,,,,
42.093022,2554,0.122044377,,,,,
42.100426,2555,0.121604547,,,,,
42.124412,2556,0.122627616,,,,,
42.13364,2559,0.11981225,,,,,
42.164955,2562,0.121573687,,,,,
42.169573,2563,0.123409674,,,,,
42.177661,2564,0.121596158,,,,,
42.208642,2566,0.123305917,,,,,
42.199456,2567,0.121713445,,,,,
42.187227,2568,0.121053837,Yes,,,,
42.190819,2569,0.12073531,,,,,
42.248371,2572,0.133304447,,,,,
42.250227,2573,0.134505704,,,,,
42.21271,2574,0.131549224,,,,,
42.257508,2576,0.136178777,,,,,
42.259412,2579,0.131058231,,,,,
42.2675,2581,0.134605557,,,,,
42.277209,2582,0.132709399,,,,,
42.295384,2584,0.121166155,,,,,
42.299669,2585,0.13155067,,,,,
42.295053,2586,0.135465577,,,,,
42.336065,2588,0.132948756,,,,,
42.353214,2589,0.134484783,,,,,
42.378641,2591,0.134740293,,,,,
42.399652,2593,0.134682506,,,,,
42.391656,2594,0.124396645,,,,,
42.367827,2596,0.123126708,,,,,
42.418953,2598,0.132959023,,,,,
42.418098,2600,0.135803387,,,,,
42.417774,2601,0.13530013,,,,,
42.437082,2603,0.134089693,,,,,
42.43634,2604,0.125001416,,,,,
42.43634,2605,0.134219259,,,,,
42.464933,2606,0.122211963,,,,,
42.441649,2608,0.13274461,,,,,
42.495009,2610,0.135762155,,,,,
42.511749,2611,0.13601248,,,,,
42.47551,2612,0.12347953,,,,,
42.532819,2614,0.125081897,,,,,
42.532819,2615,0.124220774,,,,,
42.564585,2617,0.123373255,,,,,
42.543944,2618,0.134119377,,,,,
42.535885,2619,0.125409007,,,,,
42.581871,2621,0.123906732,,,,,
42.617788,2623,0.127026424,,,,,
42.594801,2625,0.124896631,,,,,
42.608972,2627,0.124587521,,,,,
42.622215,2629,0.135657281,,,,,
42.646983,2631,0.12509957,,,,,
42.675677,2634,0.12743099,,,,,
42.657233,2635,0.123198345,,,,,
42.687306,2636,0.134058639,,,,,
42.673613,2638,0.12714991,,,,,
42.698709,2639,0.124626495,,,,,
42.710675,2640,0.131623358,Yes,,,,
42.741995,2642,0.1333341,,,,,
42.743301,2644,0.125957906,,,,,
42.743301,2645,0.134263679,,,,,
42.759557,2646,0.137003064,,,,,
42.73123,2648,0.130896568,,,,,
42.754566,2650,0.130269662,,,,,
42.764193,2652,0.127291918,,,,,
42.766451,2654,0.130192906,,,,,
42.795993,2655,0.132152438,,,,,
42.831467,2658,0.130064115,,,,,
42.834273,2659,0.128973618,,,,,
42.87163,2661,0.131449476,,,,,
42.860909,2664,0.128031641,Yes,,,,
42.841803,2665,0.128934115,,,,,
42.843898,2666,0.13102977,,,,,
42.870107,2668,0.126274854,,,,,
42.891678,2669,0.128272668,,,,,
42.893629,2672,0.126924887,,,,,
42.909477,2673,0.12774162,,,,,
42.924583,2674,0.129637241,,,,,
42.947675,2675,0.131387815,,,,,
42.936939,2677,0.131347492,,,,,
42.962715,2678,0.130920962,,,,,
42.954752,2680,0.12959069,,,,,
42.987298,2681,0.12907353,,,,,
42.988683,2684,0.130871758,,,,,
42.998065,2685,0.128978044,,,,,
43.005906,2686,0.129153967,,,,,
43.011177,2689,0.130930692,,,,,
43.041228,2691,0.130891353,,,,,
43.041228,2692,0.129659191,,,,,
43.053365,2694,0.129229248,,,,,
43.045073,2696,0.129890755,,,,,
43.066258,2697,0.128682196,,,,,
43.082318,2700,0.129468188,,,,,
43.106,2702,0.129100442,,,,,
43.088756,2703,0.128450826,,,,,
43.115186,2704,0.131545052,,,,,
43.096919,2705,0.131728441,,,,,
43.143918,2707,0.128618702,,,,,
43.137584,2709,0.129240677,,,,,
43.137584,2710,0.13030003,,,,,
43.141339,2711,0.12907134,,,,,
43.164043,2712,0.129450366,Yes,,,,
43.175556,2713,0.130822495,,,,,
43.175967,2714,0.129391432,,,,,
43.226446,2715,0.12829712,,,,,
43.162093,2717,0.129479975,,,,,
43.209142,2720,0.129223913,,,,,
43.243282,2721,0.128790408,,,,,
43.221677,2722,0.129677087,,,,,
43.225407,2726,0.129427493,,,,,
43.261994,2727,0.129917562,,,,,
43.249509,2728,0.129059985,,,,,
43.251619,2731,0.1292952,,,,,
43.256654,2732,0.128521457,,,,,
43.275245,2733,0.129051626,,,,,
43.304733,2735,0.126952946,,,,,
43.301221,2737,0.128727213,,,,,
43.320117,2739,0.131548703,,,,,
43.336732,2741,0.129804567,,,,,
43.360241,2744,0.127578169,,,,,
43.374528,2745,0.128949195,,,,,
43.372683,2747,0.129767746,,,,,
43.372683,2748,0.129083782,,,,,
43.364468,2750,0.130745217,,,,,
43.386092,2752,0.131494701,,,,,
43.386092,2753,0.131503925,,,,,
43.395996,2754,0.130054265,,,,,
43.409002,2755,0.128065005,,,,,
43.434045,2757,0.128501028,,,,,
43.438868,2761,0.13004595,,,,,
43.459659,2762,0.128761306,,,,,
43.455287,2763,0.128768027,,,,,
43.427402,2764,0.12959677,,,,,
43.455883,2766,0.128618598,,,,,
43.486214,2767,0.128926233,,,,,
43.495634,2769,0.13020587,,,,,
43.484152,2771,0.128964067,,,,,
43.506342,2773,0.128471971,,,,,
43.536944,2774,0.129233718,,,,,
43.53944,2777,0.127306074,,,,,
43.542603,2778,0.128875315,,,,,
43.55257,2780,0.129688218,,,,,
43.586694,2784,0.127507687,Yes,,,,
43.609644,2786,0.129337922,,,,,
43.599767,2787,0.130364716,,,,,
43.595621,2788,0.129093707,,,,,
43.586203,2789,0.127362162,,,,,
43.624874,2791,0.128245235,,,,,
43.63892,2792,0.128794238,,,,,
43.621316,2793,0.129147098,,,,,
43.636666,2794,0.131274119,,,,,
43.643548,2795,0.128121093,,,,,
43.630524,2797,0.129014194,,,,,
43.630524,2798,0.128115907,,,,,
43.693031,2800,0.130870253,,,,,
43.681007,2803,0.129502446,,,,,
43.696716,2804,0.130695105,,,,,
43.674841,2806,0.129783869,,,,,
43.706061,2807,0.131371558,,,,,
43.706061,2808,0.131910265,Yes,,,,
43.751087,2809,0.133593306,,,,,
43.699847,2811,0.131655321,,,,,
43.744754,2812,0.131180093,,,,,
43.745373,2814,0.130265921,,,,,
43.753743,2815,0.132627532,,,,,
43.738734,2816,0.131875932,,,,,
43.763423,2817,0.130346432,,,,,
43.774222,2818,0.12963061,,,,,
43.778632,2820,0.132159323,,,,,
43.78791,2822,0.131433144,,,,,
43.799223,2824,0.13055858,,,,,
43.808589,2825,0.131208003,,,,,
43.795119,2827,0.132006168,,,,,
43.818816,2829,0.132212177,,,,,
43.841723,2830,0.13189742,,,,,
43.875474,2833,0.131646097,,,,,
43.849978,2834,0.131902516,,,,,
43.857734,2835,0.131349459,,,,,
43.854202,2836,0.132108674,,,,,
43.871564,2838,0.132573441,,,,,
43.892506,2839,0.131708562,,,,,
43.883254,2842,0.131848216,,,,,
43.899835,2843,0.133623555,,,,,
43.882972,2845,0.131701097,,,,,
43.899649,2846,0.132323131,,,,,
43.932907,2848,0.131714031,,,,,
43.92063,2849,0.132859752,,,,,
43.940741,2851,0.132974282,,,,,
43.953041,2853,0.132528797,,,,,
43.95058,2856,0.132865295,Yes,,,,
43.962075,2859,0.131369531,,,,,
44.012556,2861,0.133518711,,,,,
44.024315,2863,0.132187292,,,,,
44.022988,2865,0.131426588,,,,,
44.00037,2867,0.131619707,,,,,
44.026398,2868,0.13161698,,,,,
44.053945,2870,0.131442666,,,,,
44.030163,2872,0.134139642,,,,,
44.074895,2874,0.130950779,,,,,
44.074895,2875,0.130716607,,,,,
44.055907,2878,0.132148296,,,,,
44.116914,2880,0.130756199,Yes,,,,
44.073754,2881,0.132463291,,,,,
44.084683,2883,0.132699847,,,,,
44.103525,2884,0.13401705,,,,,
44.114027,2885,0.132212833,,,,,
44.11874,2888,0.132886708,,,,,
44.142293,2891,0.132054016,,,,,
44.169833,2894,0.13139376,,,,,
44.173652,2895,0.133072317,,,,,
44.189999,2897,0.133952454,,,,,
44.186204,2898,0.133519843,,,,,
44.201344,2899,0.13275899,,,,,
44.213766,2900,0.132567465,,,,,
44.227555,2902,0.133760557,,,,,
44.208645,2903,0.132762492,,,,,
44.222265,2905,0.133492947,,,,,
44.235723,2907,0.132726163,,,,,
44.235346,2910,0.132118955,,,,,
44.278541,2912,0.134237632,,,,,
44.271571,2913,0.132836938,,,,,
44.302746,2914,0.132934094,,,,,
44.241521,2915,0.132424429,,,,,
44.279571,2916,0.133753613,,,,,
44.298598,2917,0.135422126,,,,,
44.29687,2919,0.136365831,,,,,
44.30298,2921,0.134504885,,,,,
44.297031,2922,0.133611873,,,,,
44.320343,2924,0.13528496,,,,,
44.325487,2925,0.13442868,,,,,
44.320367,2927,0.135322183,,,,,
44.379855,2929,0.133953929,,,,,
44.361329,2931,0.134138838,,,,,
44.38852,2933,0.132971779,,,,,
44.386269,2935,0.13281624,,,,,
44.399627,2937,0.132220984,,,,,
44.373618,2938,0.133139208,,,,,
44.408629,2939,0.133853942,,,,,
44.42381,2941,0.133228913,,,,,
44.40555,2942,0.134301812,,,,,
44.446883,2944,0.132964373,,,,,
44.446883,2945,0.133552581,,,,,
44.414568,2947,0.133613482,,,,,
44.429018,2948,0.133439258,,,,,
44.429846,2949,0.132719457,,,,,
44.438204,2951,0.133945793,,,,,
44.497204,2952,0.134716287,Yes,,,,
44.47996,2954,0.133908689,,,,,
44.486373,2956,0.134931713,,,,,
44.515052,2959,0.132341132,,,,,
44.497849,2960,0.134883151,,,,,
44.509765,2961,0.132855952,,,,,
44.502211,2962,0.130929142,,,,,
44.487297,2963,0.134996444,,,,,
44.518957,2965,0.13353163,,,,,
44.547723,2967,0.133207828,,,,,
44.567262,2968,0.132059529,,,,,
44.509926,2969,0.134491861,,,,,
44.558569,2972,0.133628279,,,,,
44.526149,2975,0.131613404,,,,,
44.600861,2978,0.135454014,,,,,
44.574076,2980,0.133760169,,,,,
44.595246,2981,0.132993966,,,,,
44.595503,2982,0.133865282,,,,,
44.615162,2984,0.132805869,,,,,
44.616584,2985,0.132365853,,,,,
44.601335,2987,0.132901505,,,,,
44.658325,2989,0.133990303,,,,,
44.616134,2990,0.132987604,,,,,
44.647673,2993,0.135765627,,,,,
44.667844,2996,0.135264069,,,,,
44.67966,2998,0.134154171,,,,,
44.679804,2999,0.135282874,,,,,
44.672286,3001,0.134467095,,,,,
44.679282,3002,0.134217814,,,,,
44.681716,3005,0.135112003,,,,,
44.684463,3007,0.13513349,,,,,
44.711026,3009,0.134909675,,,,,
44.715998,3011,0.133809269,,,,,
44.7235,3012,0.134526581,,,,,
44.759482,3015,0.1350528,,,,,
44.749161,3016,0.134768963,,,,,
44.730271,3018,0.133595184,,,,,
44.778499,3019,0.135034531,,,,,
44.779728,3021,0.133605465,,,,,
44.781149,3022,0.134030268,,,,,
44.767489,3024,0.134444132,Yes,,,,
44.77703,3026,0.137648553,,,,,
44.779391,3028,0.13317889,,,,,
44.797147,3029,0.136313677,,,,,
44.809458,3030,0.135994986,,,,,
44.828129,3031,0.133999184,,,,,
44.834119,3032,0.134217635,,,,,
44.801652,3035,0.133985087,,,,,
44.821247,3036,0.134864464,,,,,
44.828964,3038,0.133615419,,,,,
44.831799,3041,0.134525389,,,,,
44.866922,3043,0.134169608,,,,,
44.84162,3045,0.135734841,,,,,
44.872864,3046,0.135538861,,,,,
44.880813,3047,0.136183947,,,,,
44.893122,3049,0.134460956,,,,,
44.934648,3051,0.134192288,,,,,
44.908972,3053,0.133551374,,,,,
44.916286,3054,0.136735216,,,,,
44.910039,3055,0.134815171,,,,,
44.904451,3057,0.135890767,,,,,
44.94726,3060,0.135086462,,,,,
44.913749,3061,0.135849595,,,,,
44.950785,3064,0.135456041,,,,,
44.968367,3065,0.134424344,,,,,
44.956389,3067,0.135782108,,,,,
44.965116,3069,0.135362834,,,,,
45.00792,3071,0.134382725,,,,,
44.966224,3072,0.137749568,Yes,,,,
45.005689,3075,0.137184009,,,,,
45.005151,3076,0.138393849,,,,,
44.999876,3077,0.138185173,,,,,
45.005006,3079,0.138782173,,,,,
45.039002,3081,0.137908921,,,,,
45.042124,3082,0.136659786,,,,,
45.019817,3084,0.138724923,,,,,
45.044059,3087,0.138122335,,,,,
45.036771,3088,0.13911432,,,,,
45.063291,3090,0.13909696,,,,,
45.089505,3093,0.137452096,,,,,
45.082402,3095,0.136082232,,,,,
45.118921,3099,0.137430742,,,,,
45.087652,3100,0.139112115,,,,,
45.11043,3101,0.136962682,,,,,
45.122396,3103,0.139436811,,,,,
45.148463,3106,0.139087766,,,,,
45.137605,3109,0.138254643,,,,,
45.150566,3110,0.139107302,,,,,
45.141955,3111,0.138545752,,,,,
45.157708,3112,0.138094902,,,,,
45.143752,3114,0.139331877,,,,,
45.157179,3115,0.139404237,,,,,
45.1666,3117,0.139575049,,,,,
45.176438,3119,0.137927309,,,,,
45.200424,3120,0.139894843,Yes,,,,
45.173502,3122,0.138944805,,,,,
45.184808,3123,0.139368013,,,,,
45.186366,3124,0.138014376,,,,,
45.205994,3125,0.141259387,,,,,
45.208529,3127,0.139815256,,,,,
45.23423,3130,0.137929007,,,,,
45.239101,3133,0.137653634,,,,,
45.229264,3135,0.13931863,,,,,
45.259104,3137,0.139838144,,,,,
45.247398,3138,0.140239641,,,,,
45.259313,3140,0.140011028,,,,,
45.272103,3143,0.139484987,,,,,
45.274277,3144,0.139962331,Yes,,,,
45.281891,3145,0.139130846,,,,,
45.299766,3147,0.137977019,,,,,
45.292458,3149,0.140791431,,,,,
45.307709,3151,0.139946923,,,,,
45.319414,3152,0.140461579,,,,,
45.331801,3153,0.1384767,,,,,
45.317305,3154,0.138959125,,,,,
45.339984,3155,0.140260801,,,,,
45.303618,3157,0.141084313,,,,,
45.337706,3159,0.140522212,,,,,
45.354681,3161,0.140996426,,,,,
45.343563,3162,0.13991423,,,,,
45.363144,3164,0.13975057,,,,,
45.363401,3166,0.141627118,,,,,
45.364203,3167,0.138478011,,,,,
45.398737,3170,0.138939917,,,,,
45.360177,3172,0.140750125,,,,,
45.380913,3173,0.141268343,,,,,
45.430203,3176,0.140059739,,,,,
45.424268,3178,0.140799135,,,,,
45.417314,3181,0.140425846,,,,,
45.441802,3183,0.140376777,,,,,
45.414162,3184,0.140314221,,,,,
45.423074,3186,0.140430853,,,,,
45.441915,3187,0.140350089,,,,,
45.427493,3189,0.140744403,,,,,
45.43792,3190,0.139081314,,,,,
45.494006,3192,0.142535955,Yes,,,,
45.461629,3194,0.138700664,,,,,
45.47224,3195,0.141044378,,,,,
45.493252,3196,0.139725506,,,,,
45.482,3198,0.140456215,,,,,
45.519653,3199,0.142749786,,,,,
45.474221,3200,0.140986398,,,,,
45.473813,3203,0.138533428,,,,,
45.508058,3204,0.141903266,,,,,
45.504986,3206,0.141143858,,,,,
45.553719,3208,0.139847115,,,,,
45.546919,3209,0.14087227,,,,,
45.548074,3211,0.140941232,,,,,
45.549486,3213,0.140294313,,,,,
45.550432,3214,0.140294343,,,,,
45.541426,3217,0.140406638,,,,,
45.54445,3218,0.13841702,,,,,
45.5574,3219,0.141081199,,,,,
45.578313,3221,0.139900342,,,,,
45.575499,3222,0.142099187,,,,,
45.566895,3223,0.141685039,,,,,
45.56829,3224,0.139072746,,,,,
45.594454,3225,0.142310947,,,,,
45.583485,3226,0.141877681,,,,,
45.615831,3228,0.138413757,,,,,
45.585891,3229,0.141994506,,,,,
45.585226,3230,0.140210539,,,,,
45.590566,3232,0.141501054,,,,,
45.600092,3233,0.141029045,,,,,
45.602947,3234,0.140958816,,,,,
45.634408,3235,0.139205843,,,,,
45.627409,3236,0.142521367,,,,,
45.626134,3238,0.142177329,,,,,
45.638088,3240,0.141041055,Yes,,,,
45.66566,3241,0.140075535,,,,,
45.684732,3243,0.143037379,,,,,
45.645344,3245,0.140146449,,,,,
45.654981,3246,0.140129507,,,,,
45.652705,3249,0.141589373,,,,,
45.680355,3250,0.141219065,,,,,
45.678271,3251,0.140626475,,,,,
45.678031,3253,0.140201598,,,,,
45.657483,3254,0.141384617,,,,,
45.687387,3256,0.14162223,,,,,
45.692277,3259,0.143609539,,,,,
45.698867,3261,0.141138598,,,,,
45.728616,3263,0.141882241,,,,,
45.716824,3264,0.140733093,Yes,,,,
45.730973,3265,0.142092258,,,,,
45.714075,3267,0.141582608,,,,,
45.720367,3268,0.141880006,,,,,
45.752824,3271,0.143906608,,,,,
45.72662,3274,0.142529026,,,,,
45.775693,3276,0.139874086,,,,,
45.72929,3278,0.140449733,,,,,
45.73357,3279,0.14110148,,,,,
45.763148,3280,0.141512319,,,,,
45.79969,3281,0.141171083,,,,,
45.757851,3283,0.141376898,,,,,
45.793879,3284,0.143862069,,,,,
45.751406,3285,0.143165037,,,,,
45.788637,3287,0.143001646,,,,,
45.812306,3288,0.142179743,Yes,,,,
45.815071,3290,0.141962275,,,,,
45.798504,3291,0.141838208,,,,,
45.834674,3292,0.141757652,,,,,
45.827942,3294,0.142383665,,,,,
45.831533,3296,0.142882064,,,,,
45.827069,3298,0.144157156,,,,,
45.829337,3299,0.142366558,,,,,
45.847128,3301,0.141018346,,,,,
45.846864,3302,0.142224386,,,,,
45.85669,3303,0.1413607,,,,,
45.886613,3304,0.142536849,,,,,
45.853291,3305,0.142746702,,,,,
45.837087,3306,0.143302336,,,,,
45.851897,3308,0.140954271,,,,,
45.847282,3309,0.141645551,,,,,
45.861818,3310,0.141550943,,,,,
45.886277,3312,0.141437054,Yes,,,,
45.857371,3313,0.143089771,,,,,
45.894852,3315,0.141780257,,,,,
45.90357,3316,0.141182631,,,,,
45.911712,3318,0.139083445,,,,,
45.906183,3319,0.140869051,,,,,
45.919269,3321,0.1408678,,,,,
45.892881,3324,0.141851693,,,,,
45.890381,3325,0.140420228,,,,,
45.890381,3326,0.141346037,,,,,
45.924085,3328,0.140085399,,,,,
45.948003,3331,0.141473994,,,,,
45.931185,3332,0.140618101,,,,,
45.963965,3334,0.140324056,,,,,
45.93697,3336,0.142186448,Yes,,,,
45.977121,3337,0.139387563,,,,,
45.963917,3339,0.140552685,,,,,
45.961265,3340,0.139579549,,,,,
45.95971,3342,0.14054203,,,,,
45.976881,3343,0.140079469,,,,,
45.968804,3344,0.141273752,,,,,
45.980254,3346,0.140999138,,,,,
45.988971,3347,0.140604928,,,,,
45.975904,3350,0.140403017,,,,,
46.017558,3352,0.141199857,,,,,
45.982627,3353,0.14251098,,,,,
46.017999,3355,0.142581418,,,,,
46.017999,3356,0.141075477,,,,,
46.013961,3357,0.140653625,,,,,
46.01018,3358,0.138996527,,,,,
46.025578,3360,0.141301915,Yes,,,,
46.036273,3361,0.141833931,,,,,
46.038164,3363,0.139489055,,,,,
46.028646,3364,0.140671819,,,,,
46.079596,3366,0.140968099,,,,,
46.047913,3368,0.140332788,,,,,
46.056485,3369,0.14268747,,,,,
46.051454,3372,0.14263998,,,,,
46.0613,3375,0.141544417,,,,,
46.037523,3376,0.141741261,,,,,
46.063727,3378,0.139522255,,,,,
46.073573,3381,0.141236231,,,,,
46.099639,3382,0.14177376,,,,,
46.102282,3383,0.140078992,,,,,
46.107946,3385,0.140609577,,,,,
46.085893,3386,0.14175804,,,,,
46.09871,3387,0.141266614,,,,,
46.153385,3390,0.140984923,,,,,
46.124254,3391,0.141352668,,,,,
46.097388,3392,0.142951503,,,,,
46.139193,3393,0.141311884,,,,,
46.135701,3396,0.14243342,,,,,
46.146578,3398,0.140212432,,,,,
46.131424,3399,0.140886411,,,,,
46.156638,3401,0.140594155,,,,,
46.161852,3403,0.140879899,,,,,
46.161852,3404,0.137487903,,,,,
46.176557,3405,0.14151974,,,,,
46.167258,3407,0.140210539,,,,,
46.182196,3410,0.141572923,,,,,
46.180474,3411,0.140878603,,,,,
46.192343,3412,0.14098528,,,,,
46.159017,3415,0.141306475,,,,,
46.193312,3416,0.141281739,,,,,
46.18186,3417,0.140631124,,,,,
46.220926,3420,0.141168863,,,,,
46.197157,3422,0.142404422,,,,,
46.249107,3424,0.142118767,,,,,
46.214007,3425,0.139951319,,,,,
46.2378,3428,0.140872017,,,,,
46.251958,3430,0.143306553,,,,,
46.239505,3432,0.141053557,Yes,,,,
46.24431,3434,0.142834514,,,,,
46.279401,3435,0.141772792,,,,,
46.252608,3437,0.142634586,,,,,
46.247963,3440,0.14225477,,,,,
46.262545,3442,0.140982524,,,,,
46.274749,3443,0.140342504,,,,,
46.292613,3444,0.141889021,,,,,
46.310741,3445,0.139833689,,,,,
46.310741,3446,0.143051311,,,,,
46.261624,3448,0.13939181,,,,,
46.28423,3449,0.1413683,,,,,
46.320855,3451,0.139883265,,,,,
46.305161,3453,0.140558735,,,,,
46.305161,3454,0.13964884,,,,,
46.288482,3455,0.141448245,,,,,
46.314393,3456,0.142277464,Yes,,,,
46.304384,3457,0.141080916,,,,,
46.315994,3459,0.141639054,,,,,
46.333409,3461,0.140810624,,,,,
46.287649,3462,0.140600562,,,,,
46.326386,3463,0.140660822,,,,,
46.314745,3464,0.139824003,,,,,
46.328245,3466,0.141064584,,,,,
46.328245,3467,0.142149285,,,,,
46.331455,3469,0.140076891,,,,,
46.345587,3471,0.139635876,,,,,
46.349934,3473,0.139890939,,,,,
46.33047,3476,0.140642077,,,,,
46.339325,3478,0.140754283,,,,,
46.370733,3480,0.139374048,Yes,,,,
46.373071,3481,0.14153409,,,,,
46.367691,3483,0.140795618,,,,,
46.342703,3484,0.138311446,,,,,
46.35424,3487,0.141344577,,,,,
46.383222,3490,0.141066045,,,,,
46.39535,3492,0.141737089,,,,,
46.377441,3494,0.140629053,,,,,
46.404252,3496,0.139656156,,,,,
46.424449,3497,0.141841605,,,,,
46.409423,3498,0.141537994,,,,,
46.44274,3501,0.14112781,,,,,
46.394605,3502,0.140948176,,,,,
46.402298,3503,0.139738008,,,,,
46.434719,3505,0.141529813,,,,,
46.424881,3507,0.142562807,,,,,
46.448127,3509,0.140815914,,,,,
46.415731,3510,0.142735377,,,,,
46.437088,3512,0.140494347,,,,,
46.435863,3514,0.140980586,,,,,
46.447166,3515,0.141867131,,,,,
46.447614,3516,0.139629126,,,,,
46.468802,3518,0.141665638,,,,,
46.441619,3519,0.142121419,,,,,
46.422911,3520,0.141105592,,,,,
46.458924,3521,0.142804518,,,,,
46.448094,3524,0.140760571,,,,,
46.484922,3525,0.143567056,,,,,
46.452032,3526,0.142013744,,,,,
46.458236,3527,0.140923396,,,,,
46.469986,3528,0.142185777,Yes,,,,
46.508558,3530,0.141931757,,,,,
46.472211,3532,0.142261669,,,,,
46.486274,3534,0.142341152,,,,,
46.499913,3536,0.141692713,,,,,
46.52931,3537,0.140795261,,,,,
46.506124,3538,0.141613871,,,,,
46.492181,3540,0.142361164,,,,,
46.504947,3541,0.142630562,,,,,
46.496871,3542,0.140916526,,,,,
46.514143,3543,0.142255157,,,,,
46.505019,3545,0.143026769,,,,,
46.514199,3546,0.141031951,,,,,
46.491452,3548,0.142007858,,,,,
46.538474,3550,0.142486394,,,,,
46.523563,3551,0.140040442,,,,,
46.568214,3552,0.142448157,Yes,,,,
46.522691,3554,0.141477063,,,,,
46.544108,3555,0.142015114,,,,,
46.577369,3556,0.144145072,,,,,
46.562371,3558,0.141571194,,,,,
46.547413,3559,0.142376691,,,,,
46.56402,3560,0.143681929,,,,,
46.582634,3563,0.143588677,,,,,
46.561971,3564,0.141508728,,,,,
46.577824,3565,0.140833288,,,,,
46.606129,3567,0.143946007,,,,,
46.564475,3568,0.141533658,,,,,
46.584154,3570,0.142088607,,,,,
46.568164,3571,0.141045883,,,,,
46.597006,3573,0.143341303,,,,,
46.62543,3575,0.141837061,,,,,
46.596182,3576,0.143056423,Yes,,,,
46.617011,3579,0.142846897,,,,,
46.606,3580,0.141642362,,,,,
46.610977,3581,0.143056244,,,,,
46.595245,3582,0.145129994,,,,,
46.633247,3584,0.143432438,,,,,
46.657492,3586,0.141969994,,,,,
46.647873,3588,0.142879665,,,,,
46.622068,3589,0.142807797,,,,,
46.609176,3590,0.141705304,,,,,
46.614833,3591,0.142898873,,,,,
46.625756,3593,0.143695295,,,,,
46.629533,3595,0.142890662,,,,,
46.674133,3598,0.142295674,,,,,
46.641912,3600,0.142729253,Yes,,,,
46.666557,3601,0.143701822,,,,,
46.636846,3603,0.143576354,,,,,
46.667716,3604,0.141336009,,,,,
46.672413,3607,0.141981795,,,,,
46.684446,3609,0.142280191,,,,,
46.688055,3610,0.144872949,,,,,
46.685199,3612,0.141847611,,,,,
46.676525,3614,0.142284572,,,,,
46.675605,3615,0.142166659,,,,,
46.680989,3616,0.142911926,,,,,
46.665779,3618,0.142613813,,,,,
46.686085,3620,0.141019911,,,,,
46.697615,3623,0.142786428,,,,,
46.732114,3624,0.142767191,Yes,,,,
46.724145,3625,0.142828226,,,,,
46.7146,3627,0.141795933,,,,,
46.682789,3628,0.144468024,,,,,
46.704055,3630,0.142877176,,,,,
46.719232,3631,0.142418832,,,,,
46.733065,3633,0.141891494,,,,,
46.718776,3634,0.142579526,,,,,
46.756697,3635,0.141968265,,,,,
46.725176,3637,0.14354296,,,,,
46.701734,3639,0.1438867,,,,,
46.759888,3640,0.144816265,,,,,
46.765969,3642,0.141328409,,,,,
46.745337,3643,0.144418284,,,,,
46.729728,3646,0.143072605,,,,,
46.78024,3647,0.14190656,,,,,
46.795495,3648,0.143407852,Yes,,,,
46.787855,3649,0.143018201,,,,,
46.758384,3651,0.142368749,,,,,
46.774864,3652,0.143331721,,,,,
46.79267,3654,0.142948866,,,,,
46.757536,3655,0.140705988,,,,,
46.783023,3657,0.142153129,,,,,
46.757608,3658,0.142369613,,,,,
46.801773,3659,0.142558888,,,,,
46.786591,3661,0.143098593,,,,,
46.808052,3662,0.143937796,,,,,
46.769175,3664,0.142345682,,,,,
46.794398,3665,0.144360051,,,,,
46.818243,3666,0.143136606,,,,,
46.811475,3668,0.143529162,,,,,
46.787662,3670,0.142275915,,,,,
46.785894,3672,0.143475413,Yes,,,,
46.825745,3674,0.143049002,,,,,
46.795876,3676,0.143337339,,,,,
46.814195,3678,0.144395605,,,,,
46.819402,3679,0.142481834,,,,,
46.819402,3680,0.142191842,,,,,
46.816738,3682,0.144701123,,,,,
46.847581,3684,0.142756879,,,,,
46.844798,3685,0.143301219,,,,,
46.829496,3686,0.142855376,,,,,
46.847133,3687,0.144102827,,,,,
46.855507,3688,0.142446905,,,,,
46.827168,3689,0.143427938,,,,,
46.846333,3691,0.142319277,,,,,
46.817273,3692,0.142939627,,,,,
46.847524,3694,0.143320486,,,,,
46.869112,3695,0.144677833,,,,,
46.869112,3696,0.142734036,Yes,,,,
46.843421,3697,0.142190039,,,,,
46.862298,3698,0.142092511,,,,,
46.874918,3700,0.141870037,,,,,
46.877374,3702,0.143233433,,,,,
46.882509,3703,0.143222407,,,,,
46.888643,3705,0.144013658,,,,,
46.90064,3708,0.14306578,,,,,
46.884332,3709,0.142459184,,,,,
46.880581,3710,0.141817033,,,,,
46.899416,3712,0.142358661,,,,,
46.917106,3714,0.143130124,,,,,
46.924927,3716,0.142649338,,,,,
46.89728,3717,0.143360093,,,,,
46.898719,3719,0.140874133,,,,,
46.898535,3721,0.144012258,,,,,
46.949142,3723,0.144453436,,,,,
46.902733,3724,0.14361468,,,,,
46.934555,3725,0.143157363,,,,,
46.934019,3728,0.144451916,,,,,
46.930221,3729,0.142896235,,,,,
46.926406,3732,0.143391103,,,,,
46.935626,3735,0.144060552,,,,,
46.937769,3737,0.145583823,,,,,
46.937817,3739,0.143057138,,,,,
46.972755,3742,0.144782484,,,,,
46.969453,3743,0.143249989,,,,,
46.97964,3746,0.144052327,,,,,
46.981663,3748,0.143336356,,,,,
46.968093,3749,0.143176228,,,,,
46.989939,3750,0.143166035,,,,,
46.983646,3751,0.14302738,,,,,
46.964254,3753,0.142193809,,,,,
46.968028,3755,0.143767998,,,,,
46.981743,3758,0.143394202,,,,,
46.980311,3760,0.142228827,,,,,
46.960231,3761,0.140692398,,,,,
46.979207,3763,0.143325493,,,,,
46.988659,3764,0.142635316,,,,,
47.034995,3766,0.140223295,,,,,
46.995328,3767,0.142277747,,,,,
47.004051,3769,0.142935023,,,,,
47.028375,3770,0.143784538,,,,,
47.019044,3771,0.143811747,,,,,
47.021091,3772,0.14302288,,,,,
47.007353,3773,0.141716316,,,,,
47.022034,3774,0.142993227,,,,,
47.017061,3775,0.143818021,,,,,
47.009729,3777,0.143334523,,,,,
47.033724,3778,0.142016619,,,,,
47.047892,3780,0.143844768,,,,,
47.034443,3782,0.141483128,,,,,
47.049331,3783,0.14268741,,,,,
47.03537,3785,0.142100126,,,,,
47.061379,3786,0.1440617,,,,,
47.073923,3789,0.142987222,,,,,
47.073875,3790,0.142651483,,,,,
47.016212,3791,0.142910048,,,,,
47.058157,3793,0.144043669,,,,,
47.045812,3794,0.142860591,,,,,
47.079255,3796,0.14369075,,,,,
47.068981,3798,0.143092334,,,,,
47.051048,3799,0.143964082,,,,,
47.055645,3800,0.144219384,,,,,
47.062313,3801,0.143612132,,,,,
47.052775,3802,0.141948059,,,,,
47.046035,3804,0.141710833,,,,,
47.056972,3806,0.143466011,,,,,
47.073018,3807,0.143901736,,,,,
47.077448,3808,0.143936455,,,,,
47.087113,3809,0.142990649,,,,,
47.071771,3810,0.143739551,,,,,
47.065087,3811,0.143477976,,,,,
47.112448,3812,0.142418578,,,,,
47.086697,3813,0.144114301,,,,,
47.102271,3815,0.144056395,,,,,
47.069828,3816,0.141593859,Yes,,,,
47.089927,3818,0.14349483,,,,,
47.104053,3819,0.142211378,,,,,
47.10247,3820,0.142270103,,,,,
47.104069,3822,0.142449126,,,,,
47.116803,3824,0.144114301,,,,,
47.118338,3825,0.143061534,,,,,
47.11829,3827,0.144254208,,,,,
47.105763,3830,0.143719256,,,,,
47.121664,3831,0.142781973,,,,,
47.131896,3832,0.141570523,,,,,
47.115899,3835,0.143704593,,,,,
47.139506,3836,0.143485174,,,,,
47.128882,3837,0.143587336,,,,,
47.13921,3840,0.143460929,Yes,,,,
47.122837,3842,0.143045798,,,,,
47.122837,3843,0.144586161,,,,,
47.155989,3844,0.142963544,,,,,
47.139313,3845,0.144138143,,,,,
47.15439,3847,0.145355597,,,,,
47.163182,3849,0.142474398,,,,,
47.134908,3850,0.144036233,,,,,
47.191127,3851,0.142515644,,,,,
47.181447,3853,0.145080462,,,,,
47.162998,3854,0.143154159,,,,,
47.188305,3855,0.140677258,,,,,
47.152846,3856,0.142563313,,,,,
47.194924,3858,0.143648699,,,,,
47.19924,3859,0.145584032,,,,,
47.184964,3862,0.144105822,,,,,
47.209654,3864,0.144890338,Yes,,,,
47.188169,3866,0.143568426,,,,,
47.193756,3868,0.144211769,,,,,
47.193756,3869,0.143279761,,,,,
47.210677,3871,0.142662883,,,,,
47.224033,3873,0.145286873,,,,,
47.224033,3874,0.144412831,,,,,
47.210749,3875,0.143493533,,,,,
47.210749,3876,0.145684242,,,,,
47.230634,3877,0.14410384,,,,,
47.20437,3879,0.146157309,,,,,
47.23045,3882,0.142308965,,,,,
47.212571,3884,0.14495492,,,,,
47.212571,3885,0.14413406,,,,,
47.232289,3887,0.146894604,,,,,
47.216223,3888,0.143919617,Yes,,,,
47.218964,3889,0.142628774,,,,,
47.218964,3890,0.145603254,,,,,
47.24327,3892,0.144842923,,,,,
47.244261,3893,0.146685898,,,,,
47.241272,3895,0.144474343,,,,,
47.258303,3896,0.14483133,,,,,
47.225254,3897,0.144411162,,,,,
47.242638,3899,0.144934997,,,,,
47.236628,3900,0.144992292,,,,,
47.278771,3902,0.147689819,,,,,
47.259158,3903,0.144400701,,,,,
47.283885,3905,0.145293057,,,,,
47.268013,3908,0.141281858,,,,,
47.259414,3910,0.149220228,,,,,
47.249919,3911,0.142300099,,,,,
47.267494,3912,0.147326484,Yes,,,,
47.271122,3915,0.143125773,,,,,
47.279649,3916,0.144176424,,,,,
47.266814,3918,0.152433381,,,,,
47.28653,3919,0.15227364,,,,,
47.2919,3920,0.151182666,,,,,
47.298733,3922,0.138699547,,,,,
47.275909,3923,0.151285678,,,,,
47.306221,3925,0.151534677,,,,,
47.291477,3926,0.154797807,,,,,
47.281088,3928,0.150154486,,,,,
47.286322,3929,0.152721345,,,,,
47.287641,3932,0.151203349,,,,,
47.289359,3934,0.152781367,,,,,
47.289359,3935,0.153636545,,,,,
47.347111,3936,0.151573658,Yes,,,,
47.326766,3938,0.151255384,,,,,
47.293578,3941,0.151437521,,,,,
47.310072,3943,0.153335288,,,,,
47.320485,3944,0.154044554,,,,,
47.353479,3947,0.152876318,,,,,
47.346959,3949,0.142909586,,,,,
47.320676,3950,0.14193356,,,,,
47.339144,3951,0.143516839,,,,,
47.325175,3952,0.142078266,,,,,
47.331369,3955,0.153178021,,,,,
47.317432,3957,0.141773328,,,,,
47.353655,3959,0.14278625,,,,,
47.35224,3960,0.145342827,Yes,,,,
47.367103,3963,0.14242512,,,,,
47.36258,3964,0.142245501,,,,,
47.360135,3965,0.14367421,,,,,
47.35622,3967,0.141708314,,,,,
47.357594,3968,0.143621534,,,,,
47.361949,3969,0.14382793,,,,,
47.332982,3970,0.1425374,,,,,
47.39073,3971,0.141979069,,,,,
47.37896,3972,0.151826128,,,,,
47.367158,3973,0.151661664,,,,,
47.360231,3975,0.15125531,,,,,
47.376251,3977,0.154158413,,,,,
47.375172,3979,0.153448016,,,,,
47.409833,3981,0.152872086,,,,,
47.38544,3982,0.154835254,,,,,
47.374205,3983,0.152864352,,,,,
47.383554,3985,0.153204724,,,,,
47.391847,3986,0.153332129,,,,,
47.391113,3987,0.15368928,,,,,
47.410025,3989,0.154886514,,,,,
47.380973,3991,0.155791357,,,,,
47.399502,3993,0.153524876,,,,,
47.413492,3994,0.151959077,,,,,
47.396793,3996,0.153766364,,,,,
47.402586,3998,0.153409392,,,,,
47.411327,4001,0.153821647,,,,,
47.406972,4003,0.153906688,,,,,
47.422847,4004,0.153664902,,,,,
47.421713,4006,0.153338715,,,,,
47.413875,4008,0.1465168,Yes,,,,
47.434081,4010,0.151105061,,,,,
47.426291,4013,0.149176881,,,,,
