Time,Abs
0.008333334,0.90200
0.025,0.89700
0.041666668,0.76500
0.058333334,0.63800
0.075000003,0.59200
0.091666669,0.54500
0.108333334,0.51200
0.125,0.48400
0.141666681,0.47100
0.158333346,0.45600
0.175000012,0.45200
0.191666678,0.44400
0.208333343,0.43800
0.225000009,0.43600
0.241666675,0.43000
0.258333325,0.42900
0.275000006,0.42500
0.291666657,0.42600
0.308333337,0.42200
0.324999988,0.42200
0.341666669,0.42100
0.358333319,0.42100
0.375,0.42000
0.391666651,0.42100
0.408333331,0.42000
0.424999982,0.41500
0.441666663,0.41700
0.458333314,0.41800
0.474999994,0.41100
0.491666645,0.41400
0.508333325,0.41200
0.524999976,0.41000
0.541666687,0.40800
0.558333337,0.40700
0.574999988,0.40500
0.591666639,0.40700
0.608333349,0.40600
0.625,0.40700
0.641666651,0.40500
0.658333302,0.40700
0.675000012,0.40600
0.691666663,0.39900
0.708333314,0.40200
0.724999964,0.40200
0.741666675,0.40000
0.758333325,0.39800
0.774999976,0.39700
0.791666687,0.39900
0.808333337,0.39800
0.824999988,0.39900
0.841666639,0.39300
0.858333349,0.39300
0.875,0.39300
0.891666651,0.38900
0.908333302,0.38800
0.925000012,0.39100
0.941666663,0.38700
0.958333314,0.38800
0.974999964,0.38400
0.991666675,0.38100
1.008333325,0.38300
1.024999976,0.38000
1.041666627,0.38200
1.058333278,0.37600
1.075000048,0.37400
1.091666698,0.37600
1.108333349,0.37400
1.125,0.37400
1.141666651,0.37100
1.158333302,0.37100
1.174999952,0.37000
1.191666603,0.36700
1.208333373,0.36400
1.225000024,0.36600
1.241666675,0.36200
1.258333325,0.35800
1.274999976,0.36200
1.291666627,0.35600
1.308333278,0.35900
1.325000048,0.35600
1.341666698,0.35700
1.358333349,0.35200
1.375,0.35400
1.391666651,0.35000
1.408333302,0.35000
1.424999952,0.35000
1.441666603,0.34800
1.458333373,0.34800
1.475000024,0.34300
1.491666675,0.34200
1.508333325,0.34000
1.524999976,0.33800
1.541666627,0.33800
1.558333278,0.34000
1.575000048,0.33900
1.591666698,0.33400
1.608333349,0.33600
1.625,0.33400
1.641666651,0.33500
1.658333302,0.33400
1.674999952,0.33300
1.691666603,0.33300
1.708333373,0.33300
1.725000024,0.32900
1.741666675,0.33200
1.758333325,0.32600
1.774999976,0.32900
1.791666627,0.33000
1.808333278,0.32700
1.825000048,0.32400
1.841666698,0.32400
1.858333349,0.32500
1.875,0.32000
1.891666651,0.32100
1.908333302,0.32100
1.924999952,0.32200
1.941666603,0.31900
1.958333373,0.31500
1.975000024,0.31500
1.991666675,0.31400
2.008333445,0.31300
2.025000095,0.31500
2.041666746,0.31100
2.058333397,0.31100
2.075000048,0.31200
2.091666698,0.30800
2.108333349,0.30800
2.125,0.30900
2.141666889,0.31400
2.15833354,0.31000
2.175000191,0.31400
2.191666842,0.31800
2.208333492,0.32100
2.225000143,0.32000
2.241666794,0.31800
2.258333445,0.32000
2.275000095,0.31800
2.291666746,0.31900
2.308333397,0.31700
2.325000048,0.31600
2.341666698,0.31300
2.358333349,0.30400
2.375,0.31400
2.391666889,0.31000
2.40833354,0.30200
2.425000191,0.30400
2.441666842,0.29600
2.458333492,0.30000
2.475000143,0.30100
2.491666794,0.30300
2.508333445,0.29000
2.525000095,0.29400
2.541666746,0.29500
2.558333397,0.29300
2.575000048,0.29200
2.591666698,0.29100
2.608333349,0.29100
2.625,0.28900
2.641666889,0.28700
2.65833354,0.28700
2.675000191,0.28700
2.691666842,0.28300
2.708333492,0.28500
2.725000143,0.28200
2.741666794,0.27900
2.758333445,0.28000
2.775000095,0.28000
2.791666746,0.27800
2.808333397,0.28000
2.825000048,0.27800
2.841666698,0.27800
2.858333349,0.27800
2.875,0.27600
2.891666889,0.27800
2.90833354,0.27500
2.925000191,0.27600
2.941666842,0.27500
2.958333492,0.27500
2.975000143,0.27600
2.991666794,0.27100
3.008333445,0.27400
3.025000095,0.27100
3.041666746,0.27100
3.058333397,0.26800
3.075000048,0.26700
3.091666698,0.26700
3.108333349,0.26600
3.125,0.26900
3.141666889,0.26500
3.15833354,0.26500
3.175000191,0.26500
3.191666842,0.26500
3.208333492,0.26100
3.225000143,0.26200
3.241666794,0.26500
3.258333445,0.26400
3.275000095,0.26400
3.291666746,0.26400
3.308333397,0.26600
3.325000048,0.26400
3.341666698,0.26400
3.358333349,0.26400
3.375,0.26400
3.391666889,0.26200
3.40833354,0.26400
3.425000191,0.26100
3.441666842,0.26100
3.458333492,0.25900
3.475000143,0.26100
3.491666794,0.26100
3.508333445,0.25900
3.525000095,0.25700
3.541666746,0.26100
3.558333397,0.25700
3.575000048,0.25400
3.591666698,0.25100
3.608333349,0.25200
3.625,0.25300
3.641666889,0.25300
3.65833354,0.25000
3.675000191,0.25000
3.691666842,0.25100
3.708333492,0.25000
3.725000143,0.24600
3.741666794,0.24800
3.758333445,0.24500
3.775000095,0.24500
3.791666746,0.24200
3.808333397,0.24400
3.825000048,0.24300
3.841666698,0.24300
3.858333349,0.24300
3.875,0.24300
3.891666889,0.24300
3.90833354,0.24500
3.925000191,0.24000
3.941666842,0.24100
3.958333492,0.24100
3.975000143,0.24100
3.991666794,0.24000
4.008333206,0.23900
4.025000095,0.23700
4.041666508,0.23800
4.058333397,0.23900
4.074999809,0.23800
4.091666698,0.23700
4.108333111,0.23600
4.125,0.23600
4.141666412,0.23300
4.158333302,0.23400
4.174999714,0.23400
4.191666603,0.23300
4.208333015,0.23400
4.224999905,0.23400
4.241666317,0.23100
4.258333206,0.23400
4.275000095,0.23300
4.291666508,0.23600
4.308333397,0.24500
4.324999809,0.24100
4.341666698,0.24700
4.358333111,0.24400
4.375,0.24700
4.391666412,0.24400
4.408333302,0.24600
4.424999714,0.24200
4.441666603,0.24400
4.458333015,0.24300
4.474999905,0.23500
4.491666317,0.23200
4.508333206,0.23500
4.525000095,0.24000
4.541666508,0.23600
4.558333397,0.23100
4.574999809,0.23400
4.591666698,0.23000
4.608333111,0.23000
4.625,0.22900
4.641666412,0.22700
4.658333302,0.22700
4.674999714,0.22600
4.691666603,0.22300
4.708333015,0.22400
4.724999905,0.22100
4.741666317,0.22400
4.758333206,0.22300
4.775000095,0.22300
4.791666508,0.22100
4.808333397,0.22000
4.824999809,0.21900
4.841666698,0.22000
4.858333111,0.22100
4.875,0.21900
4.891666412,0.22000
4.908333302,0.21900
4.924999714,0.21800
4.941666603,0.21800
4.958333015,0.21900
4.974999905,0.21600
4.991666317,0.21900
5.008333206,0.21700
5.025000095,0.21700
5.041666508,0.21700
5.058333397,0.21300
5.074999809,0.21600
5.091666698,0.21600
5.108333111,0.21200
5.125,0.21400
5.141666412,0.21200
5.158333302,0.21300
5.174999714,0.21300
5.191666603,0.21400
5.208333015,0.21100
5.224999905,0.21100
5.241666317,0.21100
5.258333206,0.21100
5.275000095,0.21100
5.291666508,0.20900
5.308333397,0.21000
5.324999809,0.21200
5.341666698,0.21200
5.358333111,0.21400
5.375,0.21200
5.391666412,0.21300
5.408333302,0.21300
5.424999714,0.21400
5.441666603,0.21600
5.458333015,0.21200
5.474999905,0.21200
5.491666317,0.21200
5.508333206,0.21100
5.525000095,0.21300
5.541666508,0.20900
5.558333397,0.21100
5.574999809,0.21300
5.591666698,0.21000
5.608333111,0.20800
5.625,0.21100
5.641666412,0.20900
5.658333302,0.21100
5.674999714,0.20700
5.691666603,0.20300
5.708333015,0.20500
5.724999905,0.20600
5.741666317,0.20600
5.758333206,0.20500
5.775000095,0.20200
5.791666508,0.20300
5.808333397,0.20300
5.824999809,0.20100
5.841666698,0.20200
5.858333111,0.20200
5.875,0.20100
5.891666412,0.20000
5.908333302,0.20300
5.924999714,0.20100
5.941666603,0.20100
5.958333015,0.20000
5.974999905,0.20100
5.991666317,0.19900
6.008333206,0.20000
6.025000095,0.20000
6.041666508,0.20000
6.058333397,0.19900
6.074999809,0.19800
6.091666698,0.19800
6.108333111,0.19900
6.125,0.19800
6.141666412,0.19600
6.158333302,0.19600
6.174999714,0.19600
6.191666603,0.19800
6.208333015,0.19600
6.224999905,0.19500
6.241666317,0.19600
6.258333206,0.19800
6.275000095,0.19700
6.291666508,0.19500
6.308333397,0.19400
6.324999809,0.19300
6.341666698,0.19400
6.358333111,0.19300
6.375,0.19400
6.391666412,0.19400
6.408333302,0.19400
6.424999714,0.19400
6.441666603,0.19000
6.458333015,0.20100
6.474999905,0.20400
6.491666317,0.20600
6.508333206,0.20700
6.525000095,0.20500
6.541666508,0.20000
6.558333397,0.20800
6.574999809,0.20600
6.591666698,0.19800
6.608333111,0.19600
6.625,0.20400
6.641666412,0.20000
6.658333302,0.19300
6.674999714,0.19800
6.691666603,0.19600
6.708333015,0.19500
6.724999905,0.20200
6.741666317,0.19600
6.758333206,0.19500
6.775000095,0.19500
6.791666508,0.19200
6.808333397,0.18900
6.824999809,0.19400
6.841666698,0.19000
6.858333111,0.19200
6.875,0.19100
6.891666412,0.19300
6.908333302,0.19200
6.924999714,0.19200
6.941666603,0.18600
6.958333015,0.18900
6.974999905,0.19000
6.991666317,0.19000
7.008333206,0.18700
7.025000095,0.18600
7.041666508,0.18800
7.058333397,0.18900
7.074999809,0.18800
7.091666698,0.18700
7.108333111,0.18600
7.125,0.18600
7.141666412,0.18400
7.158333302,0.18800
7.174999714,0.18800
7.191666603,0.18900
7.208333015,0.18700
7.224999905,0.18700
7.241666317,0.18400
7.258333206,0.18700
7.275000095,0.18700
7.291666508,0.18400
7.308333397,0.18500
7.324999809,0.18700
7.341666698,0.18500
7.358333111,0.18600
7.375,0.18200
7.391666412,0.18500
7.408333302,0.18600
7.424999714,0.18500
7.441666603,0.18400
7.458333015,0.18200
7.474999905,0.18200
7.491666317,0.18200
7.508333206,0.18200
7.525000095,0.18200
7.541666508,0.18300
7.558333397,0.18200
7.574999809,0.18000
7.591666698,0.18000
7.608333111,0.18200
7.625,0.18500
7.641666412,0.18100
7.658333302,0.18200
7.674999714,0.18200
7.691666603,0.18500
7.708333015,0.18600
7.724999905,0.18400
7.741666317,0.18300
7.758333206,0.18700
7.775000095,0.18400
7.791666508,0.18300
7.808333397,0.18500
7.824999809,0.18500
7.841666698,0.18500
7.858333111,0.18400
7.875,0.18700
7.891666412,0.18400
7.908333302,0.18400
7.924999714,0.18600
7.941666603,0.18200
7.958333015,0.18700
7.974999905,0.18400
7.991666317,0.18100
8.008333206,0.18400
8.024999619,0.18300
8.041666985,0.18400
8.058333397,0.18400
8.074999809,0.18200
8.091666222,0.18200
8.108333588,0.18100
8.125,0.17900
8.141666412,0.18100
8.158332825,0.17700
8.175000191,0.18000
8.191666603,0.18100
8.208333015,0.17900
8.224999428,0.17900
8.241666794,0.17900
8.258333206,0.17600
8.274999619,0.17900
8.291666985,0.17900
8.308333397,0.17800
8.324999809,0.17600
8.341666222,0.17600
8.358333588,0.17600
8.375,0.17700
8.391666412,0.17500
8.408332825,0.17600
8.425000191,0.17400
8.441666603,0.17700
8.458333015,0.17700
8.474999428,0.17400
8.491666794,0.17700
8.508333206,0.17700
8.524999619,0.17600
8.541666985,0.17600
8.558333397,0.17700
8.574999809,0.17700
8.591666222,0.17500
8.608333588,0.17600
8.625,0.17500
8.641666412,0.17500
8.658332825,0.17500
8.675000191,0.17400
8.691666603,0.17400
8.708333015,0.17400
8.724999428,0.17300
8.741666794,0.17400
8.758333206,0.17500
8.774999619,0.17400
8.791666985,0.17500
8.808333397,0.17200
8.824999809,0.17300
8.841666222,0.17400
8.858333588,0.17200
8.875,0.17200
8.891666412,0.17200
8.908332825,0.17300
8.925000191,0.17200
8.941666603,0.17000
8.958333015,0.17400
8.974999428,0.17200
8.991666794,0.17300
9.008333206,0.17500
9.024999619,0.17400
9.041666985,0.17500
9.058333397,0.17700
9.074999809,0.18200
9.091666222,0.18200
9.108333588,0.18200
9.125,0.18400
9.141666412,0.18100
9.158332825,0.18300
9.175000191,0.18400
9.191666603,0.18700
9.208333015,0.18400
9.224999428,0.18400
9.241666794,0.18400
9.258333206,0.18400
9.274999619,0.18100
9.291666985,0.17600
9.308333397,0.18100
9.324999809,0.17400
9.341666222,0.17400
9.358333588,0.17800
9.375,0.17500
9.391666412,0.17700
9.408332825,0.17000
9.425000191,0.17600
9.441666603,0.17800
9.458333015,0.17700
9.474999428,0.17700
9.491666794,0.17500
9.508333206,0.17400
9.524999619,0.17300
9.541666985,0.17700
9.558333397,0.17300
9.574999809,0.17400
9.591666222,0.17300
9.608333588,0.17200
9.625,0.17300
9.641666412,0.17200
9.658332825,0.17200
9.675000191,0.17300
9.691666603,0.17000
9.708333015,0.17200
9.724999428,0.17200
9.741666794,0.17000
9.758333206,0.17300
9.774999619,0.17000
9.791666985,0.16800
9.808333397,0.16800
9.824999809,0.16800
9.841666222,0.16900
9.858333588,0.16900
9.875,0.17100
9.891666412,0.17100
9.908332825,0.16900
9.925000191,0.16800
9.941666603,0.17100
9.958333015,0.16900
9.974999428,0.16900
9.991666794,0.16900
10.00833321,0.17100
10.02499962,0.17000
10.04166698,0.17000
10.0583334,0.17100
10.07499981,0.17300
10.09166622,0.17100
10.10833359,0.17000
10.125,0.17000
10.14166641,0.16600
10.15833282,0.17000
10.17500019,0.17000
10.1916666,0.16900
10.20833302,0.16800
10.22499943,0.16800
10.24166679,0.17100
10.25833321,0.16900
10.27499962,0.17000
10.29166698,0.17000
10.3083334,0.16800
10.32499981,0.16900
10.34166622,0.16600
10.35833359,0.16900
10.375,0.16900
10.39166641,0.16800
10.40833282,0.16900
10.42500019,0.16900
10.4416666,0.16700
10.45833302,0.16800
10.47499943,0.16700
10.49166679,0.16700
10.50833321,0.16700
10.52499962,0.16800
10.54166698,0.16600
10.5583334,0.16600
10.57499981,0.16400
10.59166622,0.16900
10.60833359,0.17200
10.625,0.16800
10.64166641,0.17000
10.65833282,0.17000
10.67500019,0.17000
10.6916666,0.17000
10.70833302,0.17000
10.72499943,0.17100
10.74166679,0.17100
10.75833321,0.16800
10.77499962,0.17100
10.79166698,0.17000
10.8083334,0.17100
10.82499981,0.17000
10.84166622,0.16900
10.85833359,0.16900
10.875,0.17000
10.89166641,0.16900
10.90833282,0.16900
10.92500019,0.17000
10.9416666,0.17100
10.95833302,0.17100
10.97499943,0.17000
10.99166679,0.17000
11.00833321,0.16800
11.02499962,0.17200
11.04166698,0.17100
11.0583334,0.17000
11.07499981,0.17000
11.09166622,0.17100
11.10833359,0.16900
11.125,0.16700
11.14166641,0.16800
11.15833282,0.16700
11.17500019,0.16700
11.1916666,0.16900
11.20833302,0.16700
11.22499943,0.16600
11.24166679,0.16700
11.25833321,0.16600
11.27499962,0.16500
11.29166698,0.16600
11.3083334,0.16600
11.32499981,0.16800
11.34166622,0.16500
11.35833359,0.16300
11.375,0.16600
11.39166641,0.16600
11.40833282,0.16400
11.42500019,0.16600
11.4416666,0.16300
11.45833302,0.16400
11.47499943,0.16200
11.49166679,0.16400
11.50833321,0.16300
11.52499962,0.16400
11.54166698,0.16500
11.5583334,0.16400
11.57499981,0.16500
11.59166622,0.16600
11.60833359,0.16400
11.625,0.16500
11.64166641,0.16500
11.65833282,0.16500
11.67500019,0.16600
11.6916666,0.16500
11.70833302,0.16400
11.72499943,0.16700
11.74166679,0.16400
11.75833321,0.16300
11.77499962,0.16400
11.79166698,0.16100
11.8083334,0.16300
11.82499981,0.16400
11.84166622,0.16300
11.85833359,0.16100
11.875,0.16300
11.89166641,0.16300
11.90833282,0.16200
11.92500019,0.16400
11.9416666,0.16200
11.95833302,0.16200
11.97499943,0.16400
11.99166679,0.16400
12.00833321,0.16200
12.02499962,0.16300
12.04166698,0.16400
12.0583334,0.16200
12.07499981,0.16300
12.09166622,0.16400
12.10833359,0.16200
12.125,0.16200
12.14166641,0.16300
12.15833282,0.16200
12.17500019,0.16300
12.1916666,0.16300
12.20833302,0.16400
12.22499943,0.16300
12.24166679,0.16200
12.25833321,0.15900
12.27499962,0.16100
12.29166698,0.16200
12.3083334,0.16600
12.32499981,0.17200
12.34166622,0.16600
12.35833359,0.15900
12.375,0.16400
12.39166641,0.17100
12.40833282,0.17400
12.42500019,0.17300
12.4416666,0.17400
12.45833302,0.17400
12.47499943,0.17100
12.49166679,0.17200
12.50833321,0.17500
12.52499962,0.17300
12.54166698,0.16700
12.5583334,0.17200
12.57499981,0.17400
12.59166622,0.16800
12.60833359,0.16400
12.625,0.17100
12.64166641,0.17400
12.65833282,0.17100
12.67500019,0.16800
12.6916666,0.16600
12.70833302,0.16800
12.72499943,0.16400
12.74166679,0.17000
12.75833321,0.17000
12.77499962,0.16000
12.79166698,0.16700
12.8083334,0.17000
12.82499981,0.16300
12.84166622,0.16500
12.85833359,0.16600
12.875,0.16500
12.89166641,0.16600
12.90833282,0.16500
12.92500019,0.16600
12.9416666,0.16400
12.95833302,0.16400
12.97499943,0.16500
12.99166679,0.16300
13.00833321,0.16500
13.02499962,0.16400
13.04166698,0.16500
13.0583334,0.16600
13.07499981,0.16400
13.09166622,0.16400
13.10833359,0.16600
13.125,0.16300
13.14166641,0.16200
13.15833282,0.16100
13.17500019,0.16300
13.1916666,0.16100
13.20833302,0.16400
13.22499943,0.16200
13.24166679,0.16100
13.25833321,0.16200
13.27499962,0.16500
13.29166698,0.16300
13.3083334,0.16200
13.32499981,0.16200
13.34166622,0.15900
13.35833359,0.16200
13.375,0.16200
13.39166641,0.16200
13.40833282,0.16200
13.42500019,0.15800
13.4416666,0.16100
13.45833302,0.16100
13.47499943,0.16100
13.49166679,0.16400
13.50833321,0.16300
13.52499962,0.16200
13.54166698,0.16400
13.5583334,0.16300
13.57499981,0.16200
13.59166622,0.16100
13.60833359,0.16200
13.625,0.16400
13.64166641,0.16400
13.65833282,0.16300
13.67500019,0.16100
13.6916666,0.16300
13.70833302,0.16400
13.72499943,0.16300
13.74166679,0.16300
13.75833321,0.16300
13.77499962,0.16500
13.79166698,0.16000
13.8083334,0.16100
13.82499981,0.16200
13.84166622,0.16200
13.85833359,0.15900
13.875,0.16300
13.89166641,0.16300
13.90833282,0.16000
13.92500019,0.16000
13.9416666,0.16300
13.95833302,0.15900
13.97499943,0.16200
13.99166679,0.16000
14.00833321,0.15900
14.02499962,0.16000
14.04166698,0.16000
14.0583334,0.16200
14.07499981,0.16100
14.09166622,0.16200
14.10833359,0.16200
14.125,0.15900
14.14166641,0.15700
14.15833282,0.15800
14.17500019,0.15900
14.1916666,0.15900
14.20833302,0.16000
14.22499943,0.16100
14.24166679,0.16000
14.25833321,0.16000
14.27499962,0.16100
14.29166698,0.15700
14.3083334,0.16100
14.32499981,0.16100
14.34166622,0.16100
14.35833359,0.16300
14.375,0.16200
14.39166641,0.16300
14.40833282,0.16500
14.42500019,0.16200
14.4416666,0.16500
14.45833302,0.16400
14.47499943,0.16300
14.49166679,0.16400
14.50833321,0.16300
14.52499962,0.16200
14.54166698,0.16500
14.5583334,0.16300
14.57499981,0.16300
14.59166622,0.16300
14.60833359,0.16300
14.625,0.16300
14.64166641,0.16400
14.65833282,0.16200
14.67500019,0.16500
14.6916666,0.16300
14.70833302,0.16500
14.72499943,0.16100
14.74166679,0.16200
14.75833321,0.16500
14.77499962,0.16100
14.79166698,0.16400
14.8083334,0.16600
14.82499981,0.16200
14.84166622,0.16100
14.85833359,0.16400
14.875,0.16300
14.89166641,0.16100
14.90833282,0.16100
14.92500019,0.16100
14.9416666,0.16100
14.95833302,0.16200
14.97499943,0.16000
14.99166679,0.16100
15.00833321,0.16000
15.02499962,0.16100
15.04166698,0.15900
15.0583334,0.16000
15.07499981,0.16200
15.09166622,0.15800
15.10833359,0.15900
15.125,0.16100
15.14166641,0.16100
15.15833282,0.16100
15.17500019,0.15900
15.1916666,0.16000
15.20833302,0.16000
15.22499943,0.16100
15.24166679,0.16100
15.25833321,0.16100
15.27499962,0.16000
15.29166698,0.16000
15.3083334,0.15700
15.32499981,0.15900
15.34166622,0.15900
15.35833359,0.16000
15.375,0.15800
15.39166641,0.15800
15.40833282,0.15800
15.42500019,0.16000
15.4416666,0.16000
15.45833302,0.15900
15.47499943,0.15900
15.49166679,0.15800
15.50833321,0.16100
15.52499962,0.16000
15.54166698,0.16100
15.5583334,0.15900
15.57499981,0.15800
15.59166622,0.16200
15.60833359,0.15900
15.625,0.16000
15.64166641,0.16000
15.65833282,0.16000
15.67500019,0.16000
15.6916666,0.16000
15.70833302,0.15800
15.72499943,0.15800
15.74166679,0.16000
15.75833321,0.15900
15.77499962,0.15900
15.79166698,0.15900
15.8083334,0.16100
15.82499981,0.15800
15.84166622,0.15800
15.85833359,0.16100
15.875,0.15800
15.89166641,0.15800
15.90833282,0.15700
15.92500019,0.15900
15.9416666,0.15900
15.95833302,0.16000
15.97499943,0.15900
15.99166679,0.15700
16.00833321,0.15900
16.02499962,0.16000
16.04166603,0.15800
16.05833244,0.15800
16.07500076,0.15800
16.09166718,0.15900
16.10833359,0.15900
16.125,0.15900
16.14166641,0.16000
16.15833282,0.16000
16.17499924,0.15900
16.19166565,0.15800
16.20833397,0.16000
16.22500038,0.15800
16.24166679,0.16000
16.25833321,0.15600
16.27499962,0.15900
16.29166603,0.15900
16.30833244,0.16000
16.32500076,0.15800
16.34166718,0.15700
16.35833359,0.16000
16.375,0.15900
16.39166641,0.16100
16.40833282,0.16100
16.42499924,0.16400
16.44166565,0.16200
16.45833397,0.16300
16.47500038,0.16200
16.49166679,0.15900
16.50833321,0.16700
16.52499962,0.16700
16.54166603,0.16600
16.55833244,0.16400
16.57500076,0.16900
16.59166718,0.16900
16.60833359,0.16700
16.625,0.16700
16.64166641,0.16800
16.65833282,0.16800
16.67499924,0.16900
16.69166565,0.16900
16.70833397,0.16800
16.72500038,0.16900
16.74166679,0.16600
16.75833321,0.15600
16.77499962,0.16300
16.79166603,0.16800
16.80833244,0.16700
16.82500076,0.16900
16.84166718,0.16600
16.85833359,0.17000
16.875,0.16000
16.89166641,0.16400
16.90833282,0.16200
16.92499924,0.16700
16.94166565,0.16300
16.95833397,0.16200
16.97500038,0.16300
16.99166679,0.16100
17.00833321,0.16600
17.02499962,0.16300
17.04166603,0.16400
17.05833244,0.16300
17.07500076,0.16100
17.09166718,0.16400
17.10833359,0.16500
17.125,0.16000
17.14166641,0.16200
17.15833282,0.16300
17.17499924,0.16100
17.19166565,0.16200
17.20833397,0.16200
17.22500038,0.16400
17.24166679,0.16000
17.25833321,0.16100
17.27499962,0.16200
17.29166603,0.15900
17.30833244,0.16000
17.32500076,0.16000
17.34166718,0.16100
17.35833359,0.16000
17.375,0.16100
17.39166641,0.15900
17.40833282,0.15800
17.42499924,0.16000
17.44166565,0.16100
17.45833397,0.16100
17.47500038,0.15800
17.49166679,0.15900
17.50833321,0.16100
17.52499962,0.16000
17.54166603,0.16000
17.55833244,0.16000
17.57500076,0.16000
17.59166718,0.15900
17.60833359,0.16000
17.625,0.16000
17.64166641,0.16100
17.65833282,0.15800
17.67499924,0.15800
17.69166565,0.15900
17.70833397,0.15900
17.72500038,0.15800
17.74166679,0.15800
17.75833321,0.15700
17.77499962,0.15800
17.79166603,0.15700
17.80833244,0.15900
17.82500076,0.15900
17.84166718,0.15800
17.85833359,0.15900
17.875,0.16000
17.89166641,0.15900
17.90833282,0.15900
17.92499924,0.16200
17.94166565,0.15900
17.95833397,0.15900
17.97500038,0.16100
17.99166679,0.15900
18.00833321,0.16100
18.02499962,0.15900
18.04166603,0.15900
18.05833244,0.15900
18.07500076,0.16100
18.09166718,0.16000
18.10833359,0.15900
18.125,0.16100
18.14166641,0.16100
18.15833282,0.16000
18.17499924,0.15800
18.19166565,0.15800
18.20833397,0.16000
18.22500038,0.15800
18.24166679,0.15900
18.25833321,0.15700
18.27499962,0.16000
18.29166603,0.16000
18.30833244,0.15600
18.32500076,0.15900
18.34166718,0.15700
18.35833359,0.16000
18.375,0.16000
18.39166641,0.15700
18.40833282,0.15900
18.42499924,0.15900
18.44166565,0.15800
18.45833397,0.16000
18.47500038,0.15700
18.49166679,0.15700
18.50833321,0.15600
18.52499962,0.15600
18.54166603,0.16100
18.55833244,0.15700
18.57500076,0.15900
18.59166718,0.15900
18.60833359,0.15500
18.625,0.15700
18.64166641,0.15900
18.65833282,0.15900
18.67499924,0.15600
18.69166565,0.15800
18.70833397,0.15900
18.72500038,0.15700
18.74166679,0.15800
18.75833321,0.15700
18.77499962,0.15700
18.79166603,0.15800
18.80833244,0.16000
18.82500076,0.15700
18.84166718,0.15600
18.85833359,0.15800
18.875,0.16100
18.89166641,0.16000
18.90833282,0.15800
18.92499924,0.16200
18.94166565,0.16000
18.95833397,0.16200
18.97500038,0.15800
18.99166679,0.16000
19.00833321,0.16200
19.02499962,0.16200
19.04166603,0.16100
19.05833244,0.16100
19.07500076,0.16100
19.09166718,0.16200
19.10833359,0.16100
19.125,0.16000
19.14166641,0.16100
19.15833282,0.16300
19.17499924,0.16000
19.19166565,0.16400
19.20833397,0.16100
19.22500038,0.16100
19.24166679,0.16200
19.25833321,0.16000
19.27499962,0.16000
19.29166603,0.15900
19.30833244,0.16100
19.32500076,0.16200
19.34166718,0.16400
19.35833359,0.16100
19.375,0.16300
19.39166641,0.16100
19.40833282,0.16100
19.42499924,0.16100
19.44166565,0.16100
19.45833397,0.16100
19.47500038,0.15900
19.49166679,0.15900
19.50833321,0.16000
19.52499962,0.16100
19.54166603,0.16400
19.55833244,0.16200
19.57500076,0.16000
19.59166718,0.16000
19.60833359,0.16200
19.625,0.16000
19.64166641,0.16000
19.65833282,0.15800
19.67499924,0.16100
19.69166565,0.16100
19.70833397,0.16100
19.72500038,0.16000
19.74166679,0.16000
19.75833321,0.16000
19.77499962,0.15900
19.79166603,0.15900
19.80833244,0.16000
19.82500076,0.16100
19.84166718,0.16000
19.85833359,0.15800
19.875,0.15700
19.89166641,0.16000
19.90833282,0.15900
19.92499924,0.15900
19.94166565,0.16000
19.95833397,0.15900
19.97500038,0.15900
19.99166679,0.16000
20.00833321,0.15900
20.02499962,0.15800
20.04166603,0.16000
20.05833244,0.15600
20.07500076,0.15700
20.09166718,0.16100
20.10833359,0.16000
20.125,0.15800
20.14166641,0.15500
20.15833282,0.15800
20.17499924,0.15800
20.19166565,0.15800
20.20833397,0.15700
20.22500038,0.15900
20.24166679,0.15700
20.25833321,0.15600
20.27499962,0.15700
20.29166603,0.15800
20.30833244,0.15700
20.32500076,0.15900
20.34166718,0.15800
20.35833359,0.15700
20.375,0.15800
20.39166641,0.15800
20.40833282,0.16000
20.42499924,0.16000
20.44166565,0.15900
20.45833397,0.15900
20.47500038,0.15800
20.49166679,0.15900
20.50833321,0.16000
20.52499962,0.16000
20.54166603,0.15900
20.55833244,0.15900
20.57500076,0.15500
20.59166718,0.15700
20.60833359,0.15900
20.625,0.15900
20.64166641,0.15600
20.65833282,0.16100
20.67499924,0.16100
20.69166565,0.15700
20.70833397,0.16000
20.72500038,0.16000
20.74166679,0.15800
20.75833321,0.15700
20.77499962,0.16200
20.79166603,0.15900
20.80833244,0.15600
20.82500076,0.15800
20.84166718,0.15700
20.85833359,0.15900
20.875,0.15700
20.89166641,0.15700
20.90833282,0.15600
20.92499924,0.15800
20.94166565,0.16000
20.95833397,0.16000
20.97500038,0.15600
20.99166679,0.15800
21.00833321,0.15700
21.02499962,0.15800
21.04166603,0.15800
21.05833244,0.15700
21.07500076,0.15600
21.09166718,0.15700
21.10833359,0.15900
21.125,0.15700
21.14166641,0.15800
21.15833282,0.15800
21.17499924,0.16000
21.19166565,0.15800
21.20833397,0.15900
21.22500038,0.15800
21.24166679,0.16000
21.25833321,0.15500
21.27499962,0.16000
21.29166603,0.16100
21.30833244,0.15900
21.32500076,0.15900
21.34166718,0.15600
21.35833359,0.15800
21.375,0.15700
21.39166641,0.15800
21.40833282,0.15700
21.42499924,0.15600
21.44166565,0.15900
21.45833397,0.15900
21.47500038,0.16000
21.49166679,0.15700
21.50833321,0.16100
21.52499962,0.15700
21.54166603,0.15900
21.55833244,0.16300
21.57500076,0.16000
21.59166718,0.15600
21.60833359,0.16200
21.625,0.16300
21.64166641,0.15900
21.65833282,0.16200
21.67499924,0.15500
21.69166565,0.15600
21.70833397,0.16000
21.72500038,0.15500
21.74166679,0.15900
21.75833321,0.16400
21.77499962,0.16600
21.79166603,0.16900
21.80833244,0.16800
21.82500076,0.16500
21.84166718,0.16700
21.85833359,0.16800
21.875,0.16600
21.89166641,0.16800
21.90833282,0.16900
21.92499924,0.16700
21.94166565,0.16800
21.95833397,0.16400
21.97500038,0.15900
21.99166679,0.16900
22.00833321,0.16800
22.02499962,0.16900
22.04166603,0.16100
22.05833244,0.16700
22.07500076,0.16000
22.09166718,0.15900
22.10833359,0.16500
22.125,0.16300
22.14166641,0.15800
22.15833282,0.16800
22.17499924,0.16200
22.19166565,0.16100
22.20833397,0.15800
22.22500038,0.16100
22.24166679,0.16800
22.25833321,0.16200
22.27499962,0.16200
22.29166603,0.16200
22.30833244,0.15800
22.32500076,0.16100
22.34166718,0.16500
22.35833359,0.16000
22.375,0.16900
22.39166641,0.16300
22.40833282,0.16300
22.42499924,0.16300
22.44166565,0.16200
22.45833397,0.16100
22.47500038,0.16100
22.49166679,0.15900
22.50833321,0.15700
22.52499962,0.16200
22.54166603,0.16200
22.55833244,0.16300
22.57500076,0.16100
22.59166718,0.15900
22.60833359,0.16000
22.625,0.16100
22.64166641,0.16100
22.65833282,0.16100
22.67499924,0.16200
22.69166565,0.16100
22.70833397,0.16100
22.72500038,0.16100
22.74166679,0.16100
22.75833321,0.16000
22.77499962,0.16200
22.79166603,0.16000
22.80833244,0.16100
22.82500076,0.16000
22.84166718,0.15800
22.85833359,0.16200
22.875,0.15900
22.89166641,0.16200
22.90833282,0.16000
22.92499924,0.16100
22.94166565,0.16000
22.95833397,0.16000
22.97500038,0.15900
22.99166679,0.16100
23.00833321,0.15900
23.02499962,0.15800
23.04166603,0.15900
23.05833244,0.16200
23.07500076,0.15800
23.09166718,0.16000
23.10833359,0.15900
23.125,0.15800
23.14166641,0.15800
23.15833282,0.16000
23.17499924,0.15900
23.19166565,0.15700
23.20833397,0.15800
23.22500038,0.15900
23.24166679,0.15700
23.25833321,0.15900
23.27499962,0.15700
23.29166603,0.16100
23.30833244,0.15800
23.32500076,0.15900
23.34166718,0.16000
23.35833359,0.15900
23.375,0.15900
23.39166641,0.15700
23.40833282,0.15800
23.42499924,0.15800
23.44166565,0.15900
23.45833397,0.15900
23.47500038,0.15700
23.49166679,0.15800
23.50833321,0.15800
23.52499962,0.16000
23.54166603,0.15800
23.55833244,0.15900
23.57500076,0.15800
23.59166718,0.15900
23.60833359,0.15600
23.625,0.15900
23.64166641,0.15700
23.65833282,0.15700
23.67499924,0.16000
23.69166565,0.16100
23.70833397,0.16200
23.72500038,0.16000
23.74166679,0.16000
23.75833321,0.15900
23.77499962,0.15800
23.79166603,0.16000
23.80833244,0.15800
23.82500076,0.15700
23.84166718,0.16000
23.85833359,0.15800
23.875,0.16100
23.89166641,0.15800
23.90833282,0.15900
23.92499924,0.15800
23.94166565,0.15900
23.95833397,0.15900
23.97500038,0.15800
23.99166679,0.16000
24.00833321,0.15600
24.02499962,0.15800
24.04166603,0.15800
24.05833244,0.15900
24.07500076,0.15700
24.09166718,0.15800
24.10833359,0.16000
24.125,0.15700
24.14166641,0.15900
24.15833282,0.15900
24.17499924,0.15700
24.19166565,0.15900
24.20833397,0.15900
24.22500038,0.15900
24.24166679,0.15800
24.25833321,0.15900
24.27499962,0.15800
24.29166603,0.15900
24.30833244,0.15700
24.32500076,0.15600
24.34166718,0.15800
24.35833359,0.16000
24.375,0.15800
24.39166641,0.15800
24.40833282,0.15800
24.42499924,0.15800
24.44166565,0.16100
24.45833397,0.15700
24.47500038,0.15700
24.49166679,0.15800
24.50833321,0.16000
24.52499962,0.15800
24.54166603,0.15900
24.55833244,0.15900
24.57500076,0.16000
24.59166718,0.15800
24.60833359,0.15700
24.625,0.15900
24.64166641,0.15800
24.65833282,0.15800
24.67499924,0.15800
24.69166565,0.15800
24.70833397,0.15700
24.72500038,0.15600
24.74166679,0.15800
24.75833321,0.15800
24.77499962,0.15600
24.79166603,0.15900
24.80833244,0.15900
24.82500076,0.15800
24.84166718,0.16100
24.85833359,0.15700
24.875,0.15900
24.89166641,0.15700
24.90833282,0.15700
24.92499924,0.15800
24.94166565,0.15800
24.95833397,0.16100
24.97500038,0.16000
24.99166679,0.15900
25.00833321,0.16000
25.02499962,0.16000
25.04166603,0.16000
25.05833244,0.16000
25.07500076,0.16200
25.09166718,0.16000
25.10833359,0.15900
25.125,0.16200
25.14166641,0.16100
25.15833282,0.16100
25.17499924,0.16200
25.19166565,0.15900
25.20833397,0.16000
25.22500038,0.16000
25.24166679,0.16300
25.25833321,0.16000
25.27499962,0.16200
25.29166603,0.15900
25.30833244,0.16100
25.32500076,0.16200
25.34166718,0.16000
25.35833359,0.16100
25.375,0.16100
25.39166641,0.16100
25.40833282,0.16000
25.42499924,0.16200
25.44166565,0.16300
25.45833397,0.16100
25.47500038,0.16200
25.49166679,0.16100
25.50833321,0.16100
25.52499962,0.16200
25.54166603,0.16200
25.55833244,0.16200
25.57500076,0.16000
25.59166718,0.16100
25.60833359,0.16200
25.625,0.16100
25.64166641,0.16100
25.65833282,0.16000
25.67499924,0.16000
25.69166565,0.16000
25.70833397,0.16200
25.72500038,0.16100
25.74166679,0.16100
25.75833321,0.16100
25.77499962,0.16000
25.79166603,0.16100
25.80833244,0.16000
25.82500076,0.16300
25.84166718,0.16100
25.85833359,0.16100
25.875,0.16300
25.89166641,0.16000
25.90833282,0.16000
25.92499924,0.16400
25.94166565,0.16100
25.95833397,0.16100
25.97500038,0.16100
25.99166679,0.16000
26.00833321,0.16000
26.02499962,0.16100
26.04166603,0.16200
26.05833244,0.16100
26.07500076,0.16100
26.09166718,0.16300
26.10833359,0.16000
26.125,0.16000
26.14166641,0.15800
26.15833282,0.15800
26.17499924,0.15900
26.19166565,0.16000
26.20833397,0.15900
26.22500038,0.16000
26.24166679,0.15900
26.25833321,0.16000
26.27499962,0.15800
26.29166603,0.15800
26.30833244,0.16000
26.32500076,0.16000
26.34166718,0.16000
26.35833359,0.15900
26.375,0.15900
26.39166641,0.16100
26.40833282,0.15900
26.42499924,0.16000
26.44166565,0.15900
26.45833397,0.16000
26.47500038,0.15800
26.49166679,0.16000
26.50833321,0.15900
26.52499962,0.15800
26.54166603,0.16000
26.55833244,0.15900
26.57500076,0.15900
26.59166718,0.15800
26.60833359,0.15900
26.625,0.15800
26.64166641,0.16000
26.65833282,0.15900
26.67499924,0.15800
26.69166565,0.15800
26.70833397,0.15700
26.72500038,0.15900
26.74166679,0.15800
26.75833321,0.15900
26.77499962,0.15900
26.79166603,0.15900
26.80833244,0.15700
26.82500076,0.15900
26.84166718,0.15600
26.85833359,0.15600
26.875,0.15700
26.89166641,0.15700
26.90833282,0.15600
26.92499924,0.15800
26.94166565,0.15700
26.95833397,0.15800
26.97500038,0.15800
26.99166679,0.15800
27.00833321,0.15800
27.02499962,0.15800
27.04166603,0.15900
27.05833244,0.15800
27.07500076,0.15900
27.09166718,0.16000
27.10833359,0.16000
27.125,0.15800
27.14166641,0.15700
27.15833282,0.15900
27.17499924,0.15900
27.19166565,0.15800
27.20833397,0.16000
27.22500038,0.16000
27.24166679,0.15800
27.25833321,0.16000
27.27499962,0.15700
27.29166603,0.16000
27.30833244,0.15900
27.32500076,0.15800
27.34166718,0.15900
27.35833359,0.15800
27.375,0.15600
27.39166641,0.15600
27.40833282,0.15800
27.42499924,0.15800
27.44166565,0.15900
27.45833397,0.15900
27.47500038,0.15900
27.49166679,0.16000
27.50833321,0.16000
27.52499962,0.15900
27.54166603,0.16000
27.55833244,0.15900
27.57500076,0.15700
27.59166718,0.15700
27.60833359,0.15900
27.625,0.15800
27.64166641,0.16000
27.65833282,0.15700
27.67499924,0.15800
27.69166565,0.15900
27.70833397,0.15800
27.72500038,0.15700
27.74166679,0.15900
27.75833321,0.16000
27.77499962,0.15800
27.79166603,0.15800
27.80833244,0.15900
27.82500076,0.15600
27.84166718,0.15700
27.85833359,0.15700
27.875,0.15900
27.89166641,0.15800
27.90833282,0.15900
27.92499924,0.15700
27.94166565,0.15600
27.95833397,0.15700
27.97500038,0.15900
27.99166679,0.15900
28.00833321,0.15700
28.02499962,0.15900
28.04166603,0.15700
28.05833244,0.15700
28.07500076,0.15600
28.09166718,0.16000
28.10833359,0.16100
28.125,0.15800
28.14166641,0.15900
28.15833282,0.15700
28.17499924,0.15700
28.19166565,0.15900
28.20833397,0.15800
28.22500038,0.15700
28.24166679,0.15700
28.25833321,0.15700
28.27499962,0.16000
28.29166603,0.15800
28.30833244,0.15800
28.32500076,0.15700
28.34166718,0.16000
28.35833359,0.15600
28.375,0.15800
28.39166641,0.15700
28.40833282,0.15600
28.42499924,0.16000
28.44166565,0.15800
28.45833397,0.15800
28.47500038,0.15600
28.49166679,0.15800
28.50833321,0.15800
28.52499962,0.15900
28.54166603,0.15700
28.55833244,0.15900
28.57500076,0.15700
28.59166718,0.15600
28.60833359,0.15800
28.625,0.15700
28.64166641,0.15700
28.65833282,0.15600
28.67499924,0.15800
28.69166565,0.15800
28.70833397,0.16000
28.72500038,0.15600
28.74166679,0.16000
28.75833321,0.15900
28.77499962,0.15800
28.79166603,0.16100
28.80833244,0.15700
28.82500076,0.15900
28.84166718,0.15800
28.85833359,0.15900
28.875,0.16500
28.89166641,0.15900
28.90833282,0.15900
28.92499924,0.15400
28.94166565,0.15700
28.95833397,0.16500
28.97500038,0.16300
28.99166679,0.16600
29.00833321,0.15900
29.02499962,0.15900
29.04166603,0.16500
29.05833244,0.16600
29.07500076,0.16700
29.09166718,0.16800
29.10833359,0.16700
29.125,0.16500
29.14166641,0.16700
29.15833282,0.16700
29.17499924,0.16500
29.19166565,0.16700
29.20833397,0.16700
29.22500038,0.16700
29.24166679,0.16900
29.25833321,0.16700
29.27499962,0.16700
29.29166603,0.16400
29.30833244,0.16800
29.32500076,0.16800
29.34166718,0.16700
29.35833359,0.16800
29.375,0.16500
29.39166641,0.16500
29.40833282,0.16700
29.42499924,0.16600
29.44166565,0.16400
29.45833397,0.16700
29.47500038,0.16500
29.49166679,0.16500
29.50833321,0.15900
29.52499962,0.16200
29.54166603,0.16000
29.55833244,0.16100
29.57500076,0.15600
29.59166718,0.16500
29.60833359,0.16600
29.625,0.16800
29.64166641,0.16600
29.65833282,0.15700
29.67499924,0.16800
29.69166565,0.16800
29.70833397,0.15800
29.72500038,0.16500
29.74166679,0.16000
29.75833321,0.15600
29.77499962,0.16400
29.79166603,0.16500
29.80833244,0.16600
29.82500076,0.16400
29.84166718,0.16600
29.85833359,0.16200
29.875,0.15700
29.89166641,0.16300
29.90833282,0.15900
29.92499924,0.16200
29.94166565,0.16400
29.95833397,0.16200
29.97500038,0.16700
29.99166679,0.16400
30.00833321,0.16300
30.02499962,0.16300
30.04166603,0.16900
30.05833244,0.16500
30.07500076,0.15700
30.09166718,0.16200
30.10833359,0.16400
30.125,0.16000
30.14166641,0.16500
30.15833282,0.16400
30.17499924,0.16200
30.19166565,0.16200
30.20833397,0.16400
30.22500038,0.16400
30.24166679,0.16400
30.25833321,0.16300
30.27499962,0.16600
30.29166603,0.16300
30.30833244,0.16100
30.32500076,0.16100
30.34166718,0.15900
30.35833359,0.16100
30.375,0.16500
30.39166641,0.15800
30.40833282,0.15900
30.42499924,0.16100
30.44166565,0.16100
30.45833397,0.16000
30.47500038,0.16200
30.49166679,0.16100
30.50833321,0.16200
30.52499962,0.16000
30.54166603,0.16200
30.55833244,0.16200
30.57500076,0.16000
30.59166718,0.16200
30.60833359,0.15900
30.625,0.15900
30.64166641,0.15900
30.65833282,0.16000
30.67499924,0.16000
30.69166565,0.15800
30.70833397,0.16100
30.72500038,0.15900
30.74166679,0.16000
30.75833321,0.15900
30.77499962,0.15900
30.79166603,0.15900
30.80833244,0.16100
30.82500076,0.16000
30.84166718,0.15900
30.85833359,0.15900
30.875,0.16000
30.89166641,0.15800
30.90833282,0.15900
30.92499924,0.16100
30.94166565,0.16000
30.95833397,0.16000
30.97500038,0.16100
30.99166679,0.15900
31.00833321,0.15900
31.02499962,0.16000
31.04166603,0.15900
31.05833244,0.15800
31.07500076,0.15800
31.09166718,0.15800
31.10833359,0.16000
31.125,0.15900
31.14166641,0.15800
31.15833282,0.15800
31.17499924,0.15900
31.19166565,0.15900
31.20833397,0.15800
31.22500038,0.15900
31.24166679,0.16000
31.25833321,0.15900
31.27499962,0.15900
31.29166603,0.15500
31.30833244,0.15700
31.32500076,0.15800
31.34166718,0.15900
31.35833359,0.15800
31.375,0.15900
31.39166641,0.15900
31.40833282,0.15800
31.42499924,0.15700
31.44166565,0.15900
31.45833397,0.15800
31.47500038,0.15800
31.49166679,0.15800
31.50833321,0.16000
31.52499962,0.15900
31.54166603,0.16000
31.55833244,0.15900
31.57500076,0.15900
31.59166718,0.15900
31.60833359,0.16200
31.625,0.16000
31.64166641,0.15900
31.65833282,0.16000
31.67499924,0.15900
31.69166565,0.16000
31.70833397,0.16200
31.72500038,0.15900
31.74166679,0.16200
31.75833321,0.15900
31.77499962,0.15800
31.79166603,0.15900
31.80833244,0.15800
31.82500076,0.16000
31.84166718,0.16000
31.85833359,0.16100
31.875,0.15800
31.89166641,0.16000
31.90833282,0.16000
31.92499924,0.16100
31.94166565,0.15900
31.95833397,0.15900
31.97500038,0.16000
31.99166679,0.15800
32.00833511,0.16000
32.02500153,0.16100
32.04166794,0.16000
32.05833435,0.16100
32.07500076,0.16100
32.09166718,0.15900
32.10833359,0.16000
32.125,0.16000
32.14167023,0.16100
32.15833664,0.15900
32.17500305,0.15900
32.19166946,0.15900
32.20833588,0.15900
32.22500229,0.15900
32.2416687,0.16000
32.25833511,0.15900
32.27500153,0.16200
32.29166794,0.15800
32.30833435,0.16000
32.32500076,0.16200
32.34166718,0.16000
32.35833359,0.16000
32.375,0.16000
32.39167023,0.16200
32.40833664,0.16100
32.42500305,0.16000
32.44166946,0.16000
32.45833588,0.15800
32.47500229,0.16000
32.4916687,0.16000
32.50833511,0.15900
32.52500153,0.15900
32.54166794,0.15700
32.55833435,0.15900
32.57500076,0.16100
32.59166718,0.15900
32.60833359,0.16100
32.625,0.15900
32.64167023,0.15900
32.65833664,0.16000
32.67500305,0.15800
32.69166946,0.15800
32.70833588,0.16000
32.72500229,0.15700
32.7416687,0.15700
32.75833511,0.15900
32.77500153,0.16100
32.79166794,0.16000
32.80833435,0.15900
32.82500076,0.15500
32.84166718,0.15800
32.85833359,0.15900
32.875,0.15900
32.89167023,0.16000
32.90833664,0.15900
32.92500305,0.15900
32.94166946,0.15800
32.95833588,0.15700
32.97500229,0.16000
32.9916687,0.15800
33.00833511,0.15700
33.02500153,0.15500
33.04166794,0.15800
33.05833435,0.15800
33.07500076,0.15800
33.09166718,0.15700
33.10833359,0.16000
33.125,0.16000
33.14167023,0.15700
33.15833664,0.16100
33.17500305,0.16000
33.19166946,0.16100
33.20833588,0.15900
33.22500229,0.15700
33.2416687,0.15700
33.25833511,0.16000
33.27500153,0.15800
33.29166794,0.15800
33.30833435,0.15800
33.32500076,0.16000
33.34166718,0.15800
33.35833359,0.15700
33.375,0.15900
33.39167023,0.15700
33.40833664,0.15700
33.42500305,0.15800
33.44166946,0.15900
33.45833588,0.15900
33.47500229,0.15900
33.4916687,0.15800
33.50833511,0.15900
33.52500153,0.15900
33.54166794,0.16000
33.55833435,0.15900
33.57500076,0.15800
33.59166718,0.16100
33.60833359,0.15900
33.625,0.16300
33.64167023,0.16000
33.65833664,0.16100
33.67500305,0.16000
33.69166946,0.16300
33.70833588,0.15900
33.72500229,0.15900
33.7416687,0.16200
33.75833511,0.16000
33.77500153,0.16200
33.79166794,0.16100
33.80833435,0.16100
33.82500076,0.15900
33.84166718,0.16100
33.85833359,0.16200
33.875,0.16100
33.89167023,0.15900
33.90833664,0.16400
33.92500305,0.16300
33.94166946,0.16200
33.95833588,0.16200
33.97500229,0.16200
33.9916687,0.16200
34.00833511,0.16300
34.02500153,0.16100
34.04166794,0.16200
34.05833435,0.16100
34.07500076,0.16200
34.09166718,0.16200
34.10833359,0.16200
34.125,0.16200
34.14167023,0.16100
34.15833664,0.16200
34.17500305,0.16200
34.19166946,0.16400
34.20833588,0.16100
34.22500229,0.16300
34.2416687,0.16300
34.25833511,0.16100
34.27500153,0.16200
34.29166794,0.16400
34.30833435,0.16200
34.32500076,0.16100
34.34166718,0.16300
34.35833359,0.16100
34.375,0.16300
34.39167023,0.16200
34.40833664,0.16200
34.42500305,0.16100
34.44166946,0.16100
34.45833588,0.16300
34.47500229,0.16300
34.4916687,0.16200
34.50833511,0.16300
34.52500153,0.16400
34.54166794,0.16300
34.55833435,0.16200
34.57500076,0.16300
34.59166718,0.16200
34.60833359,0.16200
34.625,0.16200
34.64167023,0.16400
34.65833664,0.16000
34.67500305,0.16200
34.69166946,0.16100
34.70833588,0.16300
34.72500229,0.16200
34.7416687,0.16100
34.75833511,0.16400
34.77500153,0.16400
34.79166794,0.16300
34.80833435,0.16500
34.82500076,0.16200
34.84166718,0.16200
34.85833359,0.16300
34.875,0.16300
34.89167023,0.16200
34.90833664,0.16300
34.92500305,0.16200
34.94166946,0.16200
34.95833588,0.16300
34.97500229,0.16200
34.9916687,0.16000
35.00833511,0.16100
35.02500153,0.16300
35.04166794,0.16200
35.05833435,0.16300
35.07500076,0.16200
35.09166718,0.16300
35.10833359,0.16200
35.125,0.16400
35.14167023,0.16200
35.15833664,0.16200
35.17500305,0.16200
35.19166946,0.16200
35.20833588,0.16200
35.22500229,0.16100
35.2416687,0.16300
35.25833511,0.15900
35.27500153,0.16000
35.29166794,0.16200
35.30833435,0.16100
35.32500076,0.16100
35.34166718,0.15900
35.35833359,0.16000
35.375,0.16000
35.39167023,0.16000
35.40833664,0.16000
35.42500305,0.16000
35.44166946,0.16100
35.45833588,0.15900
35.47500229,0.16000
35.4916687,0.16000
35.50833511,0.16100
35.52500153,0.16100
35.54166794,0.15900
35.55833435,0.16100
35.57500076,0.16200
35.59166718,0.16100
35.60833359,0.16000
35.625,0.16200
35.64167023,0.16000
35.65833664,0.15900
35.67500305,0.15900
35.69166946,0.16000
35.70833588,0.16000
35.72500229,0.16000
35.7416687,0.16000
35.75833511,0.16100
35.77500153,0.16000
35.79166794,0.15900
35.80833435,0.15800
35.82500076,0.16100
35.84166718,0.16100
35.85833359,0.15900
35.875,0.15900
35.89167023,0.16100
35.90833664,0.15900
35.92500305,0.16100
35.94166946,0.16100
35.95833588,0.15800
35.97500229,0.15900
35.9916687,0.15700
36.00833511,0.16000
36.02500153,0.15800
36.04166794,0.16000
36.05833435,0.16000
36.07500076,0.16000
36.09166718,0.16100
36.10833359,0.16000
36.125,0.15700
36.14167023,0.15800
36.15833664,0.16000
36.17500305,0.15800
36.19166946,0.16000
36.20833588,0.16000
36.22500229,0.16100
36.2416687,0.16000
36.25833511,0.16100
36.27500153,0.16000
36.29166794,0.15800
36.30833435,0.16000
36.32500076,0.16000
36.34166718,0.16000
36.35833359,0.15700
36.375,0.16000
36.39167023,0.15800
36.40833664,0.16000
36.42500305,0.15900
36.44166946,0.16000
36.45833588,0.16100
36.47500229,0.16000
36.4916687,0.15700
36.50833511,0.15800
36.52500153,0.16000
36.54166794,0.15700
36.55833435,0.15800
36.57500076,0.15600
36.59166718,0.15700
36.60833359,0.15700
36.625,0.15700
36.64167023,0.15700
36.65833664,0.15800
36.67500305,0.15900
36.69166946,0.15800
36.70833588,0.15900
36.72500229,0.15900
36.7416687,0.15900
36.75833511,0.15900
36.77500153,0.15800
36.79166794,0.15900
36.80833435,0.15800
36.82500076,0.16000
36.84166718,0.15800
36.85833359,0.15700
36.875,0.15800
36.89167023,0.15900
36.90833664,0.16100
36.92500305,0.15800
36.94166946,0.16000
36.95833588,0.15900
36.97500229,0.15900
36.9916687,0.15800
37.00833511,0.16000
37.02500153,0.16000
37.04166794,0.16000
37.05833435,0.15900
37.07500076,0.16000
37.09166718,0.16000
37.10833359,0.16000
37.125,0.16000
37.14167023,0.16000
37.15833664,0.15800
37.17500305,0.16000
37.19166946,0.15900
37.20833588,0.15900
37.22500229,0.15900
37.2416687,0.15800
37.25833511,0.15900
37.27500153,0.16000
37.29166794,0.16000
37.30833435,0.15900
37.32500076,0.15700
37.34166718,0.16000
37.35833359,0.16100
37.375,0.15800
37.39167023,0.16000
37.40833664,0.15900
37.42500305,0.16000
37.44166946,0.15700
37.45833588,0.16000
37.47500229,0.15800
37.4916687,0.16100
37.50833511,0.16100
37.52500153,0.15900
37.54166794,0.15900
37.55833435,0.15900
37.57500076,0.16000
37.59166718,0.16000
37.60833359,0.15900
37.625,0.15900
37.64167023,0.15700
37.65833664,0.15800
37.67500305,0.15900
37.69166946,0.16100
37.70833588,0.15800
37.72500229,0.15900
37.7416687,0.16000
37.75833511,0.15900
37.77500153,0.16100
37.79166794,0.15900
37.80833435,0.16000
37.82500076,0.15800
37.84166718,0.16000
37.85833359,0.16000
37.875,0.15900
37.89167023,0.15800
37.90833664,0.15900
37.92500305,0.15900
37.94166946,0.16000
37.95833588,0.16000
37.97500229,0.16000
37.9916687,0.16100
38.00833511,0.15900
38.02500153,0.15700
38.04166794,0.15700
38.05833435,0.15700
38.07500076,0.15900
38.09166718,0.15900
38.10833359,0.15900
38.125,0.15900
38.14167023,0.15800
38.15833664,0.15900
38.17500305,0.15700
38.19166946,0.15800
38.20833588,0.15900
38.22500229,0.15500
38.2416687,0.15900
38.25833511,0.15900
38.27500153,0.15500
38.29166794,0.15900
38.30833435,0.15700
38.32500076,0.15900
38.34166718,0.15800
38.35833359,0.15600
38.375,0.15600
38.39167023,0.15900
38.40833664,0.16000
38.42500305,0.15900
38.44166946,0.16000
38.45833588,0.16000
38.47500229,0.15900
38.4916687,0.15900
38.50833511,0.16000
38.52500153,0.15800
38.54166794,0.15900
38.55833435,0.15600
38.57500076,0.15800
38.59166718,0.15900
38.60833359,0.15900
38.625,0.16100
38.64167023,0.15900
38.65833664,0.15800
38.67500305,0.15800
38.69166946,0.15900
38.70833588,0.15600
38.72500229,0.15900
38.7416687,0.16000
38.75833511,0.15700
38.77500153,0.15700
38.79166794,0.15800
38.80833435,0.15800
38.82500076,0.15700
38.84166718,0.15800
38.85833359,0.15800
38.875,0.15900
38.89167023,0.15900
38.90833664,0.15800
38.92500305,0.15900
38.94166946,0.15900
38.95833588,0.15700
38.97500229,0.15900
38.9916687,0.15900
39.00833511,0.16000
39.02500153,0.15800
39.04166794,0.16000
39.05833435,0.16000
39.07500076,0.16000
39.09166718,0.15800
39.10833359,0.16100
39.125,0.15900
39.14167023,0.15800
39.15833664,0.16000
39.17500305,0.15800
39.19166946,0.15900
39.20833588,0.15800
39.22500229,0.16000
39.2416687,0.15700
39.25833511,0.15900
39.27500153,0.15900
39.29166794,0.15800
39.30833435,0.15700
39.32500076,0.16000
39.34166718,0.15900
39.35833359,0.16000
39.375,0.16000
39.39167023,0.15900
39.40833664,0.16100
39.42500305,0.15900
39.44166946,0.15800
39.45833588,0.15900
39.47500229,0.15900
39.4916687,0.16000
39.50833511,0.15800
39.52500153,0.15900
39.54166794,0.15900
39.55833435,0.15800
39.57500076,0.15900
39.59166718,0.15900
39.60833359,0.15800
39.625,0.16100
39.64167023,0.15900
39.65833664,0.16000
39.67500305,0.15800
39.69166946,0.16200
39.70833588,0.15700
39.72500229,0.16200
39.7416687,0.16100
39.75833511,0.16000
39.77500153,0.16200
39.79166794,0.16000
39.80833435,0.15900
39.82500076,0.16000
39.84166718,0.16300
39.85833359,0.16000
39.875,0.16000
39.89167023,0.15800
39.90833664,0.16300
39.92500305,0.15900
39.94166946,0.16500
39.95833588,0.16100
39.97500229,0.16200
39.9916687,0.16400
40.00833511,0.15900
40.02500153,0.15800
40.04166794,0.16500
40.05833435,0.16100
40.07500076,0.15800
40.09166718,0.16500
40.10833359,0.16900
40.125,0.16800
40.14167023,0.16700
40.15833664,0.16800
40.17500305,0.16700
40.19166946,0.16700
40.20833588,0.16700
40.22500229,0.16700
40.2416687,0.16700
40.25833511,0.16600
40.27500153,0.16400
40.29166794,0.16800
40.30833435,0.16900
40.32500076,0.16800
40.34166718,0.16800
40.35833359,0.16900
40.375,0.16700
40.39167023,0.16800
40.40833664,0.16800
40.42500305,0.16800
40.44166946,0.16900
40.45833588,0.16900
40.47500229,0.16900
40.4916687,0.16600
40.50833511,0.16700
40.52500153,0.16900
40.54166794,0.16800
40.55833435,0.16400
40.57500076,0.16700
40.59166718,0.16800
40.60833359,0.16800
40.625,0.16800
40.64167023,0.17000
40.65833664,0.16800
40.67500305,0.16800
40.69166946,0.16700
40.70833588,0.16700
40.72500229,0.17000
40.7416687,0.16700
40.75833511,0.16900
40.77500153,0.17100
40.79166794,0.16800
40.80833435,0.17000
40.82500076,0.17000
40.84166718,0.16600
40.85833359,0.16900
40.875,0.16900
40.89167023,0.17000
40.90833664,0.17000
40.92500305,0.16800
40.94166946,0.17000
40.95833588,0.17100
40.97500229,0.17100
40.9916687,0.17000
41.00833511,0.16700
41.02500153,0.16800
41.04166794,0.17100
41.05833435,0.16800
41.07500076,0.17100
41.09166718,0.17000
41.10833359,0.16800
41.125,0.16200
41.14167023,0.15700
41.15833664,0.16400
41.17500305,0.16700
41.19166946,0.16500
41.20833588,0.16200
41.22500229,0.15700
41.2416687,0.15700
41.25833511,0.15800
41.27500153,0.16600
41.29166794,0.17100
41.30833435,0.16600
41.32500076,0.16200
41.34166718,0.16500
41.35833359,0.16500
41.375,0.17000
41.39167023,0.16400
41.40833664,0.16800
41.42500305,0.16600
41.44166946,0.16400
41.45833588,0.16400
41.47500229,0.16400
41.4916687,0.16000
41.50833511,0.17000
41.52500153,0.16100
41.54166794,0.16800
41.55833435,0.16300
41.57500076,0.16700
41.59166718,0.16500
41.60833359,0.15900
41.625,0.16600
41.64167023,0.16500
41.65833664,0.15800
41.67500305,0.16500
41.69166946,0.16000
41.70833588,0.16000
41.72500229,0.16400
41.7416687,0.16100
41.75833511,0.16100
41.77500153,0.16600
41.79166794,0.16300
41.80833435,0.16000
41.82500076,0.16600
41.84166718,0.16300
41.85833359,0.16300
41.875,0.16500
41.89167023,0.16300
41.90833664,0.16100
41.92500305,0.16500
41.94166946,0.16200
41.95833588,0.16500
41.97500229,0.16400
41.9916687,0.16600
42.00833511,0.16300
42.02500153,0.16100
42.04166794,0.16000
42.05833435,0.16300
42.07500076,0.16500
42.09166718,0.16600
42.10833359,0.16700
42.125,0.16000
42.14167023,0.16200
42.15833664,0.16000
42.17500305,0.16000
42.19166946,0.15800
42.20833588,0.16500
42.22500229,0.16000
42.2416687,0.16200
42.25833511,0.16000
42.27500153,0.16000
42.29166794,0.16500
42.30833435,0.16600
42.32500076,0.16100
42.34166718,0.16000
42.35833359,0.16300
42.375,0.16500
42.39167023,0.16600
42.40833664,0.16400
42.42500305,0.16300
42.44166946,0.16200
42.45833588,0.16100
42.47500229,0.15900
42.4916687,0.16300
42.50833511,0.16200
42.52500153,0.16400
42.54166794,0.16000
42.55833435,0.16400
42.57500076,0.15900
42.59166718,0.16400
42.60833359,0.16000
42.625,0.16100
42.64167023,0.16300
42.65833664,0.16000
42.67500305,0.16000
42.69166946,0.16200
42.70833588,0.16100
42.72500229,0.16200
42.7416687,0.16100
42.75833511,0.15700
42.77500153,0.16100
42.79166794,0.16200
42.80833435,0.16100
42.82500076,0.16100
42.84166718,0.16400
42.85833359,0.16100
42.875,0.16100
42.89167023,0.16100
42.90833664,0.15900
42.92500305,0.16200
42.94166946,0.16200
42.95833588,0.16200
42.97500229,0.16400
42.9916687,0.16100
43.00833511,0.16300
43.02500153,0.16000
43.04166794,0.16300
43.05833435,0.16200
43.07500076,0.16300
43.09166718,0.16200
43.10833359,0.16400
43.125,0.16200
43.14167023,0.16200
43.15833664,0.16200
43.17500305,0.16100
43.19166946,0.16100
43.20833588,0.16000
43.22500229,0.16300
43.2416687,0.15900
43.25833511,0.16300
43.27500153,0.15900
43.29166794,0.15800
43.30833435,0.16200
43.32500076,0.16100
43.34166718,0.16100
43.35833359,0.16100
43.375,0.16100
43.39167023,0.16100
43.40833664,0.16000
43.42500305,0.16200
43.44166946,0.16000
43.45833588,0.16200
43.47500229,0.16000
43.4916687,0.16100
43.50833511,0.16000
43.52500153,0.16200
43.54166794,0.15800
43.55833435,0.16200
43.57500076,0.16000
43.59166718,0.16200
43.60833359,0.16000
43.625,0.16200
43.64167023,0.16000
43.65833664,0.15900
43.67500305,0.16000
43.69166946,0.15900
43.70833588,0.16100
43.72500229,0.15900
43.7416687,0.16100
43.75833511,0.16000
43.77500153,0.16000
43.79166794,0.16000
43.80833435,0.16100
43.82500076,0.16000
43.84166718,0.15900
43.85833359,0.15900
43.875,0.16100
43.89167023,0.16100
43.90833664,0.15900
43.92500305,0.16100
43.94166946,0.15900
43.95833588,0.16000
43.97500229,0.16100
43.9916687,0.16100
44.00833511,0.15800
44.02500153,0.16000
44.04166794,0.16000
44.05833435,0.15800
44.07500076,0.15800
44.09166718,0.16000
44.10833359,0.15900
44.125,0.15800
44.14167023,0.15800
44.15833664,0.16000
44.17500305,0.16100
44.19166946,0.16000
44.20833588,0.15900
44.22500229,0.15900
44.2416687,0.15900
44.25833511,0.16200
44.27500153,0.15900
44.29166794,0.16000
44.30833435,0.15800
44.32500076,0.15900
44.34166718,0.16100
44.35833359,0.15900
44.375,0.15800
44.39167023,0.16000
44.40833664,0.15800
44.42500305,0.16100
44.44166946,0.15900
44.45833588,0.16000
44.47500229,0.15800
44.4916687,0.15900
44.50833511,0.15600
44.52500153,0.15800
44.54166794,0.15900
44.55833435,0.16100
44.57500076,0.15800
44.59166718,0.16000
44.60833359,0.15800
44.625,0.16100
44.64167023,0.15900
44.65833664,0.16200
44.67500305,0.15800
44.69166946,0.16100
44.70833588,0.16000
44.72500229,0.15900
44.7416687,0.15700
44.75833511,0.15900
44.77500153,0.15900
44.79166794,0.16000
44.80833435,0.16000
44.82500076,0.16000
44.84166718,0.15900
44.85833359,0.16000
44.875,0.15800
44.89167023,0.16000
44.90833664,0.15700
44.92500305,0.16000
44.94166946,0.15900
44.95833588,0.16000
44.97500229,0.16100
44.9916687,0.16100
45.00833511,0.16200
45.02500153,0.15900
45.04166794,0.15900
45.05833435,0.16200
45.07500076,0.15900
45.09166718,0.16100
45.10833359,0.16200
45.125,0.16000
45.14167023,0.16100
45.15833664,0.16000
45.17500305,0.16000
45.19166946,0.16000
45.20833588,0.15800
45.22500229,0.15900
45.2416687,0.16300
45.25833511,0.16000
45.27500153,0.16000
45.29166794,0.16100
45.30833435,0.16000
45.32500076,0.16000
45.34166718,0.16000
45.35833359,0.16100
45.375,0.16200
45.39167023,0.16000
45.40833664,0.15900
45.42500305,0.16000
45.44166946,0.16100
45.45833588,0.16200
45.47500229,0.15900
45.4916687,0.15800
45.50833511,0.16000
45.52500153,0.16100
45.54166794,0.16000
45.55833435,0.15900
45.57500076,0.16100
45.59166718,0.16000
45.60833359,0.16000
45.625,0.16200
45.64167023,0.16200
45.65833664,0.16000
45.67500305,0.16100
45.69166946,0.16000
45.70833588,0.16000
45.72500229,0.16100
45.7416687,0.16100
45.75833511,0.16100
45.77500153,0.16000
45.79166794,0.16000
45.80833435,0.16200
45.82500076,0.16000
45.84166718,0.16000
45.85833359,0.16000
45.875,0.16000
45.89167023,0.16000
45.90833664,0.16000
45.92500305,0.16100
45.94166946,0.15900
45.95833588,0.15800
45.97500229,0.16000
45.9916687,0.16000
46.00833511,0.16100
46.02500153,0.16000
46.04166794,0.16000
46.05833435,0.16100
46.07500076,0.16000
46.09166718,0.15900
46.10833359,0.16400
46.125,0.16100
46.14167023,0.16000
46.15833664,0.15800
46.17500305,0.16000
46.19166946,0.15900
46.20833588,0.15900
46.22500229,0.16100
46.2416687,0.16100
46.25833511,0.15900
46.27500153,0.15900
46.29166794,0.16000
46.30833435,0.15800
46.32500076,0.16000
46.34166718,0.16000
46.35833359,0.15900
46.375,0.15900
46.39167023,0.16100
46.40833664,0.16000
46.42500305,0.15900
46.44166946,0.16100
46.45833588,0.16100
46.47500229,0.16000
46.4916687,0.16100
46.50833511,0.15900
46.52500153,0.16100
46.54166794,0.16000
46.55833435,0.16100
46.57500076,0.15900
46.59166718,0.16100
46.60833359,0.16000
46.625,0.16100
46.64167023,0.16200
46.65833664,0.16000
46.67500305,0.16200
46.69166946,0.15900
46.70833588,0.15900
46.72500229,0.16100
46.7416687,0.16200
46.75833511,0.15900
46.77500153,0.16000
46.79166794,0.16000
46.80833435,0.15900
46.82500076,0.15900
46.84166718,0.16000
46.85833359,0.15800
46.875,0.16000
46.89167023,0.16000
46.90833664,0.15900
46.92500305,0.16000
46.94166946,0.15800
46.95833588,0.16100
46.97500229,0.16000
46.9916687,0.15900
47.00833511,0.16000
47.02500153,0.16000
47.04166794,0.16000
47.05833435,0.16000
47.07500076,0.15800
47.09166718,0.16200
47.10833359,0.15900
47.125,0.16000
47.14167023,0.16000
47.15833664,0.15900
47.17500305,0.16000
47.19166946,0.15800
47.20833588,0.16200
47.22500229,0.16000
47.2416687,0.16100
47.25833511,0.15900
47.27500153,0.16200
47.29166794,0.15900
47.30833435,0.15900
47.32500076,0.15800
47.34166718,0.15800
47.35833359,0.15900
47.375,0.15800
47.39167023,0.15900
47.40833664,0.15900
47.42500305,0.16000
47.44166946,0.15800
47.45833588,0.15900
47.47500229,0.15900
47.4916687,0.16000
47.50833511,0.15700
47.52500153,0.15900
47.54166794,0.15800
47.55833435,0.16100
47.57500076,0.15600
47.59166718,0.15700
47.60833359,0.15900
47.625,0.15700
47.64167023,0.15700
47.65833664,0.16100
47.67500305,0.15900
47.69166946,0.15900
47.70833588,0.16200
47.72500229,0.16100
47.7416687,0.16000
47.75833511,0.16000
47.77500153,0.15900
47.79166794,0.15900
47.80833435,0.15900
47.82500076,0.15900
47.84166718,0.15700
47.85833359,0.15900
47.875,0.15900
47.89167023,0.15900
47.90833664,0.16200
47.92500305,0.15800
47.94166946,0.15800
47.95833588,0.15800
47.97500229,0.15700
47.9916687,0.15600
48.00833511,0.16000
48.02500153,0.15900
48.04166794,0.15800
48.05833435,0.15900
48.07500076,0.15900
48.09166718,0.15900
48.10833359,0.16000
48.125,0.15700
48.14167023,0.15900
48.15833664,0.16000
48.17500305,0.15800
48.19166946,0.15800
48.20833588,0.15900
48.22500229,0.15900
48.2416687,0.16000
48.25833511,0.16000
48.27500153,0.15900
48.29166794,0.15900
48.30833435,0.16000
48.32500076,0.15800
48.34166718,0.15900
48.35833359,0.15900
48.375,0.15900
48.39167023,0.16000
48.40833664,0.16100
48.42500305,0.15900
48.44166946,0.15700
48.45833588,0.15800
48.47500229,0.15800
48.4916687,0.15800
48.50833511,0.16100
48.52500153,0.15800
48.54166794,0.16100
48.55833435,0.15900
48.57500076,0.15900
48.59166718,0.15800
48.60833359,0.15800
48.625,0.15800
48.64167023,0.15800
48.65833664,0.15900
48.67500305,0.15900
48.69166946,0.15700
48.70833588,0.15700
48.72500229,0.15800
48.7416687,0.15800
48.75833511,0.15800
48.77500153,0.15800
48.79166794,0.15900
48.80833435,0.15900
48.82500076,0.15800
48.84166718,0.16000
48.85833359,0.15900
48.875,0.16000
48.89167023,0.15900
48.90833664,0.16000
48.92500305,0.15800
48.94166946,0.15900
48.95833588,0.16100
48.97500229,0.16000
48.9916687,0.15900
49.00833511,0.15900
49.02500153,0.16000
49.04166794,0.16100
49.05833435,0.16000
49.07500076,0.16100
49.09166718,0.16100
49.10833359,0.16000
49.125,0.15900
49.14167023,0.16100
49.15833664,0.15900
49.17500305,0.16100
49.19166946,0.15900
49.20833588,0.15700
49.22500229,0.16000
49.2416687,0.16000
49.25833511,0.16100
49.27500153,0.15900
49.29166794,0.16400
49.30833435,0.16200
49.32500076,0.16200
49.34166718,0.16400
49.35833359,0.16200
49.375,0.16000
49.39167023,0.16400
49.40833664,0.16000
49.42500305,0.16200
49.44166946,0.16200
49.45833588,0.16200
49.47500229,0.16200
49.4916687,0.16000
49.50833511,0.16100
49.52500153,0.16200
49.54166794,0.16500
49.55833435,0.16100
49.57500076,0.16000
49.59166718,0.16200
49.60833359,0.16200
49.625,0.16300
49.64167023,0.16000
49.65833664,0.16300
49.67500305,0.16100
49.69166946,0.16000
49.70833588,0.16100
49.72500229,0.16200
49.7416687,0.16000
49.75833511,0.16200
49.77500153,0.16100
49.79166794,0.16100
49.80833435,0.16200
49.82500076,0.16100
49.84166718,0.16200
49.85833359,0.16200
49.875,0.16200
49.89167023,0.16200
49.90833664,0.16100
49.92500305,0.16300
49.94166946,0.16100
49.95833588,0.16200
49.97500229,0.16000
49.9916687,0.16300
50.00833511,0.16200
50.02500153,0.16300
50.04166794,0.16100
50.05833435,0.16000
50.07500076,0.16300
50.09166718,0.16200
50.10833359,0.16000
50.125,0.16100
50.14167023,0.16300
50.15833664,0.16300
50.17500305,0.16100
50.19166946,0.16200
50.20833588,0.16400
50.22500229,0.16000
50.2416687,0.16000
50.25833511,0.16100
50.27500153,0.16300
50.29166794,0.16200
50.30833435,0.16200
50.32500076,0.16200
50.34166718,0.16300
50.35833359,0.16200
50.375,0.16200
50.39167023,0.16300
50.40833664,0.16200
50.42500305,0.16400
50.44166946,0.16200
50.45833588,0.16300
50.47500229,0.16200
50.4916687,0.16100
50.50833511,0.16000
50.52500153,0.16300
50.54166794,0.16300
50.55833435,0.16100
50.57500076,0.16400
50.59166718,0.16200
50.60833359,0.16400
50.625,0.16400
50.64167023,0.16100
50.65833664,0.16200
50.67500305,0.16500
50.69166946,0.16200
50.70833588,0.16300
50.72500229,0.16200
50.7416687,0.16500
50.75833511,0.16100
50.77500153,0.16400
50.79166794,0.16200
50.80833435,0.16200
50.82500076,0.16000
50.84166718,0.16300
50.85833359,0.16300
50.875,0.16300
50.89167023,0.16100
50.90833664,0.16300
50.92500305,0.16300
50.94166946,0.16200
50.95833588,0.16200
50.97500229,0.16300
50.9916687,0.16400
51.00833511,0.16300
51.02500153,0.16200
51.04166794,0.16300
51.05833435,0.16400
51.07500076,0.16000
51.09166718,0.16300
51.10833359,0.16200
51.125,0.16200
51.14167023,0.16300
51.15833664,0.16200
51.17500305,0.16400
51.19166946,0.16200
51.20833588,0.16200
51.22500229,0.16300
51.2416687,0.16200
51.25833511,0.16200
51.27500153,0.16400
51.29166794,0.16300
51.30833435,0.16000
51.32500076,0.16200
51.34166718,0.16200
51.35833359,0.16200
51.375,0.16300
51.39167023,0.16200
51.40833664,0.16200
51.42500305,0.16500
51.44166946,0.16400
51.45833588,0.16200
51.47500229,0.16100
51.4916687,0.16400
51.50833511,0.16200
51.52500153,0.16200
51.54166794,0.16300
51.55833435,0.16400
51.57500076,0.16200
51.59166718,0.16300
51.60833359,0.16200
51.625,0.16100
51.64167023,0.16100
51.65833664,0.16100
51.67500305,0.16400
51.69166946,0.16300
51.70833588,0.16300
51.72500229,0.16300
51.7416687,0.16100
51.75833511,0.16100
51.77500153,0.16300
51.79166794,0.16300
51.80833435,0.16200
51.82500076,0.16200
51.84166718,0.16200
51.85833359,0.16200
51.875,0.16200
51.89167023,0.15800
51.90833664,0.16400
51.92500305,0.16100
51.94166946,0.16200
51.95833588,0.16300
51.97500229,0.16000
51.9916687,0.16200
52.00833511,0.16300
52.02500153,0.16000
52.04166794,0.16600
52.05833435,0.16100
52.07500076,0.16300
52.09166718,0.16300
52.10833359,0.16500
52.125,0.16100
52.14167023,0.16200
52.15833664,0.16200
52.17500305,0.16100
52.19166946,0.16100
52.20833588,0.16200
52.22500229,0.16400
52.2416687,0.16300
52.25833511,0.16100
52.27500153,0.16200
52.29166794,0.16200
52.30833435,0.16400
52.32500076,0.16300
52.34166718,0.16400
52.35833359,0.16200
52.375,0.16200
52.39167023,0.16200
52.40833664,0.16000
52.42500305,0.16400
52.44166946,0.16300
52.45833588,0.16300
52.47500229,0.16200
52.4916687,0.16300
52.50833511,0.16200
52.52500153,0.16400
52.54166794,0.16300
52.55833435,0.16300
52.57500076,0.16200
52.59166718,0.16200
52.60833359,0.16200
52.625,0.16300
52.64167023,0.16200
52.65833664,0.16100
52.67500305,0.16300
52.69166946,0.16200
52.70833588,0.16100
52.72500229,0.16200
52.7416687,0.16200
52.75833511,0.16200
52.77500153,0.16200
52.79166794,0.16400
52.80833435,0.16200
52.82500076,0.16300
52.84166718,0.16200
52.85833359,0.16400
52.875,0.16000
52.89167023,0.16300
52.90833664,0.16200
52.92500305,0.16400
52.94166946,0.16200
52.95833588,0.16200
52.97500229,0.16200
52.9916687,0.16100
53.00833511,0.16200
53.02500153,0.16100
53.04166794,0.16200
53.05833435,0.16100
53.07500076,0.16300
53.09166718,0.16300
53.10833359,0.16200
53.125,0.16300
53.14167023,0.16100
53.15833664,0.16100
53.17500305,0.16400
53.19166946,0.16100
53.20833588,0.16200
53.22500229,0.16000
53.2416687,0.16000
53.25833511,0.16200
53.27500153,0.16200
53.29166794,0.16200
53.30833435,0.16100
53.32500076,0.15900
53.34166718,0.16000
53.35833359,0.16100
53.375,0.16100
53.39167023,0.16200
53.40833664,0.16200
53.42500305,0.16000
53.44166946,0.15900
53.45833588,0.16100
53.47500229,0.16000
53.4916687,0.16000
53.50833511,0.15900
53.52500153,0.16000
53.54166794,0.16100
53.55833435,0.16000
53.57500076,0.16000
53.59166718,0.15900
53.60833359,0.16100
53.625,0.15700
53.64167023,0.16000
53.65833664,0.16100
53.67500305,0.16300
53.69166946,0.16100
53.70833588,0.16100
53.72500229,0.16200
53.7416687,0.16100
53.75833511,0.15800
53.77500153,0.16000
53.79166794,0.16100
53.80833435,0.16200
53.82500076,0.16000
53.84166718,0.16000
53.85833359,0.16000
53.875,0.16100
53.89167023,0.16100
53.90833664,0.16300
53.92500305,0.16000
53.94166946,0.16300
53.95833588,0.16000
53.97500229,0.16200
53.9916687,0.16100
54.00833511,0.16000
54.02500153,0.15900
54.04166794,0.16000
54.05833435,0.16100
54.07500076,0.16000
54.09166718,0.16300
54.10833359,0.15900
54.125,0.16000
54.14167023,0.16200
54.15833664,0.15900
54.17500305,0.16300
54.19166946,0.16000
54.20833588,0.16200
54.22500229,0.15900
54.2416687,0.15900
54.25833511,0.16100
54.27500153,0.16000
54.29166794,0.16100
54.30833435,0.16100
54.32500076,0.15700
54.34166718,0.16000
54.35833359,0.16200
54.375,0.15900
54.39167023,0.16000
54.40833664,0.15800
54.42500305,0.16100
54.44166946,0.15900
54.45833588,0.16000
54.47500229,0.15900
54.4916687,0.16000
54.50833511,0.16100
54.52500153,0.16100
54.54166794,0.16000
54.55833435,0.16100
54.57500076,0.15900
54.59166718,0.15800
54.60833359,0.16100
54.625,0.16000
54.64167023,0.16100
54.65833664,0.15900
54.67500305,0.15900
54.69166946,0.15800
54.70833588,0.16000
54.72500229,0.15900
54.7416687,0.15800
54.75833511,0.16100
54.77500153,0.15900
54.79166794,0.15800
54.80833435,0.15900
54.82500076,0.15900
54.84166718,0.15900
54.85833359,0.16000
54.875,0.15800
54.89167023,0.16000
54.90833664,0.16100
54.92500305,0.16000
54.94166946,0.16000
54.95833588,0.15800
54.97500229,0.15900
54.9916687,0.15900
55.00833511,0.16000
55.02500153,0.15900
55.04166794,0.15900
55.05833435,0.15800
55.07500076,0.15900
55.09166718,0.15900
55.10833359,0.15900
55.125,0.15900
55.14167023,0.15900
55.15833664,0.15900
55.17500305,0.16000
55.19166946,0.16000
55.20833588,0.15800
55.22500229,0.16000
55.2416687,0.15900
55.25833511,0.16200
55.27500153,0.15900
55.29166794,0.16000
55.30833435,0.15600
55.32500076,0.16000
55.34166718,0.15600
55.35833359,0.16000
55.375,0.15900
55.39167023,0.16000
55.40833664,0.15900
55.42500305,0.16100
55.44166946,0.16000
55.45833588,0.15800
55.47500229,0.15900
55.4916687,0.15900
55.50833511,0.15900
55.52500153,0.16000
55.54166794,0.15800
55.55833435,0.15800
55.57500076,0.15900
55.59166718,0.15900
55.60833359,0.16000
55.625,0.16000
55.64167023,0.15800
55.65833664,0.16000
55.67500305,0.15900
55.69166946,0.15800
55.70833588,0.15900
55.72500229,0.15900
55.7416687,0.15800
55.75833511,0.15900
55.77500153,0.15900
55.79166794,0.15900
55.80833435,0.15900
55.82500076,0.15700
55.84166718,0.15900
55.85833359,0.15800
55.875,0.15900
55.89167023,0.16000
55.90833664,0.16000
55.92500305,0.15900
55.94166946,0.16000
55.95833588,0.16000
55.97500229,0.15900
55.9916687,0.15800
56.00833511,0.16000
56.02500153,0.15800
56.04166794,0.16200
56.05833435,0.15900
56.07500076,0.15800
56.09166718,0.16000
56.10833359,0.15800
56.125,0.16100
56.14167023,0.16000
56.15833664,0.16100
56.17500305,0.16100
56.19166946,0.15900
56.20833588,0.15900
56.22500229,0.16100
56.2416687,0.16100
56.25833511,0.15900
56.27500153,0.16000
56.29166794,0.16100
56.30833435,0.16100
56.32500076,0.16000
56.34166718,0.16000
56.35833359,0.16000
56.375,0.16000
56.39167023,0.16000
56.40833664,0.15900
56.42500305,0.15900
56.44166946,0.16000
56.45833588,0.16000
56.47500229,0.16000
56.4916687,0.16000
56.50833511,0.16200
56.52500153,0.16100
56.54166794,0.16000
56.55833435,0.15900
56.57500076,0.16200
56.59166718,0.16000
56.60833359,0.16000
56.625,0.16000
56.64167023,0.15900
56.65833664,0.16000
56.67500305,0.16200
56.69166946,0.16200
56.70833588,0.16200
56.72500229,0.16100
56.7416687,0.16000
56.75833511,0.16200
56.77500153,0.16000
56.79166794,0.16100
56.80833435,0.16000
56.82500076,0.16100
56.84166718,0.15900
56.85833359,0.15900
56.875,0.16000
56.89167023,0.16000
56.90833664,0.16200
56.92500305,0.16100
56.94166946,0.16100
56.95833588,0.16000
56.97500229,0.15900
56.9916687,0.15800
57.00833511,0.16200
57.02500153,0.16200
57.04166794,0.16000
57.05833435,0.16100
57.07500076,0.15900
57.09166718,0.16200
57.10833359,0.16100
57.125,0.15900
57.14167023,0.16000
57.15833664,0.16000
57.17500305,0.16100
57.19166946,0.16000
57.20833588,0.16000
57.22500229,0.16000
57.2416687,0.16200
57.25833511,0.16100
57.27500153,0.16100
57.29166794,0.16100
57.30833435,0.16100
57.32500076,0.16000
57.34166718,0.16100
57.35833359,0.15800
57.375,0.16100
57.39167023,0.16000
57.40833664,0.16000
57.42500305,0.16100
57.44166946,0.15900
57.45833588,0.16100
57.47500229,0.16000
57.4916687,0.16000
57.50833511,0.15900
57.52500153,0.16000
57.54166794,0.16100
57.55833435,0.15900
57.57500076,0.16000
57.59166718,0.16000
57.60833359,0.16000
57.625,0.16000
57.64167023,0.16000
57.65833664,0.16000
57.67500305,0.16000
57.69166946,0.16100
57.70833588,0.15800
57.72500229,0.16000
57.7416687,0.16000
57.75833511,0.16200
57.77500153,0.15900
57.79166794,0.16000
57.80833435,0.16100
57.82500076,0.16000
57.84166718,0.15900
57.85833359,0.15900
57.875,0.16000
57.89167023,0.16000
57.90833664,0.15800
57.92500305,0.15900
57.94166946,0.16000
57.95833588,0.16000
57.97500229,0.16200
57.9916687,0.16000
58.00833511,0.16200
58.02500153,0.16000
58.04166794,0.16000
58.05833435,0.16100
58.07500076,0.16100
58.09166718,0.15800
58.10833359,0.15900
58.125,0.16000
58.14167023,0.15900
58.15833664,0.16300
58.17500305,0.15900
58.19166946,0.15900
58.20833588,0.16300
58.22500229,0.16000
58.2416687,0.16000
58.25833511,0.16000
58.27500153,0.16100
58.29166794,0.16200
58.30833435,0.15900
58.32500076,0.16100
58.34166718,0.16000
58.35833359,0.15900
58.375,0.16100
58.39167023,0.15900
58.40833664,0.16000
58.42500305,0.16100
58.44166946,0.16000
58.45833588,0.16000
58.47500229,0.15900
58.4916687,0.16000
58.50833511,0.16000
58.52500153,0.16100
58.54166794,0.15900
58.55833435,0.16000
58.57500076,0.16100
58.59166718,0.15900
58.60833359,0.16000
58.625,0.16200
58.64167023,0.15800
58.65833664,0.15900
58.67500305,0.16000
58.69166946,0.16300
58.70833588,0.15800
58.72500229,0.15800
58.7416687,0.16000
58.75833511,0.15800
58.77500153,0.15900
58.79166794,0.15900
58.80833435,0.15900
58.82500076,0.16000
58.84166718,0.16100
58.85833359,0.16300
58.875,0.16100
58.89167023,0.15800
58.90833664,0.15900
58.92500305,0.16000
58.94166946,0.16000
58.95833588,0.15600
58.97500229,0.15800
58.9916687,0.15700
59.00833511,0.16000
59.02500153,0.15900
59.04166794,0.15900
59.05833435,0.15900
59.07500076,0.16000
59.09166718,0.16000
59.10833359,0.15800
59.125,0.16000
59.14167023,0.16100
59.15833664,0.15800
59.17500305,0.16000
59.19166946,0.15800
59.20833588,0.15800
59.22500229,0.16000
59.2416687,0.16000
59.25833511,0.15800
59.27500153,0.16100
59.29166794,0.16000
59.30833435,0.15800
59.32500076,0.16000
59.34166718,0.15900
59.35833359,0.16100
59.375,0.15900
59.39167023,0.16100
59.40833664,0.15800
59.42500305,0.15900
59.44166946,0.15700
59.45833588,0.16100
59.47500229,0.15900
59.4916687,0.15900
59.50833511,0.16000
59.52500153,0.16000
59.54166794,0.15800
59.55833435,0.15800
59.57500076,0.15800
59.59166718,0.15800
59.60833359,0.15900
59.625,0.15900
59.64167023,0.15900
59.65833664,0.16200
59.67500305,0.15900
59.69166946,0.15900
59.70833588,0.16100
59.72500229,0.16000
59.7416687,0.16100
59.75833511,0.15800
59.77500153,0.16100
59.79166794,0.16000
59.80833435,0.15900
59.82500076,0.15900
59.84166718,0.16100
59.85833359,0.15700
59.875,0.15900
