Time,Abs1,Temp1,Abs2,Temp2
0,0.527942359,289.5475872,0.425442606,311.477492
1,0.50761199,289.5506193,0.420498103,311.486079
2,0.50095731,289.5536515,0.411907733,311.493782
5,0.499702096,289.5627479,0.409811676,311.482808
6,0.496286035,289.56578,0.412227422,311.487028
8,0.498119056,289.5718443,0.413951188,311.509308
9,0.494642794,289.5748765,0.411788493,311.489099
10,0.498470724,289.5779086,0.408712715,311.506651
13,0.49469021,289.587005,0.412039876,311.488082
14,0.496683717,289.5900372,0.411098063,311.493838
16,0.500018239,289.5961015,0.403058648,311.500147
17,0.49954617,289.5991336,0.40628168,311.496696
20,0.495074779,289.60823,0.406514823,311.493325
21,0.498662889,289.6112622,0.401605904,311.476256
24,0.496425748,289.6203586,0.398825437,311.479166
25,0.493392259,289.6233908,0.394391358,311.504152
26,0.494203478,289.6264229,0.39652577,311.509021
28,0.491031528,289.6324872,0.389704108,311.509601
29,0.493211597,289.6355193,0.390643179,311.502103
31,0.488069743,289.6415836,0.391562402,311.520303
32,0.488505185,289.6446158,0.39619571,311.477535
34,0.487834603,289.6506801,0.3904984,311.510313
36,0.486682802,289.6567443,0.389652133,311.48325
37,0.490094811,289.6597765,0.387907714,311.474191
39,0.492803872,289.6658408,0.388867617,311.504434
40,0.490900785,289.6688729,0.390300065,311.515246
42,0.491723657,289.6749372,0.385945648,311.500818
43,0.490205765,289.6779693,0.383367449,311.496028
44,0.488684475,289.6810015,0.38104102,311.49344
45,0.487108976,289.6840336,0.378725082,311.497805
49,0.486028463,289.6961622,0.380145907,311.493285
51,0.486003369,289.7022265,0.374179065,311.494131
52,0.48897469,289.7052586,0.377709419,311.472797
53,0.486751109,289.7082908,0.371533603,311.503346
55,0.48253423,289.7143551,0.370250583,311.475034
56,0.488034308,289.7173872,0.372476935,311.483
58,0.487482399,289.7234515,0.37198782,311.503813
59,0.48095569,289.7264836,0.368751913,311.49159
61,0.481588185,289.7325479,0.368280888,311.49677
62,0.479887396,289.7355801,0.366751611,311.485289
64,0.476115525,289.7416444,0.363588125,311.495584
65,0.477613509,289.7446765,0.368937939,311.469742
66,0.480556756,289.7477087,0.366587371,311.478112
67,0.480638176,289.7507408,0.362014145,311.49945
70,0.477077782,289.7598372,0.360393286,311.445439
71,0.479341745,289.7628694,0.363653392,311.459925
73,0.471583426,289.7689337,0.359217316,311.481703
76,0.479670107,289.7780301,0.357317269,311.485834
78,0.48265633,289.7840944,0.371195823,311.510127
79,0.486310482,289.7871265,0.373678863,311.48716
81,0.485745817,289.7931908,0.373491794,311.487406
83,0.485876888,289.7992551,0.369026512,311.48331
84,0.484752804,289.8022872,0.371414423,311.455597
86,0.487992376,289.8083515,0.373646885,311.470489
87,0.487030566,289.8113837,0.374145865,311.4627
90,0.488519043,289.8204801,0.370928407,311.461966
91,0.485620946,289.8235122,0.369463831,311.46216
92,0.490160108,289.8265444,0.367301613,311.434829
94,0.482937545,289.8326087,0.348874122,311.45531
95,0.487137198,289.8356408,0.359556496,311.434498
98,0.486054331,289.8447373,0.348582417,311.460736
99,0.482566476,289.8477694,0.349127799,311.428635
100,0.476671219,289.8508015,0.350261241,311.45216
101,0.481461465,289.8538337,0.356225908,311.464057
102,0.480793923,289.8568658,0.349318236,311.414999
104,0.474603713,289.8629301,0.344295323,311.424357
105,0.470849246,289.8659623,0.347395837,311.415031
107,0.477059186,289.8720265,0.344171464,311.438726
110,0.469959229,289.881123,0.338870496,311.43013
111,0.471805424,289.8841551,0.3376908,311.420945
112,0.470698446,289.8871873,0.336346865,311.414954
114,0.470187753,289.8932516,0.33360368,311.404434
115,0.466577679,289.8962837,0.331620514,311.415252
116,0.463748783,289.8993158,0.330013633,311.423549
119,0.469103783,289.9084123,0.33204478,311.400825
120,0.464675158,289.9114444,0.329598934,311.402454
121,0.461036354,289.9144766,0.33182022,311.427375
123,0.466906905,289.9205408,0.33087033,311.383402
126,0.466228515,289.9296373,0.327423245,311.382716
127,0.465410888,289.9326694,0.330043793,311.411542
129,0.466002226,289.9387337,0.327053487,311.369631
132,0.461280525,289.9478301,0.32329002,311.375559
134,0.462890923,289.9538944,0.326735437,311.358659
135,0.463906169,289.9569266,0.322589099,311.378208
137,0.458952993,289.9629909,0.318993419,311.364494
139,0.461348712,289.94493,0.319442421,311.332415
140,0.461437523,289.934224,0.314108044,311.327592
143,0.460105121,289.9386,0.316877991,311.327435
144,0.459536612,289.900331,0.313216656,311.348497
149,0.453259319,289.96117,0.308966756,311.316324
155,0.485823244,289.964948,0.314226329,311.262371
158,0.482172459,289.979755,0.313095778,311.296197
163,0.473007441,289.966157,0.31209594,311.271051
171,0.457690537,290.006005,0.305005223,311.250465
173,0.4551045,290.027451,0.304968357,311.221828
176,0.455623776,290.015247,0.302817047,311.223325
179,0.456109762,290.013175,0.294867724,311.223958
184,0.448163956,290.049774,0.293150216,311.203484
186,0.452236325,290.010161,0.28862527,311.175348
191,0.448364914,290.067468,0.292330712,311.147364
193,0.450194001,290.065366,0.28489694,311.153581
194,0.451143056,290.058048,0.290089607,311.116757
196,0.447099239,290.084051,0.287015587,311.104859
197,0.447128803,290.066558,0.285017341,311.126217
201,0.445658028,290.110592,0.283679545,311.088173
203,0.447148442,290.103554,0.281696737,311.083307
204,0.445903629,290.103554,0.285655499,311.071026
206,0.443724632,290.122988,0.277532071,311.056751
212,0.449341118,290.139225,0.275685877,311.038437
213,0.455296189,290.151583,0.277884513,311.043452
214,0.449845612,290.139428,0.26280877,311.01473
216,0.451347083,290.159762,0.287534922,311.025965
218,0.451377064,290.143923,0.284922332,310.969692
220,0.451032728,290.136835,0.282783926,311.015034
223,0.446797192,290.161355,0.285955727,310.950119
224,0.44893679,290.154839,0.279770941,310.949522
225,0.448205024,290.187479,0.268249571,310.967816
229,0.439544588,290.173445,0.27549398,310.930405
233,0.439534545,290.180569,0.273395985,310.924852
234,0.4380669,290.195987,0.266682893,310.896867
236,0.44262296,290.218598,0.266896099,310.882009
239,0.437200129,290.232008,0.264391989,310.890849
241,0.437169462,290.271538,0.26015982,310.838598
242,0.43730247,290.221436,0.265013963,310.864311
244,0.439091235,290.227835,0.262329429,310.852432
247,0.433631808,290.299713,0.259249926,310.826032
250,0.433578908,290.273829,0.250382334,310.836989
257,0.431495547,290.295839,0.258143395,310.777247
262,0.428664982,290.321905,0.253078729,310.739491
266,0.423120379,290.32301,0.252970308,310.718396
268,0.431171417,290.360824,0.247284487,310.719026
269,0.451886296,290.324393,0.248245969,310.675612
270,0.447841436,290.382501,0.247410536,310.683611
271,0.45139575,290.3463,0.246771619,310.670549
274,0.447536677,290.36552,0.246691838,310.658936
276,0.426729977,290.419466,0.24069719,310.635207
278,0.424314946,290.385566,0.245712593,310.623953
280,0.450896561,290.414655,0.244835824,310.586464
281,0.431740075,290.415784,0.244919807,310.596649
282,0.437151969,290.408092,0.245206207,310.597353
285,0.430684269,290.445398,0.24576588,310.599546
288,0.435174644,290.446781,0.242737249,310.569531
289,0.428183436,290.501364,0.245172381,310.518772
291,0.425846547,290.437084,0.243610233,310.540471
298,0.422693759,290.451166,0.240974844,310.492398
301,0.421969801,290.513415,0.23629348,310.470758
304,0.419779539,290.524437,0.235290721,310.423053
307,0.420610011,290.534329,0.237471193,310.41465
309,0.422310352,290.578986,0.231017754,310.373715
310,0.42062822,290.55339,0.232395962,310.389743
314,0.419849843,290.565388,0.230659917,310.312568
315,0.418952674,290.596293,0.225826412,310.325956
317,0.419724107,290.640842,0.231640726,310.340402
319,0.415342122,290.608614,0.231346726,310.317891
320,0.416945815,290.608614,0.230822146,310.338419
324,0.417086512,290.689649,0.228508174,310.281184
327,0.411878198,290.665341,0.224391997,310.278599
329,0.418636948,290.681187,0.223000288,310.234378
332,0.412008226,290.701548,0.225101203,310.210687
333,0.419234425,290.695986,0.219629422,310.196557
334,0.420868486,290.683521,0.222834632,310.180862
339,0.415418863,290.766268,0.215625078,310.13741
340,0.421594173,290.744989,0.221289441,310.117024
344,0.421437055,290.799315,0.22125186,310.096914
345,0.418721259,290.746639,0.215871185,310.114637
354,0.414383322,290.818689,0.230047494,310.026157
356,0.410375416,290.850953,0.233850539,310.022025
358,0.409562171,290.841467,0.22063762,309.994474
366,0.407523245,290.932776,0.221123457,309.9045
368,0.404969662,290.913382,0.214060262,309.898398
375,0.40642032,290.962357,0.211518943,309.846436
377,0.406254649,290.998934,0.21011515,309.815748
383,0.402061671,291.05981,0.206505969,309.804126
385,0.400466442,291.052153,0.204290241,309.730391
389,0.398168743,291.061863,0.208042115,309.709876
391,0.400038689,291.085732,0.206304357,309.680212
395,0.400094837,291.110626,0.204550281,309.660954
399,0.400562197,291.107996,0.202740029,309.620147
400,0.400121272,291.138789,0.200792268,309.60244
401,0.40068543,291.167805,0.20017992,309.595128
404,0.41500473,291.19957,0.196327239,309.573858
407,0.419039637,291.189343,0.197988898,309.554952
409,0.41237551,291.225307,0.200984061,309.535218
410,0.414459825,291.213928,0.197819412,309.514472
411,0.416544765,291.257771,0.193041608,309.482173
416,0.399762929,291.258443,0.198354781,309.454548
418,0.398853272,291.292228,0.193840906,309.447287
423,0.401892364,291.331111,0.199030295,309.405387
425,0.394430339,291.335311,0.198338881,309.375203
426,0.396768332,291.34466,0.196927741,309.384976
428,0.396183342,291.376989,0.196468905,309.339497
431,0.394886851,291.36579,0.19869706,309.307839
434,0.39385131,291.404217,0.194185227,309.28608
437,0.387124836,291.413894,0.195011854,309.239269
442,0.389034003,291.470213,0.192842722,309.173454
445,0.388269991,291.51243,0.191811279,309.173922
448,0.386349887,291.525202,0.188683733,309.150375
449,0.387222588,291.528127,0.188194871,309.127012
450,0.387957126,291.556271,0.188887596,309.135324
452,0.384054005,291.531255,0.184875861,309.111118
454,0.385359556,291.580184,0.185750336,309.059113
455,0.384848416,291.560019,0.185486674,309.077375
457,0.384327829,291.600278,0.187362537,309.0583
459,0.385343611,291.586433,0.185375154,309.047897
460,0.381754309,291.580063,0.182967126,308.993416
463,0.377817333,291.629418,0.182751685,308.9782
466,0.380089879,291.689312,0.185957268,308.960542
470,0.37854591,291.699983,0.183239222,308.902335
472,0.379054874,291.746325,0.183354765,308.922123
474,0.379758149,291.754793,0.179609105,308.854235
476,0.380945146,291.739331,0.180228859,308.838405
479,0.378487289,291.772082,0.181903005,308.818989
481,0.382024854,291.778429,0.176225424,308.788092
483,0.382043392,291.819271,0.173679769,308.781684
489,0.383201361,291.862931,0.174924061,308.727096
494,0.380427927,291.923224,0.174317211,308.643443
495,0.379085213,291.947877,0.172028065,308.66021
499,0.379432738,291.987603,0.175496012,308.607889
501,0.376980096,292.005782,0.176603541,308.59813
502,0.376710117,291.960541,0.169343442,308.576428
505,0.374389976,292.014099,0.184010819,308.552029
509,0.373039961,292.070181,0.182213485,308.514295
511,0.373585284,292.060593,0.183053017,308.462222
514,0.370304853,292.119609,0.185816795,308.450993
516,0.368332416,292.113418,0.180294246,308.432088
522,0.362994164,292.194121,0.168606862,308.37237
525,0.365956485,292.180667,0.178983912,308.355179
528,0.36392802,292.247507,0.172930956,308.288032
529,0.366032124,292.248481,0.166449592,308.304806
531,0.365412861,292.283889,0.169708684,308.239004
532,0.365213186,292.260758,0.167568222,308.247727
533,0.363513798,292.297638,0.171071395,308.232809
534,0.361088514,292.297638,0.170785129,308.226082
536,0.362049222,292.344299,0.170464501,308.233014
538,0.364053547,292.335721,0.164762124,308.186654
541,0.362214804,292.363362,0.168957412,308.171677
543,0.360763788,292.358577,0.163041428,308.113825
545,0.35893181,292.4199,0.165216729,308.110185
548,0.364239752,292.421474,0.166603416,308.064931
553,0.35978508,292.492937,0.164157346,308.011372
554,0.357766688,292.515759,0.159278899,307.996066
556,0.355761468,292.517831,0.167748153,307.989287
558,0.358445197,292.55327,0.163716719,307.949352
561,0.360284567,292.573745,0.159994558,307.91944
565,0.361540616,292.630303,0.16113545,307.897352
567,0.371836245,292.633025,0.162007794,307.842876
568,0.372140139,292.645241,0.161676258,307.861618
569,0.371266842,292.677651,0.160897419,307.830392
571,0.370541394,292.694761,0.161090136,307.814095
572,0.373259842,292.666338,0.161572412,307.817503
575,0.371854097,292.728215,0.155450612,307.769298
576,0.373012573,292.734107,0.156407729,307.776984
578,0.373200357,292.75736,0.157862261,307.707921
579,0.366475493,292.754669,0.158983782,307.693354
581,0.352272779,292.812133,0.15347828,307.706672
586,0.351906747,292.841563,0.156644926,307.643818
595,0.355615944,292.940429,0.15675205,307.492388
599,0.350723386,292.964877,0.155281991,307.51411
604,0.349779725,293.029933,0.155656457,307.389947
607,0.3510831,293.074255,0.157917857,307.387128
608,0.346200466,293.074406,0.1532612,307.378572
610,0.34762311,293.11092,0.154422715,307.353268
611,0.34686473,293.11092,0.157189429,307.317098
614,0.344255984,293.152793,0.154446796,307.289641
616,0.345253587,293.175608,0.155114844,307.270178
619,0.343052477,293.228131,0.157370135,307.238803
628,0.342289627,293.320538,0.15189679,307.129347
629,0.340324372,293.330573,0.149386779,307.124493
631,0.342841059,293.348675,0.149785101,307.110661
635,0.343684614,293.405586,0.149330184,307.042626
636,0.340517581,293.416364,0.14753817,307.017153
637,0.342925191,293.380714,0.148087427,307.011348
639,0.342247307,293.411811,0.144942224,307.005763
641,0.34027651,293.437722,0.145424619,306.982035
642,0.339315623,293.493999,0.144632071,306.953076
643,0.336033493,293.475581,0.144461051,306.953536
648,0.337401182,293.521999,0.14182736,306.878201
650,0.334511638,293.570777,0.141242474,306.861848
654,0.332433403,293.604616,0.146042511,306.814498
657,0.335572511,293.624749,0.140241638,306.753677
660,0.333151013,293.655704,0.142475754,306.748095
663,0.336421073,293.705583,0.142490387,306.69608
665,0.337235451,293.736431,0.142530173,306.631632
667,0.334866583,293.788892,0.143547967,306.658615
668,0.337900221,293.816376,0.146059215,306.655057
671,0.335228026,293.813768,0.141355723,306.597271
673,0.337141693,293.84294,0.142247766,306.579768
674,0.33481583,293.849882,0.142480567,306.553737
677,0.336953998,293.898424,0.139917672,306.522992
682,0.335809976,293.965788,0.141330734,306.458968
685,0.332840234,293.969391,0.138583005,306.399588
687,0.336818785,294.034906,0.135495931,306.401023
690,0.331709325,294.06742,0.137181804,306.370753
692,0.329939514,294.049403,0.137345076,306.357821
693,0.330269516,294.105902,0.137260273,306.305028
694,0.32911545,294.130932,0.136150613,306.33195
698,0.328180343,294.144677,0.134517133,306.263831
700,0.326852411,294.196619,0.138224855,306.216873
702,0.32714653,294.204722,0.141354501,306.208614
704,0.327553839,294.219213,0.140777439,306.171831
706,0.327119231,294.239415,0.14369598,306.145035
709,0.324855208,294.286084,0.146545649,306.099477
711,0.325181603,294.328143,0.146536395,306.091947
717,0.321481794,294.412436,0.130698383,306.00976
720,0.319478512,294.429753,0.142709836,306.005386
722,0.31817919,294.460202,0.145858124,305.95855
723,0.319697052,294.489509,0.140094757,305.968691
725,0.318222523,294.520086,0.134534165,305.924886
726,0.31872496,294.520086,0.138024405,305.918411
729,0.318617165,294.567118,0.137332603,305.888185
732,0.3177647,294.598457,0.136656597,305.835495
737,0.315916926,294.678199,0.134877712,305.756589
738,0.316529036,294.665274,0.134574547,305.761782
740,0.316124916,294.691658,0.130206138,305.751967
743,0.31534341,294.729541,0.136190385,305.703313
744,0.314257026,294.767171,0.135405332,305.691033
746,0.312451273,294.777822,0.130542606,305.65405
748,0.313080311,294.802596,0.129919142,305.646852
750,0.316337735,294.825997,0.133361697,305.600296
752,0.31310156,294.818283,0.132084966,305.587054
754,0.314690948,294.856898,0.131428838,305.566847
755,0.311913639,294.928537,0.129283741,305.523603
759,0.3102009,294.943573,0.129517585,305.480317
763,0.309775978,295.015595,0.129402414,305.459896
767,0.309004277,295.069999,0.130871937,305.420805
768,0.308921039,295.084288,0.13041909,305.380807
769,0.305844039,295.072927,0.128442437,305.393359
770,0.301579267,295.07228,0.129888862,305.345124
771,0.304317564,295.105716,0.126290426,305.316118
774,0.319551706,295.142202,0.125791907,305.352233
776,0.320313692,295.170921,0.125434473,305.275022
778,0.320908248,295.21861,0.124834649,305.277876
779,0.31940037,295.202836,0.126686409,305.250557
782,0.319051087,295.239761,0.130588085,305.229881
787,0.319897205,295.316775,0.129320025,305.17587
788,0.299815565,295.330831,0.129978359,305.158526
790,0.316536814,295.369655,0.128483117,305.136701
792,0.314769983,295.369806,0.125474528,305.095098
794,0.302019447,295.386982,0.125329554,305.026408
800,0.314245045,295.471707,0.121224187,305.018701
803,0.308870375,295.50814,0.126798704,304.975685
805,0.310328215,295.568186,0.122739658,304.951975
809,0.304020494,295.641606,0.121009231,304.885338
811,0.300336123,295.666849,0.122296862,304.879588
814,0.302721232,295.662368,0.122796737,304.8421
816,0.300937802,295.698761,0.11822068,304.812067
822,0.293109745,295.781498,0.124469727,304.731413
823,0.29672575,295.780657,0.128994063,304.706256
824,0.298095822,295.808866,0.12532571,304.717489
827,0.297396928,295.8656,0.124596968,304.675346
833,0.291234165,295.932733,0.126455128,304.586939
835,0.291701883,295.973784,0.128349409,304.582737
837,0.292899877,296.004139,0.123136088,304.537662
838,0.291533947,296.009144,0.124908403,304.525402
839,0.291674048,296.021668,0.129007161,304.522494
840,0.29304117,296.034793,0.127094343,304.519722
842,0.291122019,296.076526,0.124761745,304.49655
844,0.288874149,296.086382,0.127321214,304.443759
845,0.292983323,296.105589,0.12610957,304.440936
847,0.294962496,296.149271,0.123174347,304.438268
848,0.288443118,296.133164,0.123959005,304.398744
851,0.289888114,296.199588,0.124120474,304.365059
854,0.290038168,296.177765,0.12465553,304.31335
856,0.289772242,296.260172,0.12728405,304.324937
858,0.288363159,296.340799,0.12511228,304.285065
859,0.289608657,296.340799,0.121666856,304.255213
862,0.288561732,296.323483,0.121276379,304.2088
864,0.287326694,296.350256,0.121263064,304.173807
867,0.288081765,296.408754,0.121389642,304.160385
869,0.283867508,296.424908,0.119179189,304.150903
871,0.285450906,296.483823,0.123656064,304.123502
873,0.279978842,296.523542,0.119655438,304.077114
874,0.282479465,296.480765,0.118410796,304.10969
878,0.278517276,296.527977,0.117791429,304.02633
880,0.278990775,296.587737,0.119306967,304.00353
883,0.280042768,296.621592,0.117726617,304.00055
892,0.277029693,296.743103,0.117907994,303.858746
898,0.278997153,296.846322,0.119004667,303.78242
900,0.281317055,296.86869,0.118376292,303.764187
901,0.279942393,296.916257,0.115132541,303.738684
904,0.277975023,296.930027,0.118032411,303.724126
906,0.280215323,296.926128,0.116317391,303.686642
915,0.279738903,297.104571,0.116380736,303.589852
916,0.27622354,297.063304,0.116838135,303.588155
918,0.278247535,297.123867,0.11790783,303.559698
919,0.276637286,297.106779,0.115634367,303.539943
921,0.276734054,297.157658,0.114774227,303.5409
922,0.276305765,297.137931,0.115001261,303.498352
923,0.276837558,297.185022,0.115879498,303.490684
925,0.276645929,297.207229,0.113315553,303.476644
929,0.275109142,297.279876,0.113992818,303.413559
932,0.276937515,297.286868,0.113820233,303.393898
935,0.270796806,297.338671,0.11582569,303.360044
937,0.271752715,297.369683,0.115798414,303.280749
940,0.270522267,297.443711,0.112757459,303.272299
943,0.271096021,297.423059,0.113021255,303.252725
948,0.270175189,297.506806,0.121703334,303.206148
952,0.265477449,297.597052,0.113644622,303.130782
954,0.263147831,297.618572,0.121082261,303.131814
957,0.262836218,297.628272,0.120229818,303.0837
958,0.265711635,297.653415,0.121613421,303.077045
962,0.260944873,297.700066,0.123339929,303.023493
964,0.263779312,297.781397,0.118766889,303.003179
966,0.26066649,297.779323,0.122560881,302.990695
968,0.261223048,297.803202,0.113971278,302.941417
970,0.258177102,297.832453,0.120590642,302.948822
972,0.25992766,297.834058,0.122792542,302.925451
976,0.258183152,297.894484,0.115826301,302.840039
979,0.259164929,297.950162,0.114987031,302.829727
980,0.259009004,297.975363,0.110986896,302.823408
982,0.256780446,297.96316,0.118609168,302.785657
985,0.258442015,298.035322,0.12058726,302.770997
987,0.255810291,298.0668,0.112684242,302.741669
988,0.256136358,298.070085,0.112460591,302.708327
993,0.254273862,298.109034,0.110857695,302.666701
1001,0.250722796,298.236232,0.112651929,302.600294
1007,0.250652343,298.315705,0.110226743,302.504128
1008,0.252190858,298.300108,0.11205525,302.49371
1009,0.250033557,298.344506,0.108263753,302.490827
1011,0.249863073,298.360057,0.108090602,302.433881
1016,0.251342982,298.391938,0.107134566,302.394521
1017,0.25054735,298.445262,0.112248957,302.391743
1018,0.252180159,298.439727,0.106935471,302.398778
1019,0.247451529,298.469944,0.105507441,302.398222
1020,0.248911902,298.469944,0.107236445,302.369496
1024,0.245688289,298.543389,0.108774692,302.332941
1025,0.247994304,298.484361,0.104881831,302.313329
1028,0.249918521,298.595373,0.108537823,302.317884
1031,0.245550484,298.612688,0.108171858,302.254883
1035,0.248120517,298.677119,0.108825073,302.23286
1037,0.244033516,298.676214,0.111514837,302.171556
1039,0.244504482,298.70775,0.10858994,302.168337
1043,0.241842657,298.774412,0.108285636,302.11025
1047,0.24281539,298.829719,0.106402315,302.049136
1050,0.240759611,298.849188,0.107200727,302.038343
1055,0.252287746,298.952393,0.107726969,301.976804
1057,0.252166987,298.942034,0.107009128,301.946585
1058,0.238852307,298.960589,0.106863625,301.949627
1061,0.250606984,299.010309,0.107710481,301.926307
1063,0.248343736,299.026425,0.103578396,301.896897
1065,0.236632541,299.035996,0.107916966,301.872968
1069,0.255866468,299.145459,0.10460607,301.846331
1070,0.236718208,299.145459,0.104848512,301.844739
1071,0.246176973,299.108738,0.102941319,301.815002
1074,0.24856858,299.158175,0.11019548,301.774222
1075,0.236155003,299.162941,0.106424473,301.795331
1078,0.242812127,299.195459,0.105085909,301.759272
1081,0.236870796,299.248251,0.102919564,301.709942
1083,0.240413606,299.294697,0.101833038,301.681629
1085,0.241350472,299.29337,0.106825285,301.660446
1090,0.2402239,299.356463,0.105362669,301.623373
1092,0.239205405,299.40481,0.107888259,301.590548
1096,0.235041782,299.43291,0.106405392,301.565897
1098,0.230823249,299.450462,0.103887603,301.545745
1099,0.234309331,299.463686,0.105272442,301.492035
1100,0.234502465,299.506986,0.110396333,301.493139
1105,0.232844681,299.559457,0.104748376,301.462711
1109,0.231252447,299.623411,0.106122315,301.41957
1111,0.231883362,299.624662,0.109932162,301.41412
1113,0.232201681,299.642506,0.107339412,301.392325
1115,0.228980258,299.680095,0.1043109,301.369177
1116,0.2284026,299.628091,0.105264098,301.355838
1124,0.227523789,299.73702,0.107062385,301.250381
1127,0.227333292,299.785235,0.102258392,301.27946
1130,0.226083159,299.823964,0.107508346,301.235986
1132,0.226589516,299.866005,0.105036028,301.193339
1133,0.227697521,299.866005,0.102210306,301.182546
1135,0.227454603,299.859604,0.110259377,301.189265
1137,0.226430684,299.909548,0.106220983,301.131035
1139,0.223963365,299.912497,0.105090231,301.124211
1142,0.226066083,299.983208,0.102158919,301.088461
1145,0.221694827,299.996492,0.104031317,301.071529
1148,0.222066999,300.037734,0.102375455,301.062743
1150,0.222128779,300.036957,0.101729892,301.023115
1152,0.22265242,300.057851,0.103142589,300.964624
1153,0.22317946,300.057851,0.102362052,300.947532
1155,0.223987863,300.141422,0.102792911,300.990846
1160,0.220166251,300.137138,0.104988292,300.919162
1162,0.220980004,300.18885,0.100657068,300.892037
1166,0.219173044,300.231531,0.100550488,300.884825
1169,0.216481954,300.253963,0.100207061,300.818476
1170,0.216936931,300.273275,0.102959268,300.851299
1171,0.218462497,300.300778,0.100929581,300.81829
1174,0.216756225,300.337582,0.102901422,300.791098
1175,0.215756267,300.35387,0.098421007,300.758085
1178,0.217588633,300.339893,0.100120999,300.759738
1180,0.215348348,300.375004,0.100025825,300.711802
1181,0.213736296,300.420651,0.101535,300.720608
1184,0.215258077,300.416829,0.09965194,300.678897
1193,0.212206826,300.492852,0.102668621,300.633867
1195,0.215224728,300.540923,0.098978877,300.5627
1196,0.215591446,300.560813,0.10081549,300.565496
1203,0.217753872,300.614671,0.100297973,300.53168
1205,0.214065611,300.661251,0.102525421,300.517219
1208,0.21298334,300.692538,0.099608116,300.465599
1209,0.212769374,300.703983,0.104142904,300.452317
1212,0.214185,300.699779,0.106094189,300.43548
1216,0.212926358,300.766772,0.100301333,300.375227
1218,0.212597907,300.76504,0.099982254,300.384989
1223,0.21213755,300.847477,0.103888556,300.350838
1225,0.211670384,300.848749,0.102179386,300.330337
1228,0.211687118,300.915014,0.101641566,300.264793
1230,0.209374219,300.923524,0.099208966,300.253096
1231,0.211976111,300.936584,0.101332054,300.258565
1234,0.209074631,300.961994,0.103022859,300.222266
1237,0.209727734,300.974251,0.105298273,300.197688
1239,0.209270865,300.993615,0.105105333,300.180202
1244,0.206120074,301.05842,0.105296522,300.163096
1247,0.203208804,301.065755,0.105584048,300.09628
1252,0.203580275,301.126655,0.106056221,300.036974
1254,0.205600321,301.149747,0.104979359,300.029568
1256,0.202140346,301.140621,0.104281768,300.017791
1258,0.200201958,301.1837,0.105975002,300.02322
1260,0.202030569,301.20156,0.110703886,299.976535
1262,0.201392278,301.247234,0.106076345,299.943947
1267,0.198924407,301.269185,0.109253772,299.930582
1271,0.198815942,301.317103,0.112480916,299.872847
1275,0.195659936,301.377165,0.110031165,299.841011
1278,0.196890548,301.401671,0.113661066,299.834834
1279,0.197761491,301.378275,0.112925023,299.811604
1281,0.192984596,301.405305,0.109648943,299.809179
1284,0.197913393,301.462708,0.1104175,299.75528
1287,0.19539839,301.467737,0.112590604,299.729969
1289,0.194894493,301.511376,0.110757537,299.729827
1290,0.198109463,301.501246,0.108214431,299.705124
1292,0.194607645,301.519795,0.110339828,299.67732
1294,0.194615915,301.553747,0.099225096,299.675018
1297,0.193266273,301.574557,0.108047545,299.658863
1299,0.193376035,301.601278,0.10696236,299.64961
1304,0.191323802,301.654648,0.10670957,299.593092
1307,0.193038821,301.683088,0.100630865,299.579519
1309,0.194818437,301.686149,0.105565071,299.556992
1310,0.193982586,301.692929,0.104397893,299.527462
1313,0.192124829,301.706879,0.103879251,299.536956
1317,0.191901073,301.784742,0.102980033,299.497844
1319,0.191003695,301.773106,0.098613694,299.464257
1320,0.192115918,301.786099,0.100322336,299.461655
1323,0.190077007,301.829004,0.101399206,299.427973
1325,0.190394834,301.839059,0.102361329,299.424344
1328,0.189204991,301.872493,0.101218447,299.444039
1330,0.189572677,301.902382,0.100343764,299.365004
1331,0.189731047,301.883823,0.102862023,299.359575
1335,0.188083336,301.915012,0.096592143,299.329173
1337,0.186459482,301.985769,0.099178158,299.317952
1340,0.186084986,301.981843,0.097866572,299.297157
1344,0.185134709,302.045847,0.097531646,299.275341
1346,0.184114039,302.025981,0.097213887,299.23604
1349,0.187684238,302.062486,0.098379418,299.222867
1350,0.183214545,302.076178,0.096911818,299.20512
1351,0.183963686,302.095094,0.099674806,299.224133
1354,0.182889432,302.121595,0.09568461,299.195348
1355,0.184695065,302.123799,0.096821517,299.18879
1356,0.182706773,302.123799,0.096619919,299.182766
1359,0.182716355,302.166184,0.093930744,299.144192
1360,0.182627291,302.185295,0.100872405,299.141888
1365,0.186330929,302.234082,0.096193008,299.088599
1367,0.182380214,302.24073,0.098613307,299.086869
1370,0.182049349,302.265781,0.093040772,299.055122
1373,0.188983575,302.305195,0.099924058,299.011422
1377,0.177198812,302.308457,0.099734791,299.013406
1380,0.190760031,302.349508,0.09667176,298.952113
1382,0.190291509,302.353735,0.096473143,298.959817
1387,0.186376214,302.402474,0.097267769,298.895203
1392,0.185983092,302.434143,0.10192062,298.85152
1396,0.176262096,302.502312,0.093445115,298.845289
1399,0.187739521,302.516801,0.098796494,298.83643
1403,0.175378159,302.547121,0.095333569,298.805317
1407,0.184427291,302.556035,0.100322627,298.77634
1409,0.184992597,302.589692,0.09459573,298.749817
1411,0.184158176,302.628832,0.095315963,298.713178
1415,0.173394427,302.657282,0.098148502,298.712033
1419,0.173606589,302.681823,0.096457042,298.654644
1420,0.179927439,302.680604,0.095239408,298.661485
1422,0.177412659,302.735976,0.094011895,298.654233
1426,0.176547527,302.744911,0.093683399,298.6089
1427,0.178807974,302.745548,0.096570805,298.615799
1431,0.175582111,302.829581,0.091938183,298.583236
1436,0.173323423,302.843214,0.097515255,298.537067
1437,0.172978669,302.905366,0.094676107,298.519706
1440,0.171695724,302.8837,0.09524224,298.514324
1442,0.172358975,302.905985,0.098066613,298.489566
1445,0.170649126,302.942151,0.092392728,298.449189
1448,0.171410531,302.953135,0.095743179,298.477665
1451,0.171069861,303.024815,0.092973627,298.435298
1453,0.170309901,303.030111,0.097970687,298.388239
1455,0.172261357,302.99504,0.09692502,298.38929
1456,0.169202119,303.061906,0.09490563,298.368865
1461,0.166566685,303.096727,0.093794957,298.368812
1462,0.170496583,303.05472,0.096147202,298.350509
1464,0.167297632,303.102312,0.093752295,298.322173
1466,0.166758329,303.133349,0.096376888,298.306098
1469,0.165004447,303.179296,0.098085918,298.292163
1472,0.165118158,303.180619,0.101295508,298.239866
1473,0.166655123,303.211569,0.091079295,298.257412
1474,0.165154547,303.239077,0.093879782,298.209442
1477,0.167053491,303.222189,0.095345043,298.208796
1478,0.167476699,303.240474,0.093601152,298.211438
1480,0.167829871,303.264132,0.094104894,298.20479
1482,0.164749906,303.313433,0.09310858,298.196353
1485,0.165293068,303.335334,0.095808111,298.182214
1488,0.162123278,303.340602,0.09503445,298.12069
1491,0.164138988,303.395577,0.093448356,298.140222
1495,0.163132697,303.393126,0.096302629,298.109957
1496,0.163458332,303.452114,0.091288649,298.104981
1500,0.163319066,303.484486,0.097148448,298.070099
1503,0.162604794,303.509108,0.094449669,298.064437
1504,0.161965013,303.498681,0.093879171,298.056015
1507,0.161312595,303.548859,0.093985796,298.03089
1510,0.161134973,303.572626,0.093595721,297.989512
1512,0.161052555,303.611298,0.095581278,297.977366
1514,0.160183817,303.631111,0.096876845,297.951811
1515,0.162820116,303.637129,0.09524563,297.920408
1519,0.162281156,303.676821,0.092643254,297.921417
1521,0.160865173,303.651319,0.093792871,297.931363
1527,0.15815717,303.732918,0.094230488,297.859764
1530,0.159700349,303.778402,0.093197212,297.856918
1532,0.160435766,303.805433,0.089780092,297.829708
1535,0.154966831,303.814214,0.091477014,297.799459
1540,0.155252859,303.891177,0.090763375,297.791992
1541,0.15758653,303.929293,0.090263486,297.771424
1542,0.156514987,303.922792,0.090251572,297.757892
1544,0.157567367,303.951912,0.092734352,297.751707
1545,0.157593116,303.95111,0.091917455,297.742392
1547,0.154916316,303.996955,0.09390147,297.734182
1551,0.156513467,304.022797,0.09011209,297.690945
1552,0.155556232,304.032955,0.090383254,297.701524
1554,0.153862745,304.075986,0.090864867,297.645437
1556,0.154323399,304.058764,0.087990709,297.646658
1561,0.152052194,304.151064,0.087237164,297.640269
1566,0.153217912,304.19072,0.089388758,297.592804
1568,0.155532375,304.227327,0.09465567,297.545638
1573,0.153079212,304.270447,0.091167733,297.561208
1576,0.155434251,304.3216,0.087989658,297.520334
1584,0.155062571,304.42514,0.090130627,297.473911
1586,0.154766157,304.440464,0.088170767,297.485523
1591,0.153538182,304.464212,0.087774061,297.437449
1594,0.154282108,304.515388,0.087461039,297.417056
1595,0.153355926,304.534265,0.088539772,297.394109
1598,0.154031709,304.570963,0.089322679,297.376203
1599,0.152579188,304.587768,0.092253581,297.366864
1600,0.153198987,304.58417,0.09131372,297.410597
1603,0.152188629,304.589524,0.087140054,297.371863
1604,0.153818876,304.655806,0.089349389,297.308031
1606,0.153009027,304.639737,0.089108735,297.345814
1607,0.150333539,304.677012,0.087832585,297.331675
1613,0.151532292,304.717087,0.09048903,297.29826
1615,0.152102977,304.752428,0.092401922,297.250839
1618,0.15117988,304.835996,0.088856079,297.237719
1621,0.150955185,304.854565,0.086186402,297.241362
1623,0.151347175,304.856708,0.089797221,297.211319
1624,0.149812624,304.864145,0.085868031,297.227404
1628,0.150796801,304.914693,0.086618222,297.205713
1629,0.148852557,304.942855,0.086049169,297.181499
1632,0.149777785,304.98497,0.087188244,297.179412
1636,0.147412911,305.0246,0.08528918,297.161447
1641,0.145869494,305.098307,0.08882238,297.098575
1643,0.147367403,305.123308,0.088555329,297.097812
1644,0.145056382,305.150123,0.084289417,297.083247
1648,0.14642033,305.184154,0.088090062,297.083346
1649,0.145350069,305.223448,0.084324397,297.052028
1650,0.144952133,305.223448,0.087444358,297.037135
1656,0.144077465,305.298145,0.089830711,297.00013
1658,0.145616502,305.336391,0.084442355,296.97262
1659,0.145614982,305.346975,0.086049892,296.974263
1663,0.141805649,305.36769,0.085435919,296.982644
1664,0.144367814,305.415971,0.086590417,296.941093
1667,0.142225102,305.423671,0.085840493,296.948007
1669,0.142703116,305.423653,0.084912665,296.934846
1673,0.14239049,305.480962,0.084308714,296.893625
1676,0.141344219,305.577389,0.084471345,296.875499
1678,0.141447306,305.564042,0.083202206,296.896383
1681,0.140991047,305.656881,0.089038059,296.870082
1683,0.139883399,305.630826,0.08430133,296.850396
1686,0.141539097,305.655455,0.083013602,296.830734
1689,0.140318483,305.72426,0.090129577,296.776405
1691,0.138926581,305.739379,0.089315109,296.811925
1694,0.138631403,305.768003,0.093468226,296.76614
1697,0.137669623,305.810046,0.090379812,296.76811
1699,0.138434574,305.845751,0.091088936,296.733341
1700,0.138377115,305.839299,0.0924972,296.753141
1701,0.139488459,305.880162,0.094607867,296.717381
1704,0.139628455,305.892486,0.094680838,296.726464
1705,0.13688831,305.924524,0.089671791,296.697873
1706,0.139849141,305.959587,0.089832425,296.713691
1713,0.13860327,306.063436,0.092012949,296.668013
1714,0.137939394,306.0446,0.095733143,296.644711
1717,0.137138918,306.087049,0.08991307,296.638713
1719,0.136973426,306.137857,0.0948864,296.600252
1723,0.136884198,306.179598,0.090181507,296.604748
1724,0.137418985,306.180526,0.086237676,296.589447
1725,0.137669444,306.18809,0.083661854,296.596149
1727,0.136951968,306.250005,0.083257928,296.567383
1733,0.136755958,306.310618,0.091009319,296.523746
1736,0.134844616,306.34655,0.093395524,296.499188
1740,0.136629328,306.398209,0.08449515,296.499976
1741,0.136478066,306.41136,0.083690979,296.483832
1745,0.135940746,306.459018,0.082139485,296.482867
1746,0.135872141,306.505934,0.085000083,296.469408
1749,0.136299104,306.55273,0.092726022,296.474005
1750,0.133532256,306.564595,0.094201416,296.435472
1753,0.135142967,306.594551,0.081848435,296.431578
1755,0.13294819,306.613127,0.092180982,296.396038
1758,0.133873493,306.668407,0.082472347,296.403892
1760,0.13385725,306.680564,0.09016379,296.380947
1763,0.133756355,306.736493,0.084339552,296.365924
1765,0.132335663,306.755621,0.087524116,296.368953
1766,0.133598909,306.765838,0.091234639,296.336866
1768,0.132858768,306.786148,0.08184287,296.35273
1771,0.131891638,306.827423,0.085709199,296.339619
1773,0.13282758,306.871207,0.085993662,296.310476
1780,0.130872175,306.973624,0.089304201,296.287643
1782,0.133087859,306.983524,0.083416648,296.283354
1785,0.132273778,307.019511,0.084247269,296.22715
1788,0.131363988,307.040829,0.086882256,296.246836
1789,0.130459368,307.061612,0.08854463,296.233026
1790,0.129848689,307.086868,0.083907329,296.235855
1796,0.132292196,307.15734,0.086679146,296.155623
1797,0.1322577,307.174228,0.081764214,296.176068
1799,0.129959956,307.222307,0.082704499,296.151257
1802,0.130583614,307.271552,0.083545275,296.125453
1803,0.130303204,307.275343,0.081965528,296.137267
1805,0.128933907,307.296969,0.085156955,296.141726
1807,0.129245952,307.329177,0.083984114,296.13882
1810,0.132675499,307.331046,0.081381932,296.099823
1811,0.130777508,307.404356,0.082929783,296.116484
1815,0.131489411,307.450416,0.079492092,296.066676
1817,0.132365152,307.444281,0.081406251,296.070245
1821,0.132516041,307.507733,0.077721566,296.021273
1824,0.138151795,307.539591,0.079737924,296.062947
1825,0.136514962,307.538312,0.07942035,296.027354
1826,0.135218978,307.600571,0.085677095,295.988591
1829,0.137358174,307.615099,0.080205686,296.010144
1831,0.138043001,307.671092,0.081918359,295.996705
1833,0.137303278,307.673437,0.081442602,295.962098
1834,0.135465801,307.698227,0.080399804,295.991564
1836,0.136871323,307.710817,0.080376536,295.962778
1839,0.13586022,307.748973,0.082473509,295.925799
1840,0.137823194,307.762908,0.082841374,295.956083
1843,0.136420161,307.79415,0.083063811,295.943298
1844,0.137575269,307.79415,0.082343943,295.943298
1847,0.135588482,307.861547,0.079626121,295.889851
1851,0.135310724,307.904836,0.081545874,295.912223
1855,0.134864897,307.938914,0.079189986,295.851001
1857,0.135222256,308.017277,0.081669919,295.83402
1859,0.134845927,308.043597,0.083480515,295.821274
1864,0.136372462,308.119772,0.082826212,295.821862
1868,0.135624066,308.16683,0.083771273,295.780141
1869,0.135340452,308.215393,0.083083056,295.756174
1873,0.123752534,308.263695,0.08397001,295.759334
1875,0.126061529,308.274748,0.084133327,295.773704
1878,0.126242444,308.281822,0.079185419,295.751048
1880,0.134676814,308.322274,0.080327354,295.742089
1882,0.126143515,308.37304,0.080621086,295.705186
1890,0.130778313,308.492262,0.081305325,295.684602
1899,0.131921277,308.615303,0.082877807,295.661572
1901,0.13069202,308.624547,0.081372939,295.623872
1903,0.128495678,308.650352,0.079675004,295.594845
1904,0.125240848,308.69687,0.078360163,295.629975
1905,0.132712528,308.729805,0.080058873,295.582857
1909,0.127064124,308.783913,0.081867412,295.571247
1910,0.125126958,308.783913,0.080563091,295.564807
1913,0.126451761,308.790717,0.077642046,295.565312
1915,0.126652733,308.850143,0.076944418,295.548892
1916,0.125415891,308.853373,0.076107986,295.554769
1918,0.128499255,308.883704,0.078638427,295.53153
1924,0.12453083,308.953968,0.082394637,295.495796
1927,0.127247855,309.023013,0.080634773,295.538232
1928,0.125914007,309.03001,0.078588389,295.478458
1929,0.125703082,309.04784,0.077846818,295.472807
1932,0.124553897,309.071816,0.077399097,295.466795
1934,0.125653222,309.108468,0.079357453,295.500783
1936,0.122965433,309.147783,0.083257988,295.464685
1940,0.122173823,309.1914,0.079461724,295.469184
1943,0.125167415,309.20405,0.075699709,295.355843
1945,0.123629607,309.234139,0.079540744,295.414674
1948,0.123641439,309.278827,0.075010307,295.39317
1951,0.122406378,309.344788,0.07658726,295.378603
1953,0.121723965,309.356324,0.080173239,295.38804
1956,0.123188473,309.402087,0.080269299,295.318961
1958,0.123613469,309.449424,0.075820126,295.329097
1961,0.120879553,309.483035,0.078602873,295.331343
1966,0.119246468,309.552837,0.077098317,295.276448
1968,0.123395607,309.55371,0.080414973,295.318037
1973,0.120299712,309.638895,0.079040535,295.270551
1975,0.121284418,309.672305,0.082255125,295.256898
1976,0.120559245,309.69163,0.082720347,295.251001
1978,0.122373298,309.707157,0.078332633,295.250412
1982,0.119235188,309.758799,0.079535834,295.223853
1983,0.122371584,309.776268,0.08047843,295.211847
1985,0.122676991,309.784192,0.080226019,295.23097
1988,0.120462559,309.816221,0.082296483,295.190914
1990,0.122732408,309.836747,0.078916155,295.189013
1992,0.121848308,309.888303,0.084806792,295.177671
1997,0.124675818,309.949888,0.082104646,295.188475
1998,0.121552013,309.940993,0.081519201,295.13347
2003,0.123917095,310.045039,0.080843143,295.121934
2004,0.120478988,310.018808,0.08534766,295.132747
2006,0.122778364,310.081138,0.079645865,295.090915
2007,0.119915031,310.073249,0.082149647,295.090301
2009,0.12118391,310.121827,0.077769652,295.094854
2012,0.121349834,310.148188,0.079719633,295.070432
2015,0.120187447,310.201391,0.080077641,295.030328
2016,0.119664371,310.201757,0.078459173,295.061966
2018,0.119876444,310.23371,0.081181444,295.066932
2021,0.122797556,310.256667,0.078223579,295.045933
2023,0.12107344,310.292342,0.082834199,295.017586
2024,0.120327815,310.293573,0.081378467,295.039327
2027,0.122151874,310.353682,0.083543614,295.005214
2030,0.121014126,310.369147,0.080606781,294.978102
2033,0.121007353,310.441818,0.076796822,294.977791
2042,0.120435059,310.537264,0.080500178,294.956866
2045,0.117984787,310.578894,0.079206266,294.934112
2046,0.120398201,310.600156,0.079236738,294.912274
2049,0.120128222,310.627397,0.077524528,294.906103
2052,0.12019328,310.644818,0.077526197,294.904041
2055,0.118801393,310.686422,0.077127963,294.87087
2056,0.119363189,310.708372,0.082162187,294.872284
2059,0.118085071,310.759885,0.078906216,294.872992
2061,0.117808536,310.732275,0.078335978,294.865045
2064,0.118325196,310.825778,0.080861919,294.844374
2066,0.116599374,310.835291,0.07776086,294.822894
2068,0.118326694,310.870364,0.077127345,294.809927
2069,0.120225921,310.867391,0.080413319,294.790811
2070,0.120152116,310.870274,0.076968834,294.798138
2072,0.118789651,310.90439,0.077559374,294.807426
2073,0.118114591,310.892988,0.076216295,294.787553
2075,0.120409712,310.91198,0.079190575,294.787806
2078,0.118196011,310.963114,0.081266806,294.807083
2079,0.119275764,310.998895,0.076072179,294.773432
2080,0.117906638,311.007517,0.076083958,294.789121
2083,0.116502918,311.016612,0.07797616,294.740083
2088,0.118908875,311.094617,0.074809633,294.726676
2091,0.118880451,311.13944,0.074974127,294.724504
2093,0.118639134,311.158781,0.076021321,294.713463
2094,0.118570052,311.16176,0.079953924,294.707391
2098,0.119156711,311.203272,0.077307597,294.71103
2100,0.11872194,311.236137,0.079054877,294.658665
2101,0.117474064,311.217287,0.077717021,294.675865
2104,0.118193902,311.248116,0.077456579,294.705818
2106,0.117474333,311.303317,0.075753242,294.636689
2110,0.118145272,311.354386,0.078044437,294.638889
2111,0.11800918,311.328429,0.078330092,294.619994
2113,0.118318327,311.342197,0.073890843,294.633119
2114,0.117589772,311.368056,0.076353021,294.629076
2117,0.118936822,311.402472,0.075438879,294.633356
2118,0.119010598,311.460194,0.077771388,294.601682
2133,0.120563515,311.607691,0.07123217,294.577018
2137,0.121064887,311.667447,0.075087383,294.499773
2138,0.121594206,311.691102,0.076215953,294.496479
2139,0.120997019,311.703021,0.073408008,294.459899
2142,0.119817361,311.712323,0.072731443,294.515102
2143,0.120066948,311.737797,0.072078846,294.472136
2147,0.12119928,311.801836,0.075091109,294.483049
2151,0.122133285,311.797454,0.075711146,294.46683
2152,0.122659996,311.799755,0.073876731,294.458133
2154,0.121544957,311.84605,0.073361814,294.418053
2155,0.121760927,311.848139,0.072852224,294.456532
2157,0.120215952,311.837196,0.074354187,294.42992
2160,0.121255398,311.908978,0.078552,294.42494
2166,0.121457189,311.97007,0.07532239,294.370092
2168,0.121531494,312.011702,0.072945789,294.395597
2169,0.123699606,312.029091,0.076704673,294.373195
2172,0.12074396,312.060902,0.075433888,294.347985
2173,0.120959468,312.037581,0.075127542,294.333884
2175,0.123187579,312.084042,0.074668258,294.34303
2178,0.120731488,312.116475,0.075571477,294.343165
2180,0.120576292,312.15642,0.076801114,294.335647
2181,0.120388813,312.151805,0.074889287,294.31975
2186,0.122629747,312.187654,0.077920586,294.321488
2189,0.121487528,312.219333,0.074951701,294.304091
2193,0.121712208,312.28712,0.07420215,294.281652
2195,0.123577133,312.302899,0.073572278,294.275768
2197,0.120142251,312.288394,0.074656427,294.284325
2200,0.123465739,312.339004,0.075632602,294.274994
2203,0.121059924,312.378713,0.078302376,294.257535
2205,0.121510707,312.406743,0.073097296,294.248406
2207,0.121692136,312.409308,0.075638175,294.258304
2209,0.124221973,312.443222,0.074315637,294.229066
2210,0.12073388,312.4488,0.075282581,294.268303
2213,0.121593311,312.477954,0.076754838,294.202593
2214,0.123826377,312.479512,0.076593161,294.194997
2215,0.122443713,312.512391,0.074387215,294.232095
2221,0.12256404,312.569415,0.073729366,294.165723
2224,0.12192443,312.58801,0.078111455,294.145908
2225,0.122319333,312.599998,0.071677908,294.128132
2227,0.120865092,312.613374,0.0732335,294.125393
2228,0.122297786,312.622034,0.075471953,294.16506
2231,0.120520227,312.646966,0.072113499,294.125452
2234,0.120529145,312.693426,0.072946832,294.122891
2235,0.121421687,312.693426,0.073203169,294.101528
2237,0.117791526,312.712942,0.075999402,294.133939
2238,0.121278293,312.760183,0.07512702,294.115252
2243,0.121152535,312.790536,0.074453242,294.098944
2244,0.11970219,312.791379,0.072472662,294.130408
2247,0.117886804,312.809244,0.076368824,294.085383
2250,0.120664664,312.848485,0.070760898,294.040288
2253,0.120120503,312.871402,0.071504653,294.060119
2254,0.118671551,312.896605,0.071053237,294.052983
2262,0.119515188,312.966158,0.071648695,294.003795
2264,0.117842287,313.000918,0.076412559,294.017284
2265,0.117713824,313.016148,0.072555438,294.0103
2269,0.120363265,313.041976,0.072200187,294.011761
2271,0.120315626,313.078589,0.069913685,293.997701
2275,0.120286696,313.090548,0.071820945,293.976259
2278,0.11750979,313.110461,0.071639806,293.977391
2281,0.119030684,313.162749,0.074979328,293.957771
2284,0.119663522,313.179028,0.071355686,293.943059
2288,0.118047088,313.212938,0.074156553,293.930972
2290,0.118591175,313.233706,0.075700328,293.904127
2292,0.120031424,313.25684,0.071717113,293.917315
2293,0.118518151,313.257124,0.073006518,293.892106
2298,0.119300395,313.311819,0.070086584,293.880372
2300,0.11645025,313.33268,0.072083429,293.865861
2303,0.119349353,313.342616,0.071293481,293.911575
2304,0.118087009,313.363233,0.071662463,293.879557
2307,0.118100055,313.381872,0.07429979,293.851317
2309,0.119582683,313.398282,0.076346107,293.861941
2311,0.117223352,313.432177,0.073141441,293.829254
2312,0.118793264,313.43588,0.073791035,293.849354
2315,0.117204875,313.450262,0.071125194,293.817677
2317,0.118829809,313.496308,0.074129105,293.807519
2318,0.117910989,313.514408,0.072716869,293.795857
2320,0.118863501,313.485013,0.075962119,293.789478
2323,0.120803475,313.550425,0.073114514,293.824289
2325,0.121559747,313.560382,0.073554672,293.766314
2327,0.122852378,313.579297,0.072017394,293.779338
2328,0.120475747,313.591001,0.07552404,293.748694
2331,0.121037759,313.575481,0.07140331,293.764604
2332,0.122412279,313.628699,0.071569934,293.737344
2334,0.120223396,313.657995,0.076599523,293.75512
2335,0.119752087,313.653533,0.070728056,293.727631
2336,0.120616481,313.663196,0.07558164,293.75577
2339,0.119562805,313.671173,0.070408694,293.749544
2340,0.122479335,313.716534,0.07294441,293.764449
2342,0.119405069,313.732147,0.070907347,293.73951
2344,0.12054643,313.742075,0.070892751,293.727054
2345,0.11870724,313.762174,0.078122392,293.721163
2347,0.121747911,313.749678,0.072970748,293.708705
2349,0.119560458,313.788514,0.078564905,293.712867
2351,0.120747827,313.789348,0.076478302,293.706209
2355,0.119573988,313.840948,0.079981744,293.680281
2356,0.12223573,313.840948,0.079338431,293.6707
2358,0.119335927,313.861399,0.077024065,293.672854
2366,0.12079411,313.913851,0.080336511,293.637117
2371,0.121030204,313.960145,0.077499002,293.629496
2372,0.11937689,313.988563,0.081558332,293.591313
2374,0.121187747,314.017004,0.076967351,293.620803
2375,0.121391386,314.024491,0.078974612,293.582035
2379,0.12054465,314.048398,0.076580532,293.622992
2381,0.119690359,314.035158,0.077440493,293.631216
2386,0.120870628,314.097205,0.080733456,293.589835
2388,0.119959556,314.112661,0.076995507,293.562463
2391,0.121957198,314.173792,0.078971416,293.580103
2393,0.119327925,314.159154,0.079995409,293.517801
2395,0.120688349,314.183169,0.079628482,293.565389
2396,0.119632423,314.179333,0.076866426,293.55367
2399,0.119144656,314.209624,0.079275109,293.535366
2401,0.118313469,314.256288,0.078110367,293.525522
2405,0.119128853,314.243255,0.070678771,293.535369
2408,0.121378519,314.281575,0.069555938,293.537937
2410,0.12010067,314.305283,0.069262579,293.480932
2414,0.123682633,314.312555,0.080658115,293.451707
2417,0.122897513,314.343695,0.068352953,293.470675
2419,0.121461473,314.380673,0.078921862,293.464444
2420,0.120652907,314.364538,0.079565488,293.45969
2422,0.121509306,314.433451,0.079667293,293.467545
2426,0.121837996,314.446833,0.070938252,293.445413
2430,0.121376015,314.492998,0.067869961,293.452374
2432,0.120615006,314.503323,0.076809645,293.423906
2433,0.122535482,314.502248,0.079617262,293.417757
2435,0.122773178,314.539141,0.079406619,293.422608
2438,0.120671257,314.52065,0.08163736,293.388741
2441,0.121661201,314.580114,0.071950026,293.386488
2445,0.121272884,314.570162,0.086500145,293.390916
2446,0.123130284,314.608764,0.068897814,293.376126
2448,0.121599548,314.63021,0.070005104,293.373003
2451,0.12207599,314.65792,0.076778345,293.368578
2453,0.121165097,314.639288,0.071654521,293.335612
2454,0.121124245,314.67677,0.069976419,293.337326
2461,0.12154071,314.708987,0.077607565,293.348245
2462,0.12170063,314.733355,0.080745488,293.29572
2465,0.126648992,314.745865,0.06788706,293.31363
2469,0.124825679,314.768566,0.0738566,293.276377
2470,0.122495152,314.772623,0.071756653,293.300708
2472,0.120229028,314.82456,0.076352715,293.298073
2474,0.120582342,314.813634,0.077661701,293.285665
2475,0.12165565,314.81807,0.07139577,293.27077
2476,0.121719368,314.837997,0.075566612,293.281931
2479,0.12238764,314.852743,0.078313008,293.27575
2486,0.124250613,314.924578,0.069720306,293.251726
2488,0.122409634,314.924788,0.077448756,293.189549
2490,0.124268569,314.963436,0.077445194,293.219496
2494,0.122965157,314.999957,0.071611971,293.217918
2495,0.120460577,314.982291,0.072258599,293.232189
2499,0.119186312,315.010862,0.071942449,293.200446
2500,0.127443209,315.037073,0.071962953,293.162151
2505,0.129972935,315.074444,0.07388781,293.187775
2507,0.119762793,315.073467,0.072445989,293.15237
2509,0.119656637,315.089038,0.068630844,293.187836
2511,0.121750616,315.125405,0.073061489,293.18782
2513,0.12042433,315.123241,0.071460888,293.179439
2515,0.118574366,315.15102,0.072423443,293.148731
2516,0.122217141,315.137995,0.071755067,293.157503
2519,0.121367291,315.147112,0.071321301,293.170951
2522,0.121665172,315.183337,0.069810376,293.117638
2524,0.119815216,315.194521,0.072813474,293.130822
2527,0.121458255,315.237258,0.071820639,293.102039
2528,0.122303374,315.230911,0.072021827,293.124242
2531,0.121604547,315.250426,0.0710572,293.150239
2535,0.11981225,315.28364,0.07524392,293.092984
2539,0.123409674,315.319573,0.069471002,293.064361
2542,0.123305917,315.358642,0.07165391,293.112327
2544,0.121053837,315.337227,0.067369372,293.055388
2548,0.133304447,315.398371,0.071762338,293.044251
2550,0.131549224,315.36271,0.07078293,293.042587
2555,0.131058231,315.409412,0.068752132,293.005237
2558,0.132709399,315.427209,0.069385864,293.009618
2561,0.13155067,315.449669,0.072158583,293.010855
2564,0.132948756,315.486065,0.070806175,293.039216
2569,0.134682506,315.549652,0.069145851,292.973639
2574,0.132959023,315.568953,0.070045672,293.012284
2576,0.135803387,315.568098,0.067428961,292.960541
2579,0.134089693,315.587082,0.068790071,292.996025
2581,0.134219259,315.58634,0.067971364,292.95494
2584,0.13274461,315.591649,0.068645276,292.94007
2586,0.135762155,315.645009,0.069366306,292.924889
2587,0.13601248,315.661749,0.070218295,292.953871
2588,0.12347953,315.62551,0.070647851,292.908404
2590,0.125081897,315.682819,0.069471337,292.932509
2591,0.124220774,315.682819,0.06754256,292.946738
2594,0.134119377,315.693944,0.069074132,292.913632
2595,0.125409007,315.685885,0.06872905,292.92191
2599,0.127026424,315.767788,0.069065697,292.88121
2605,0.135657281,315.772215,0.065584533,292.888536
2607,0.12509957,315.796983,0.067537785,292.871795
2612,0.134058639,315.837306,0.069932781,292.877589
2614,0.12714991,315.823613,0.067326114,292.880669
2615,0.124626495,315.848709,0.065240681,292.878877
2616,0.131623358,315.860675,0.066768788,292.850389
2618,0.1333341,315.891995,0.067828014,292.860674
2620,0.125957906,315.893301,0.068700127,292.838994
2621,0.134263679,315.893301,0.067773975,292.837099
2624,0.130896568,315.88123,0.068944894,292.814811
2626,0.130269662,315.904566,0.0677609,292.832857
2630,0.130192906,315.916451,0.06851805,292.8065
2635,0.128973618,315.984273,0.068203546,292.81918
2637,0.131449476,316.02163,0.068676472,292.793346
2640,0.128031641,316.010909,0.071422137,292.784307
2641,0.128934115,315.991803,0.072736308,292.768882
2644,0.126274854,316.020107,0.071966827,292.767293
2645,0.128272668,316.041678,0.070350863,292.750313
2649,0.12774162,316.059477,0.07306581,292.773225
2650,0.129637241,316.074583,0.068819642,292.765785
2651,0.131387815,316.097675,0.07093478,292.748261
2653,0.131347492,316.086939,0.069244236,292.735533
2656,0.12959069,316.104752,0.069376267,292.731392
2657,0.12907353,316.137298,0.068055764,292.734311
2660,0.130871758,316.138683,0.0676568,292.711559
2661,0.128978044,316.148065,0.068307988,292.725382
2662,0.129153967,316.155906,0.069157571,292.747695
2665,0.130930692,316.161177,0.06861414,292.714686
2667,0.130891353,316.191228,0.068145096,292.667892
2668,0.129659191,316.191228,0.071262613,292.707963
2678,0.129100442,316.256,0.068333529,292.65611
2680,0.131545052,316.265186,0.06763,292.652895
2681,0.131728441,316.246919,0.067995429,292.663124
2683,0.128618702,316.293918,0.069155835,292.667652
2685,0.129240677,316.287584,0.068732664,292.672476
2686,0.13030003,316.287584,0.067861818,292.676317
2688,0.129450366,316.314043,0.06520988,292.646966
2689,0.130822495,316.325556,0.06985613,292.64909
2691,0.12829712,316.376446,0.067240886,292.62987
2693,0.129479975,316.312093,0.067763478,292.622427
2697,0.128790408,316.393282,0.069875196,292.645188
2698,0.129677087,316.371677,0.068314292,292.625418
2702,0.129427493,316.375407,0.066308364,292.603155
2703,0.129917562,316.411994,0.066877604,292.604679
2704,0.129059985,316.399509,0.073872,292.625204
2708,0.128521457,316.406654,0.066283159,292.57623
2709,0.129051626,316.425245,0.066042624,292.568303
2711,0.126952946,316.454733,0.069916271,292.545391
2713,0.128727213,316.451221,0.070078708,292.56009
2721,0.128949195,316.524528,0.067824446,292.569388
2723,0.129767746,316.522683,0.065714881,292.570693
2724,0.129083782,316.522683,0.069021903,292.535038
2726,0.130745217,316.514468,0.069906816,292.570575
2728,0.131494701,316.536092,0.066421561,292.541758
2730,0.130054265,316.545996,0.068752013,292.549875
2731,0.128065005,316.559002,0.064059831,292.527553
2733,0.128501028,316.584045,0.069760859,292.539832
2737,0.13004595,316.588868,0.069902591,292.499548
2738,0.128761306,316.609659,0.06781204,292.519859
2743,0.128926233,316.636214,0.071089946,292.534493
2745,0.13020587,316.645634,0.065467648,292.49562
2747,0.128964067,316.634152,0.067255273,292.458767
2750,0.129233718,316.686944,0.067604199,292.50545
2754,0.128875315,316.692603,0.066685088,292.492573
2756,0.129688218,316.70257,0.066020206,292.49667
2760,0.127507687,316.736694,0.067023382,292.4406
2763,0.130364716,316.749767,0.066580944,292.459619
2764,0.129093707,316.745621,0.067458346,292.447322
2765,0.127362162,316.736203,0.065762259,292.428333
2768,0.128794238,316.78892,0.06573768,292.45435
2770,0.131274119,316.786666,0.068205453,292.439408
2771,0.128121093,316.793548,0.065890394,292.43131
2773,0.129014194,316.780524,0.068221688,292.430082
2776,0.130870253,316.843031,0.066508532,292.416561
2779,0.129502446,316.831007,0.064413771,292.392602
2783,0.131371558,316.856061,0.065447666,292.360186
2785,0.133593306,316.901087,0.064977877,292.413912
2787,0.131655321,316.849847,0.068021126,292.392236
2790,0.130265921,316.895373,0.070530728,292.358565
2793,0.130346432,316.913423,0.062716343,292.371884
2794,0.12963061,316.924222,0.065876961,292.354896
2796,0.132159323,316.928632,0.066074267,292.376533
2798,0.131433144,316.93791,0.064732835,292.354356
2801,0.131208003,316.958589,0.065145247,292.353428
2805,0.132212177,316.968816,0.064672656,292.35955
2810,0.131902516,316.999978,0.065181784,292.356778
2811,0.131349459,317.007734,0.068320923,292.321698
2812,0.132108674,317.004202,0.065564394,292.320903
2815,0.131708562,317.042506,0.065069042,292.315403
2818,0.131848216,317.033254,0.0709823,292.33954
2821,0.131701097,317.032972,0.067384727,292.302419
2822,0.132323131,317.049649,0.065509669,292.326725
2825,0.132859752,317.07063,0.068326406,292.299917
2829,0.132528797,317.103041,0.063473545,292.264675
2832,0.132865295,317.10058,0.065340355,292.259842
2837,0.133518711,317.162556,0.064639941,292.295524
2841,0.131426588,317.172988,0.065297544,292.253771
2844,0.13161698,317.176398,0.063918225,292.217271
2850,0.130950779,317.224895,0.064873211,292.225353
2854,0.132148296,317.205907,0.06607496,292.232706
2856,0.130756199,317.266914,0.065318815,292.228897
2859,0.132699847,317.234683,0.061959356,292.197958
2860,0.13401705,317.253525,0.067442924,292.240736
2861,0.132212833,317.264027,0.065341949,292.225971
2864,0.132886708,317.26874,0.068803295,292.226813
2870,0.13139376,317.319833,0.064065918,292.178645
2871,0.133072317,317.323652,0.063238479,292.207571
2873,0.133952454,317.339999,0.061130464,292.204711
2876,0.132567465,317.363766,0.065857798,292.168478
2879,0.132762492,317.358645,0.062967636,292.183214
2883,0.132726163,317.385723,0.0627103,292.150295
2889,0.132836938,317.421571,0.064477213,292.168388
2890,0.132934094,317.452746,0.063809015,292.141111
2892,0.133753613,317.429571,0.066664353,292.126868
2895,0.136365831,317.44687,0.066989884,292.097947
2897,0.134504885,317.45298,0.065965749,292.120301
2900,0.13528496,317.470343,0.066928692,292.123259
2907,0.134138838,317.511329,0.067925438,292.123087
2913,0.132220984,317.549627,0.071002752,292.091534
2914,0.133139208,317.523618,0.067394704,292.102275
2915,0.133853942,317.558629,0.07104113,292.086623
2918,0.134301812,317.55555,0.068699032,292.102428
2921,0.133552581,317.596883,0.067790285,292.098104
2924,0.133439258,317.579018,0.069131888,292.056054
2928,0.134716287,317.647204,0.066509195,292.091215
2930,0.133908689,317.62996,0.06873621,292.07464
2935,0.132341132,317.665052,0.065808848,292.044339
2936,0.134883151,317.647849,0.066719711,292.074952
2937,0.132855952,317.659765,0.065028474,292.010093
2938,0.130929142,317.652211,0.069402412,292.094053
2944,0.132059529,317.717262,0.06774886,292.022729
2948,0.133628279,317.708569,0.067741632,292.00583
2957,0.132993966,317.745246,0.065781593,292.00927
2958,0.133865282,317.745503,0.064710423,292.003077
2961,0.132365853,317.766584,0.066020146,291.990035
2963,0.132901505,317.751335,0.066117823,291.986775
2969,0.135765627,317.797673,0.066775315,291.963754
2972,0.135264069,317.817844,0.06736166,291.986088
2974,0.134154171,317.82966,0.06656374,291.946966
2977,0.134467095,317.822286,0.064408965,291.931962
2985,0.134909675,317.861026,0.069509394,291.938107
2988,0.134526581,317.8735,0.066291027,291.921011
2992,0.134768963,317.899161,0.064985454,291.923379
2998,0.134030268,317.931149,0.069292821,291.911998
3002,0.137648553,317.92703,0.065827288,291.907392
3004,0.13317889,317.929391,0.065082088,291.909903
3005,0.136313677,317.947147,0.066150561,291.888178
3007,0.133999184,317.978129,0.064738609,291.866463
3008,0.134217635,317.984119,0.064842641,291.877311
3019,0.134169608,318.016922,0.065085731,291.843891
3021,0.135734841,317.99162,0.06681145,291.839963
3023,0.136183947,318.030813,0.06505046,291.839167
3025,0.134460956,318.043122,0.065139256,291.828146
3027,0.134192288,318.084648,0.066886961,291.866917
3031,0.134815171,318.060039,0.065442733,291.832118
3040,0.135456041,318.100785,0.066158757,291.78928
3041,0.134424344,318.118367,0.067975871,291.769473
3043,0.135782108,318.106389,0.066170365,291.761543
3048,0.137749568,318.116224,0.069893435,291.78174
3051,0.137184009,318.155689,0.067542203,291.764343
3052,0.138393849,318.155151,0.067737699,291.751578
3057,0.137908921,318.189002,0.066358522,291.799344
3058,0.136659786,318.192124,0.064218022,291.773868
3060,0.138724923,318.169817,0.066757202,291.748672
3063,0.138122335,318.194059,0.06868621,291.766679
3064,0.13911432,318.186771,0.06740208,291.721674
3066,0.13909696,318.213291,0.064397402,291.742147
3069,0.137452096,318.239505,0.062093962,291.743954
3071,0.136082232,318.232402,0.064949289,291.737101
3077,0.136962682,318.26043,0.068841025,291.689587
3082,0.139087766,318.298463,0.065200828,291.732164
3086,0.139107302,318.300566,0.064175405,291.741128
3087,0.138545752,318.291955,0.064193472,291.708656
3088,0.138094902,318.307708,0.067288421,291.698866
3090,0.139331877,318.293752,0.065609857,291.670843
3091,0.139404237,318.307179,0.068097822,291.690062
3093,0.139575049,318.3166,0.066616245,291.685698
3098,0.138944805,318.323502,0.066155382,291.694342
3100,0.138014376,318.336366,0.067327991,291.712198
3101,0.141259387,318.355994,0.063240163,291.653716
3106,0.137929007,318.38423,0.066939235,291.683351
3109,0.137653634,318.389101,0.069547467,291.682474
3111,0.13931863,318.379264,0.06528569,291.659983
3113,0.139838144,318.409104,0.067304865,291.66152
3116,0.140011028,318.409313,0.06264089,291.70541
3120,0.139962331,318.424277,0.062750675,291.636095
3127,0.139946923,318.457709,0.062179506,291.621589
3129,0.1384767,318.481801,0.064708412,291.6583
3130,0.138959125,318.467305,0.064731933,291.631045
3137,0.140996426,318.504681,0.063972481,291.617411
3140,0.13975057,318.513144,0.067942999,291.61778
3143,0.138478011,318.514203,0.062814213,291.576585
3146,0.138939917,318.548737,0.064607292,291.59831
3148,0.140750125,318.510177,0.064093225,291.609151
3154,0.140799135,318.574268,0.067031719,291.581093
3157,0.140425846,318.567314,0.062188018,291.58571
3159,0.140376777,318.591802,0.062921792,291.586236
3160,0.140314221,318.564162,0.061094556,291.567268
3163,0.140350089,318.591915,0.063201055,291.556588
3165,0.140744403,318.577493,0.062306982,291.545473
3168,0.142535955,318.644006,0.064063638,291.548936
3172,0.139725506,318.643252,0.06529709,291.536239
3174,0.140456215,318.632,0.063285828,291.521324
3175,0.142749786,318.669653,0.061756086,291.557593
3179,0.138533428,318.623813,0.064044259,291.523053
3180,0.141903266,318.658058,0.061499704,291.553791
3185,0.14087227,318.696919,0.063310593,291.529095
3187,0.140941232,318.698074,0.062048242,291.554917
3189,0.140294313,318.699486,0.062948637,291.546355
3190,0.140294343,318.700432,0.065484114,291.51677
3193,0.140406638,318.691426,0.062616915,291.509274
3195,0.141081199,318.7074,0.065088011,291.517936
3197,0.139900342,318.728313,0.063142017,291.512248
3199,0.141685039,318.716895,0.061225738,291.506754
3201,0.142310947,318.744454,0.061105225,291.505059
3202,0.141877681,318.733485,0.063381277,291.522539
3204,0.138413757,318.765831,0.063337341,291.503222
3205,0.141994506,318.735891,0.066502497,291.517096
3208,0.141501054,318.740566,0.062839247,291.497534
3210,0.140958816,318.752947,0.064127907,291.525655
3212,0.142521367,318.777409,0.06381321,291.48557
3214,0.142177329,318.776134,0.061895885,291.472013
3216,0.141041055,318.788088,0.061800793,291.509506
3222,0.140129507,318.804981,0.064124905,291.49428
3225,0.141589373,318.802705,0.062727168,291.506986
3226,0.141219065,318.830355,0.062430073,291.492571
3227,0.140626475,318.828271,0.063632868,291.450455
3229,0.140201598,318.828031,0.063004002,291.472186
3230,0.141384617,318.807483,0.065520749,291.448091
3235,0.143609539,318.842277,0.0649345,291.459552
3239,0.141882241,318.878616,0.060944203,291.453568
3241,0.142092258,318.880973,0.057785619,291.449743
3243,0.141582608,318.864075,0.059834108,291.444877
3252,0.139874086,318.925693,0.061888482,291.444103
3254,0.140449733,318.87929,0.060064774,291.441494
3257,0.141171083,318.94969,0.064567164,291.450556
3259,0.141376898,318.907851,0.060713038,291.414585
3260,0.143862069,318.943879,0.063053742,291.409386
3261,0.143165037,318.901406,0.060725182,291.418308
3263,0.143001646,318.938637,0.063124739,291.402542
3264,0.142179743,318.962306,0.063851617,291.41855
3266,0.141962275,318.965071,0.061529856,291.427959
3268,0.141757652,318.984674,0.058140721,291.392988
3270,0.142383665,318.977942,0.06105797,291.381317
3274,0.144157156,318.977069,0.061543159,291.41508
3275,0.142366558,318.979337,0.061039735,291.403935
3278,0.142224386,318.996864,0.062777147,291.383674
3279,0.1413607,319.00669,0.063498624,291.373249
3281,0.142746702,319.003291,0.05986147,291.404652
3282,0.143302336,318.987087,0.059430569,291.361859
3284,0.140954271,319.001897,0.062177353,291.38814
3295,0.140869051,319.056183,0.058580861,291.360991
3297,0.1408678,319.069269,0.062176816,291.36971
3300,0.141851693,319.042881,0.061699808,291.329739
3302,0.141346037,319.040381,0.063275017,291.341602
3304,0.140085399,319.074085,0.062113825,291.346327
3307,0.141473994,319.098003,0.060017694,291.350548
3308,0.140618101,319.081185,0.060336906,291.307532
3310,0.140324056,319.113965,0.060799766,291.364581
3312,0.142186448,319.08697,0.062412739,291.32696
3313,0.139387563,319.127121,0.061606906,291.312809
3315,0.140552685,319.113917,0.063958049,291.314567
3318,0.14054203,319.10971,0.061132312,291.330257
3320,0.141273752,319.118804,0.060831536,291.321833
3322,0.140999138,319.130254,0.067913271,291.3348
3323,0.140604928,319.138971,0.065411039,291.310712
3331,0.142581418,319.167999,0.060788538,291.280006
3333,0.140653625,319.163961,0.061964758,291.289699
3334,0.138996527,319.16018,0.061663497,291.322701
3336,0.141301915,319.175578,0.059333075,291.277525
3339,0.139489055,319.188164,0.059029065,291.280194
3340,0.140671819,319.178646,0.063991286,291.314749
3342,0.140968099,319.229596,0.06422393,291.293252
3345,0.14268747,319.206485,0.059015781,291.27056
3351,0.141544417,319.2113,0.060344256,291.272509
3352,0.141741261,319.187523,0.063345961,291.26669
3354,0.139522255,319.213727,0.061108951,291.251073
3357,0.141236231,319.223573,0.063234143,291.274045
3359,0.140078992,319.252282,0.06286148,291.26887
3361,0.140609577,319.257946,0.06307894,291.26463
3362,0.14175804,319.235893,0.061615378,291.267763
3363,0.141266614,319.24871,0.063531131,291.252262
3368,0.142951503,319.247388,0.060092509,291.23243
3372,0.14243342,319.285701,0.063505538,291.239248
3375,0.140886411,319.281424,0.063310623,291.219583
3379,0.140879899,319.311852,0.057123285,291.215497
3381,0.14151974,319.326557,0.063992932,291.212708
3383,0.140210539,319.317258,0.061943352,291.227579
3387,0.140878603,319.330474,0.059645522,291.205794
3388,0.14098528,319.342343,0.063722789,291.22032
3391,0.141306475,319.309017,0.062439844,291.195581
3392,0.141281739,319.343312,0.060892347,291.203518
3393,0.140631124,319.33186,0.063859984,291.203298
3398,0.142404422,319.347157,0.060493898,291.188732
3400,0.142118767,319.399107,0.060061507,291.205478
3404,0.140872017,319.3878,0.061158564,291.176359
3406,0.143306553,319.401958,0.059706524,291.14738
3411,0.141772792,319.429401,0.064057194,291.1538
3416,0.14225477,319.397963,0.059921134,291.201669
3419,0.140342504,319.424749,0.060410086,291.122196
3420,0.141889021,319.442613,0.064304434,291.145818
3422,0.143051311,319.460741,0.060166538,291.153704
3424,0.13939181,319.411624,0.062186047,291.152586
3427,0.139883265,319.470855,0.061354995,291.137132
3430,0.13964884,319.455161,0.056805715,291.118195
3431,0.141448245,319.438482,0.06293691,291.095585
3432,0.142277464,319.464393,0.062416233,291.125606
3433,0.141080916,319.454384,0.063528791,291.149678
3435,0.141639054,319.465994,0.060199898,291.121585
3438,0.140600562,319.437649,0.062782653,291.145822
3439,0.140660822,319.476386,0.059875168,291.128481
3442,0.141064584,319.478245,0.059136935,291.128131
3443,0.142149285,319.478245,0.059832562,291.112922
3452,0.140642077,319.48047,0.062246807,291.113227
3454,0.140754283,319.489325,0.061595988,291.101458
3456,0.139374048,319.520733,0.058859475,291.090602
3457,0.14153409,319.523071,0.062508293,291.101726
3459,0.140795618,319.517691,0.059705395,291.101353
3460,0.138311446,319.492703,0.060881119,291.112991
3468,0.141737089,319.54535,0.060067274,291.087783
3472,0.139656156,319.554252,0.058685299,291.102862
3474,0.141537994,319.559423,0.059010148,291.098827
3477,0.14112781,319.59274,0.062470481,291.06265
3478,0.140948176,319.544605,0.059533786,291.090951
3483,0.142562807,319.574881,0.05917158,291.065767
3486,0.142735377,319.565731,0.059244029,291.058984
3490,0.140980586,319.585863,0.059765693,291.070134
3491,0.141867131,319.597166,0.061154511,291.060434
3494,0.141665638,319.618802,0.06016954,291.08086
3495,0.142121419,319.591619,0.058927987,291.040042
3496,0.141105592,319.572911,0.057638738,291.030764
3501,0.143567056,319.634922,0.060209237,291.053338
3502,0.142013744,319.602032,0.059632603,291.036635
3504,0.142185777,319.619986,0.059683029,291.034603
3506,0.141931757,319.658558,0.06094712,291.052513
3508,0.142261669,319.622211,0.059813105,291.019672
3510,0.142341152,319.636274,0.060798276,291.049004
3512,0.141692713,319.649913,0.060830526,291.063868
3513,0.140795261,319.67931,0.059424721,290.991455
3514,0.141613871,319.656124,0.062721334,291.033046
3516,0.142361164,319.642181,0.059496082,291.045366
3517,0.142630562,319.654947,0.063099571,290.989474
3519,0.142255157,319.664143,0.06371443,291.029189
3522,0.141031951,319.664199,0.061521389,291.018434
3527,0.140040442,319.673563,0.060737271,290.957372
3532,0.144145072,319.727369,0.058100387,290.974705
3535,0.142376691,319.697413,0.058868073,291.021282
3539,0.143588677,319.732634,0.060015343,291.002471
3540,0.141508728,319.711971,0.059738066,290.983158
3541,0.140833288,319.727824,0.059299514,290.978981
3544,0.141533658,319.714475,0.060988318,290.989106
3549,0.143341303,319.747006,0.059227236,290.971475
3551,0.141837061,319.77543,0.059621912,290.9899
3555,0.142846897,319.767011,0.058228742,290.963928
3556,0.141642362,319.756,0.062048901,290.963157
3557,0.143056244,319.760977,0.060589924,290.960304
3560,0.143432438,319.783247,0.058329601,290.937236
3562,0.141969994,319.807492,0.060301989,290.959789
3565,0.142807797,319.772068,0.06219247,290.961805
3567,0.142898873,319.764833,0.05874886,290.910658
3569,0.143695295,319.775756,0.058234278,290.944045
3571,0.142890662,319.779533,0.057826515,290.973228
3574,0.142295674,319.824133,0.059314322,290.921298
3576,0.142729253,319.791912,0.061332095,290.921105
3577,0.143701822,319.816557,0.060124766,290.977313
3579,0.143576354,319.786846,0.062392473,290.968368
3583,0.141981795,319.822413,0.058913901,290.933132
3585,0.142280191,319.834446,0.058885679,290.903856
3586,0.144872949,319.838055,0.055690773,290.958332
3588,0.141847611,319.835199,0.058914881,290.946509
3590,0.142284572,319.826525,0.059357498,290.945339
3591,0.142166659,319.825605,0.062649027,290.944015
3599,0.142786428,319.847615,0.059538923,290.918362
3600,0.142767191,319.882114,0.055452239,290.905768
3604,0.144468024,319.832789,0.061970342,290.916061
3607,0.142418832,319.869232,0.062565245,290.907719
3609,0.141891494,319.883065,0.061852545,290.89371
3610,0.142579526,319.868776,0.059419945,290.88808
3616,0.144816265,319.909888,0.068503134,290.896279
3618,0.141328409,319.915969,0.059546314,290.911507
3619,0.144418284,319.895337,0.058054227,290.883027
3622,0.143072605,319.879728,0.058456693,290.876612
3623,0.14190656,319.93024,0.058351364,290.872975
3624,0.143407852,319.945495,0.059641276,290.900517
3625,0.143018201,319.937855,0.059038706,290.876766
3628,0.143331721,319.924864,0.057298698,290.878038
3631,0.140705988,319.907536,0.060258094,290.875171
3634,0.142369613,319.907608,0.060648233,290.856585
3637,0.143098593,319.936591,0.05845844,290.83472
3641,0.144360051,319.944398,0.058189522,290.854757
3642,0.143136606,319.968243,0.060732834,290.872649
3646,0.142275915,319.937662,0.059336636,290.818445
3648,0.143475413,319.935894,0.060242333,290.84536
3652,0.143337339,319.945876,0.062517144,290.864859
3654,0.144395605,319.964195,0.056406777,290.863096
3655,0.142481834,319.969402,0.060289022,290.825153
3656,0.142191842,319.969402,0.060546238,290.829496
3662,0.142855376,319.979496,0.058912955,290.831643
3663,0.144102827,319.997133,0.058294311,290.807516
3665,0.143427938,319.977168,0.059486195,290.854534
3667,0.142319277,319.996333,0.056268055,290.800946
3668,0.142939627,319.967273,0.062048122,290.834553
3671,0.144677833,320.019112,0.057976473,290.833171
3673,0.142190039,319.993421,0.05944927,290.784323
3676,0.141870037,320.024918,0.06102654,290.812165
3678,0.143233433,320.027374,0.058266602,290.786313
3679,0.143222407,320.032509,0.058936022,290.822962
3681,0.144013658,320.038643,0.057202566,290.779654
3684,0.14306578,320.05064,0.058599938,290.800427
3685,0.142459184,320.034332,0.058722012,290.812613
3686,0.141817033,320.030581,0.062814511,290.794218
3688,0.142358661,320.049416,0.057548475,290.793933
3690,0.143130124,320.067106,0.060668562,290.807894
3693,0.143360093,320.04728,0.062297661,290.804358
3695,0.140874133,320.048719,0.061891589,290.811427
3700,0.14361468,320.052733,0.059943125,290.808058
3701,0.143157363,320.084555,0.058851175,290.802132
3705,0.142896235,320.080221,0.063304573,290.777616
3708,0.143391103,320.076406,0.054657973,290.761019
3718,0.144782484,320.122755,0.057803333,290.744418
3724,0.143336356,320.131663,0.063601702,290.7614
3725,0.143176228,320.118093,0.062868208,290.723679
3726,0.143166035,320.139939,0.063109472,290.741961
3727,0.14302738,320.133646,0.057145458,290.721981
3729,0.142193809,320.114254,0.059137378,290.75011
3731,0.143767998,320.118028,0.055262577,290.753466
3734,0.143394202,320.131743,0.053997427,290.747718
3736,0.142228827,320.130311,0.063898578,290.731622
3739,0.143325493,320.129207,0.066508077,290.733716
3740,0.142635316,320.138659,0.066082798,290.728458
3742,0.140223295,320.184995,0.064267755,290.743333
3743,0.142277747,320.145328,0.062849149,290.736351
3745,0.142935023,320.154051,0.062672049,290.700608
3746,0.143784538,320.178375,0.06720157,290.734729
3748,0.14302288,320.171091,0.067485437,290.715638
3750,0.142993227,320.172034,0.063320629,290.675058
3754,0.142016619,320.183724,0.065330669,290.695977
3756,0.143844768,320.197892,0.064233325,290.71336
3758,0.141483128,320.184443,0.063540809,290.715648
3759,0.14268741,320.199331,0.06418018,290.722487
3761,0.142100126,320.18537,0.066150323,290.705233
3762,0.1440617,320.211379,0.065026976,290.705593
3765,0.142987222,320.223923,0.065934718,290.718089
3766,0.142651483,320.223875,0.066582032,290.702172
3769,0.144043669,320.208157,0.063786045,290.740588
3772,0.14369075,320.229255,0.068031482,290.692411
3774,0.143092334,320.218981,0.067182355,290.679334
3776,0.144219384,320.205645,0.06451337,290.675219
3777,0.143612132,320.212313,0.057809599,290.691909
3780,0.141710833,320.196035,0.056997113,290.69763
3782,0.143466011,320.206972,0.06474591,290.681737
3784,0.143936455,320.227448,0.062284421,290.660559
3785,0.142990649,320.237113,0.068904243,290.689618
3786,0.143739551,320.221771,0.067229852,290.68094
3787,0.143477976,320.215087,0.065073036,290.688538
3788,0.142418578,320.262448,0.067634657,290.660443
3791,0.144056395,320.252271,0.06721577,290.688267
3794,0.14349483,320.239927,0.065767676,290.698643
3795,0.142211378,320.254053,0.064956293,290.676129
3803,0.144254208,320.26829,0.063032612,290.659823
3806,0.143719256,320.255763,0.063712507,290.663487
3807,0.142781973,320.271664,0.067919388,290.665222
3808,0.141570523,320.281896,0.070595376,290.650383
3811,0.143704593,320.265899,0.066399299,290.686065
3812,0.143485174,320.289506,0.067133069,290.636636
3813,0.143587336,320.278882,0.067131199,290.654073
3816,0.143460929,320.28921,0.06770502,290.638892
3819,0.144586161,320.272837,0.062657461,290.631581
3821,0.144138143,320.289313,0.067341775,290.630011
3825,0.142474398,320.313182,0.066380836,290.609589
3827,0.142515644,320.341127,0.066498481,290.641699
3829,0.145080462,320.331447,0.065532729,290.613111
3832,0.142563313,320.302846,0.063193448,290.615876
3834,0.143648699,320.344924,0.066071168,290.599311
3842,0.143568426,320.338169,0.065376855,290.642608
3845,0.143279761,320.343756,0.056861714,290.618123
3849,0.145286873,320.374033,0.067011692,290.598613
3851,0.143493533,320.360749,0.067863002,290.598342
3855,0.146157309,320.35437,0.066541418,290.606546
3858,0.142308965,320.38045,0.064877324,290.602005
3861,0.14413406,320.362571,0.06263452,290.588244
3864,0.143919617,320.366223,0.065658569,290.605309
3866,0.145603254,320.368964,0.06282863,290.5943
3869,0.146685898,320.394261,0.064833537,290.593232
3871,0.144474343,320.391272,0.065872952,290.572834
3872,0.14483133,320.408303,0.064636968,290.574441
3875,0.144934997,320.392638,0.066876307,290.612688
3876,0.144992292,320.386628,0.055353161,290.57282
