Time (min),Abs
0,1.038394094
0.016666666,0.961630821
0.033333346,0.779389262
0.050000012,0.68655628
0.066666678,0.590465844
0.083333343,0.510954142
0.100000009,0.492857456
0.116666675,0.473175228
0.13333334,0.464505523
0.149999991,0.451353848
0.166666672,0.440685183
0.183333322,0.429407418
0.200000003,0.42109561
0.216666654,0.422043085
0.233333334,0.417310357
0.249999985,0.417364299
0.266666666,0.417394519
0.283333317,0.42056632
0.299999997,0.420366406
0.316666648,0.419869483
0.333333328,0.419148117
0.349999979,0.420953661
0.36666666,0.420596451
0.383333311,0.422501624
0.399999991,0.42082873
0.416666642,0.422166616
0.433333352,0.424646497
0.450000003,0.425993621
0.466666654,0.42356661
0.483333305,0.416411132
0.500000015,0.420328051
0.516666666,0.418922126
0.533333317,0.422675461
0.549999967,0.419955939
0.566666678,0.419988394
0.583333328,0.422858179
0.599999979,0.421716422
0.61666663,0.419412881
0.63333334,0.418482542
0.649999991,0.41770795
0.666666642,0.420392484
0.683333352,0.419414818
0.700000003,0.418432385
0.716666654,0.421998501
0.733333305,0.420019865
0.750000015,0.417474777
0.766666666,0.415357977
0.783333317,0.417402476
0.799999967,0.419157445
0.816666678,0.417780668
0.833333328,0.414403766
0.849999979,0.416598558
0.86666663,0.416934431
0.88333334,0.417865455
0.899999991,0.412962258
0.916666642,0.414306223
0.933333293,0.416880935
0.949999944,0.413027585
0.966666714,0.416196793
0.983333364,0.413087279
1.000000015,0.414805681
1.016666666,0.416392833
1.033333317,0.411338091
1.049999968,0.412899554
1.066666618,0.413672626
1.083333269,0.413168043
1.100000039,0.414214283
1.11666669,0.412102163
1.133333341,0.414634138
1.149999991,0.412624389
1.166666642,0.411639959
1.183333293,0.411813915
1.199999944,0.409659416
1.216666714,0.411601782
1.233333364,0.407936394
1.250000015,0.409093946
1.266666666,0.40729171
1.283333317,0.406223327
1.299999968,0.40491721
1.316666618,0.406209171
1.333333269,0.406631142
1.350000039,0.402306855
1.36666669,0.40516448
1.383333341,0.405405551
1.399999991,0.404716522
1.416666642,0.407260269
1.433333293,0.406157821
1.449999944,0.403661728
1.466666714,0.404434651
1.483333364,0.403451383
1.500000015,0.404683083
1.516666666,0.405995727
1.533333317,0.405097276
1.549999968,0.401138485
1.566666618,0.3986803
1.583333269,0.401821554
1.600000039,0.397111565
1.61666669,0.396979749
1.633333341,0.398104429
1.649999991,0.393673211
1.666666642,0.398427099
1.683333293,0.401799291
1.699999944,0.40081355
1.716666714,0.399666816
1.733333364,0.398467869
1.750000015,0.39393276
1.766666666,0.396682739
1.783333317,0.394580305
1.799999968,0.399110526
1.816666618,0.396881551
1.833333269,0.396757633
1.850000039,0.394690365
1.86666669,0.398546726
1.883333341,0.394407362
1.900000111,0.393564671
1.916666761,0.395619273
1.933333412,0.392096281
1.950000063,0.393610567
1.966666714,0.396012485
1.983333364,0.394914806
2.000000015,0.390416712
2.016666666,0.38776505
2.033333555,0.394022435
2.050000206,0.391139627
2.066666857,0.391426504
2.083333508,0.392398775
2.100000158,0.388695359
2.116666809,0.391598642
2.13333346,0.391500652
2.150000111,0.396149039
2.166666761,0.390779436
2.183333412,0.392612815
2.200000063,0.390620023
2.216666714,0.388892382
2.233333364,0.391768456
2.250000015,0.390445083
2.266666666,0.390031427
2.283333555,0.387739152
2.300000206,0.385010392
2.316666857,0.385023803
2.333333508,0.386292726
2.350000158,0.387027025
2.366666809,0.385823041
2.38333346,0.387859285
2.400000111,0.384163976
2.416666761,0.387869537
2.433333412,0.386224508
2.450000063,0.38615039
2.466666714,0.388732076
2.483333364,0.384489417
2.500000015,0.381196231
2.516666666,0.385781229
2.533333555,0.384105146
2.550000206,0.383283436
2.566666857,0.384505004
2.583333508,0.385688812
2.600000158,0.385359108
2.616666809,0.384598494
2.63333346,0.383279175
2.650000111,0.382104605
2.666666761,0.381375581
2.683333412,0.380953133
2.700000063,0.38193503
2.716666714,0.381576121
2.733333364,0.381218016
2.750000015,0.378474444
2.766666666,0.382546663
2.783333555,0.379872263
2.800000206,0.380356073
2.816666857,0.380092084
2.833333508,0.383212239
2.850000158,0.379964501
2.866666809,0.379212111
2.88333346,0.380453199
2.900000111,0.378978849
2.916666761,0.37761572
2.933333412,0.376884401
2.950000063,0.377608001
2.966666714,0.377812803
2.983333364,0.375938356
3.000000015,0.379267037
3.016666666,0.377821714
3.033333555,0.376872689
3.050000206,0.383556277
3.066666857,0.37882179
3.083333508,0.376835913
3.100000158,0.379688829
3.116666809,0.381582677
3.13333346,0.385028184
3.150000111,0.372046918
3.166666761,0.372594386
3.183333412,0.377220899
3.200000063,0.368429631
3.216666714,0.368864864
3.233333364,0.384471536
3.250000015,0.388472319
3.266666666,0.390682042
3.283333555,0.388801605
3.300000206,0.389585525
3.316666857,0.387129754
3.333333508,0.389513522
3.350000158,0.385357857
3.366666809,0.386423886
3.38333346,0.381183475
3.400000111,0.370100975
3.416666761,0.379884988
3.433333412,0.3775087
3.450000063,0.375367403
3.466666714,0.377212971
3.483333364,0.371246308
3.500000015,0.386101544
3.516666666,0.381833315
3.533333555,0.377596319
3.550000206,0.373149663
3.566666857,0.376296967
3.583333508,0.376453191
3.600000158,0.371100217
3.616666809,0.370924294
3.63333346,0.371416867
3.650000111,0.372865588
3.666666761,0.370437592
3.683333412,0.370945752
3.700000063,0.368114114
3.716666714,0.370459378
3.733333364,0.371879309
3.750000015,0.374324113
3.766666666,0.372365475
3.783333555,0.369626939
3.800000206,0.372133583
3.816666857,0.367146283
3.833333508,0.369524986
3.850000158,0.370161653
3.866666809,0.368057936
3.88333346,0.367086351
3.899999872,0.36513266
3.916666761,0.364550769
3.933333174,0.366273969
3.950000063,0.365220279
3.966666475,0.363156945
3.983333364,0.366746664
3.999999777,0.365655661
4.016666666,0.364253372
4.033333078,0.363331229
4.049999968,0.36389786
4.06666638,0.36401096
4.083333269,0.364874363
4.099999681,0.363500655
4.116666571,0.365531772
4.133332983,0.363196552
4.149999872,0.36369139
4.166666761,0.363666683
4.183333174,0.364134252
4.200000063,0.361605823
4.216666475,0.362666369
4.233333364,0.364384621
4.249999777,0.362508863
4.266666666,0.359943599
4.283333078,0.364806414
4.299999968,0.361251265
4.31666638,0.361866474
4.333333269,0.363802195
4.349999681,0.358278155
4.366666571,0.360707343
4.383332983,0.359227687
4.399999872,0.362990528
4.416666761,0.363105446
4.433333174,0.356910348
4.450000063,0.357660741
4.466666475,0.355084717
4.483333364,0.359816372
4.499999777,0.358666152
4.516666666,0.358137876
4.533333078,0.35798806
4.549999968,0.355839998
4.56666638,0.354973942
4.583333269,0.355296105
4.599999681,0.35595721
4.616666571,0.354623765
4.633332983,0.355299264
4.649999872,0.360995829
4.666666761,0.35412851
4.683333174,0.357019842
4.700000063,0.359814376
4.716666475,0.355413556
4.733333364,0.354746848
4.749999777,0.35347873
4.766666666,0.354311824
4.783333078,0.35649398
4.799999968,0.356069267
4.81666638,0.356052101
4.833333269,0.353438407
4.849999681,0.353438169
4.866666571,0.350920796
4.883332983,0.350244671
4.899999872,0.352142632
4.916666761,0.3521626
4.933333174,0.353047699
4.950000063,0.35434702
4.966666475,0.348980486
4.983333364,0.352193207
4.999999777,0.353177041
5.016666666,0.351770014
5.033333078,0.351944566
5.049999968,0.351964325
5.06666638,0.351234704
5.083333269,0.350475341
5.099999681,0.356986553
5.116666571,0.355003536
5.133332983,0.352553725
5.149999872,0.349172324
5.166666761,0.350989282
5.183333174,0.348831415
5.200000063,0.349440783
5.216666475,0.349006653
5.233333364,0.350647837
5.249999777,0.347786963
5.266666666,0.348517537
5.283333078,0.351825744
5.299999968,0.348159313
5.31666638,0.346555501
5.333333269,0.348571092
5.349999681,0.346252233
5.366666571,0.349856228
5.383332983,0.348860681
5.399999872,0.34513545
5.416666761,0.343184769
5.433333174,0.346479714
5.450000063,0.347781926
5.466666475,0.344302148
5.483333364,0.34339419
5.499999777,0.345776379
5.516666666,0.345275402
5.533333078,0.340622485
5.549999968,0.344032764
5.56666638,0.343601674
5.583333269,0.341655612
5.599999681,0.344472766
5.616666571,0.344458222
5.633332983,0.342466235
5.649999872,0.345645875
5.666666761,0.3400051
5.683333174,0.339265496
5.700000063,0.344154328
5.716666475,0.344537258
5.733333364,0.343063742
5.749999777,0.344860911
5.766666666,0.340069324
5.783333078,0.341331333
5.799999968,0.337854922
5.81666638,0.3396945
5.833333269,0.340576589
5.849999681,0.340343237
5.866666571,0.33975172
5.883332983,0.339225471
5.899999872,0.339592129
5.916666761,0.342026711
5.933333174,0.33858636
5.950000063,0.337656409
5.966666475,0.337845027
5.983333364,0.340625882
5.999999777,0.341033638
6.016666666,0.337502688
6.033333078,0.336816251
6.049999968,0.337053418
6.06666638,0.340846777
6.083333269,0.340427458
6.099999681,0.33586666
6.116666571,0.336409748
6.133332983,0.337958574
6.149999872,0.338567257
6.166666761,0.336708546
6.183333174,0.334466159
6.200000063,0.340139151
6.216666475,0.336075455
6.233333364,0.338586688
6.249999777,0.336517394
6.266666666,0.336382508
6.283333078,0.334637463
6.299999968,0.334407032
6.31666638,0.335277438
6.333333269,0.333003581
6.349999681,0.332658261
6.366666571,0.333907545
6.383332983,0.335442692
6.399999872,0.336878091
6.416666761,0.332306325
6.433333174,0.334935874
6.450000063,0.333157301
6.466666475,0.334270954
6.483333364,0.333513796
6.499999777,0.331157953
6.516666666,0.333880186
6.533333078,0.330753028
6.549999968,0.330330819
6.56666638,0.325915605
6.583333269,0.330444396
6.599999681,0.333430827
6.616666571,0.328287542
6.633332983,0.332279533
6.649999872,0.331332028
6.666666761,0.33107245
6.683333174,0.330763012
6.700000063,0.332915187
6.716666475,0.329844207
6.733333364,0.328803361
6.749999777,0.330664724
6.766666666,0.327742219
6.783333078,0.331014305
6.799999968,0.33008197
6.81666638,0.330190659
6.833333269,0.327728599
6.849999681,0.329929799
6.866666571,0.329268247
6.883332983,0.329722136
6.899999872,0.333436906
6.916666761,0.334512889
6.933333174,0.324322671
6.950000063,0.326826662
6.966666475,0.332016826
6.983333364,0.339483142
6.999999777,0.339802951
7.016666666,0.331845194
7.033333078,0.335559011
7.049999968,0.339376181
7.06666638,0.336939246
7.083333269,0.328716844
7.099999681,0.328357279
7.116666571,0.324413896
7.133332983,0.334372938
7.149999872,0.329883218
7.166666761,0.325263947
7.183333174,0.333109111
7.200000063,0.32404834
7.216666475,0.324235231
7.233333364,0.323865116
7.249999777,0.329028666
7.266666666,0.321980238
7.283333078,0.323725402
7.299999968,0.327137262
7.31666638,0.322536349
7.333333269,0.322462529
7.349999681,0.320672125
7.366666571,0.325469375
7.383332983,0.323358387
7.399999872,0.327934742
7.416666761,0.324449539
7.433333174,0.328898132
7.450000063,0.324690491
7.466666475,0.321650893
7.483333364,0.326366276
7.499999777,0.322248995
7.516666666,0.321182311
7.533333078,0.322496235
7.549999968,0.320658237
7.56666638,0.321960539
7.583333269,0.320462912
7.599999681,0.321845114
7.616666571,0.323318452
7.633332983,0.322000146
7.649999872,0.32318452
7.666666761,0.318413138
7.683333174,0.319651514
7.700000063,0.3207573
7.716666475,0.317766368
7.733333364,0.318739682
7.749999777,0.321181506
7.766666666,0.317341238
7.783333078,0.317287564
7.799999968,0.318046838
7.81666638,0.317742795
7.833333269,0.316454321
7.849999681,0.318298787
7.866666571,0.317040056
7.883332983,0.315359116
7.899999872,0.316956461
7.916666285,0.315455824
7.933333651,0.314863384
7.950000063,0.311339557
7.966666475,0.314019024
7.983332888,0.316795737
8.000000254,0.313514531
8.016666666,0.312509775
8.033333078,0.311816394
8.049999491,0.312254995
8.066666857,0.313091219
8.083333269,0.31346494
8.099999681,0.310211957
8.116666094,0.312038928
8.13333346,0.314717621
8.149999872,0.312065452
8.166666285,0.312271088
8.183333651,0.312795043
8.200000063,0.314740181
8.216666475,0.315105736
8.233332888,0.310740739
8.250000254,0.311089695
8.266666666,0.31366545
8.283333078,0.314102382
8.299999491,0.311721414
8.316666857,0.311859936
8.333333269,0.311298788
8.349999681,0.311598778
8.366666094,0.314517081
8.38333346,0.312118113
8.399999872,0.313372701
8.416666285,0.309954077
8.433333651,0.313481093
8.450000063,0.311399788
8.466666475,0.307863712
8.483332888,0.309043288
8.500000254,0.309424758
8.516666666,0.308695257
8.533333078,0.309194803
8.549999491,0.309228271
8.566666857,0.309619635
8.583333269,0.30746454
8.599999681,0.307909638
8.616666094,0.30832544
8.63333346,0.310416609
8.649999872,0.306753367
8.666666285,0.304203272
8.683333651,0.31050849
8.700000063,0.307333231
8.716666475,0.306510508
8.733332888,0.307520062
8.750000254,0.307496995
8.766666666,0.305655718
8.783333078,0.306613088
8.799999491,0.308713675
8.816666857,0.304323524
8.833333269,0.303385466
8.849999681,0.303402364
8.866666094,0.306765318
8.88333346,0.305390179
8.899999872,0.304383904
8.916666285,0.303925276
8.933333651,0.301744014
8.950000063,0.301254571
8.966666475,0.304908186
8.983332888,0.304534465
9.000000254,0.303748369
9.016666666,0.30439955
9.033333078,0.303220302
9.049999491,0.301960766
9.066666857,0.302845061
9.083333269,0.302046657
9.099999681,0.303590328
9.116666094,0.302507371
9.13333346,0.304459453
9.149999872,0.303467065
9.166666285,0.30281952
9.183333651,0.303454518
9.200000063,0.30331263
9.216666475,0.303080946
9.233332888,0.301450521
9.250000254,0.305728138
9.266666666,0.303653538
9.283333078,0.301516295
9.299999491,0.30513373
9.316666857,0.302909851
9.333333269,0.30277276
9.349999681,0.302974105
9.366666094,0.302075297
9.38333346,0.304280967
9.399999872,0.304528058
9.416666285,0.302775532
9.433333651,0.298659563
9.450000063,0.303038985
9.466666475,0.302270651
9.483332888,0.302227199
9.500000254,0.302557677
9.516666666,0.302099884
9.533333078,0.300188571
9.549999491,0.30060786
9.566666857,0.300356031
9.583333269,0.300991952
9.599999681,0.299439073
9.616666094,0.299884141
9.63333346,0.297936887
9.649999872,0.296618253
9.666666285,0.298928946
9.683333651,0.298351258
9.700000063,0.298889846
9.716666475,0.295266599
9.733332888,0.298196048
9.750000254,0.298699677
9.766666666,0.296908677
9.783333078,0.297541559
9.799999491,0.296490163
9.816666857,0.299510151
9.833333269,0.29907462
9.849999681,0.294017345
9.866666094,0.299002796
9.88333346,0.293428302
9.899999876,0.29557687
9.916666286,0.297343433
9.933333646,0.295463949
9.950000066,0.296424627
9.966666476,0.294402182
9.983332886,0.295646131
10.00000026,0.294317514
10.01666667,0.294110179
10.03333308,0.292006224
10.04999949,0.291901738
10.06666686,0.290165186
10.08333327,0.291898638
10.09999969,0.291881084
10.1166661,0.289980024
10.13333346,0.292830169
10.14999988,0.291464746
10.16666629,0.293420255
10.18333365,0.293087542
10.20000007,0.291640163
10.21666648,0.291915476
10.23333289,0.293838441
10.25000026,0.29185614
10.26666667,0.288182229
10.28333308,0.291419923
10.29999949,0.291275799
10.31666686,0.289969981
10.33333327,0.291793972
10.34999969,0.290246248
10.3666661,0.287944764
10.38333346,0.287602425
10.39999988,0.290013135
10.41666629,0.288281649
10.43333365,0.288787007
10.45000007,0.287885934
10.46666648,0.285897166
10.48333289,0.288723499
10.50000026,0.286055386
10.51666667,0.287023097
10.53333308,0.290728152
10.54999949,0.286819994
10.56666686,0.286625862
10.58333327,0.286488265
10.59999969,0.285920769
10.6166661,0.287247628
10.63333346,0.289505601
10.64999988,0.285657138
10.66666629,0.285594881
10.68333365,0.285771787
10.70000007,0.284131795
10.71666648,0.286687672
10.73333289,0.28566879
10.75000026,0.285565108
10.76666667,0.283263624
10.78333308,0.286713779
10.79999949,0.283426017
10.81666686,0.283669651
10.83333327,0.284928232
10.84999969,0.283699989
10.8666661,0.285574347
10.88333346,0.284945369
10.89999988,0.284619719
10.91666629,0.284596443
10.93333365,0.281230778
10.95000007,0.282016546
10.96666648,0.284086376
10.98333289,0.283666909
11.00000026,0.280929774
11.01666667,0.28164354
11.03333308,0.281984568
11.04999949,0.282280892
11.06666686,0.282573581
11.08333327,0.280926377
11.09999969,0.282449603
11.1166661,0.283107042
11.13333346,0.278478921
11.14999988,0.283518791
11.16666629,0.281087905
11.18333365,0.284014553
11.20000007,0.279166579
11.21666648,0.282108754
11.23333289,0.281639189
11.25000026,0.279204279
11.26666667,0.279682517
11.28333308,0.279872626
11.29999949,0.280098617
11.31666686,0.277914196
11.33333327,0.27941215
11.34999969,0.280190826
11.3666661,0.280688524
11.38333346,0.278461397
11.39999988,0.279001355
11.41666629,0.27862975
11.43333365,0.278681189
11.45000007,0.277792096
11.46666648,0.275216192
11.48333289,0.275457859
11.50000026,0.278449982
11.51666667,0.274463236
11.53333308,0.276278019
11.54999949,0.278310031
11.56666686,0.2763668
11.58333327,0.275872707
11.59999969,0.276064575
11.6166661,0.278357834
11.63333346,0.276893169
11.64999988,0.275529563
11.66666629,0.277062655
11.68333365,0.275107771
11.70000007,0.277023315
11.71666648,0.27613157
11.73333289,0.275561333
11.75000026,0.276088774
11.76666667,0.276950717
11.78333308,0.275001377
11.79999949,0.278431296
11.81666686,0.272114575
11.83333327,0.278770596
11.84999969,0.277828097
11.8666661,0.282270193
11.88333346,0.273782402
11.89999988,0.276478529
11.91666629,0.269780517
11.93333365,0.268441647
11.95000007,0.27711308
11.96666648,0.281949133
11.98333289,0.283778846
12.00000026,0.280601949
12.01666667,0.285109997
12.03333308,0.28394863
12.04999949,0.284090161
12.06666686,0.28184849
12.08333327,0.282417923
12.09999969,0.28517592
12.1166661,0.28333354
12.13333346,0.282713026
12.14999988,0.274564356
12.16666629,0.283708423
12.18333365,0.281487286
12.20000007,0.273400992
12.21666648,0.283009708
12.23333289,0.275593758
12.25000026,0.284605682
12.26666667,0.282155454
12.28333308,0.269933403
12.29999949,0.282123774
12.31666686,0.271567732
12.33333327,0.279574782
12.34999969,0.281782121
12.3666661,0.279718489
12.38333346,0.271309525
12.39999988,0.277378738
12.41666629,0.277030975
12.43333365,0.270024121
12.45000007,0.272954017
12.46666648,0.271052063
12.48333289,0.274420291
12.50000026,0.273523808
12.51666667,0.272978723
12.53333308,0.271771669
12.54999949,0.276620835
12.56666686,0.270433188
12.58333327,0.270990342
12.59999969,0.274101704
12.6166661,0.271562636
12.63333346,0.271428376
12.64999988,0.269332469
12.66666629,0.271913171
12.68333365,0.268829227
12.70000007,0.267339826
12.71666648,0.273108095
12.73333289,0.270405382
12.75000026,0.268612683
12.76666667,0.268185884
12.78333308,0.270146817
12.79999949,0.266932845
12.81666686,0.26673612
12.83333327,0.269485444
12.84999969,0.268440396
12.8666661,0.268097192
12.88333346,0.267925203
12.89999988,0.268609464
12.91666629,0.26687029
12.93333365,0.266911596
12.95000007,0.26538232
12.96666648,0.268502712
12.98333289,0.267693728
13.00000026,0.26200363
13.01666667,0.266468823
13.03333308,0.264595062
13.04999949,0.264129847
13.06666686,0.264779359
13.08333327,0.262665957
13.09999969,0.266263992
13.1166661,0.263466865
13.13333346,0.264022142
13.14999988,0.265530825
13.16666629,0.26242283
13.18333365,0.261383027
13.20000007,0.264028519
13.21666648,0.263685703
13.23333289,0.261329293
13.25000026,0.264371187
13.26666667,0.264409512
13.28333308,0.265362352
13.29999949,0.260266304
13.31666686,0.263022691
13.33333327,0.262747377
13.34999969,0.263078779
13.3666661,0.261404187
13.38333346,0.261183232
13.39999988,0.261564195
13.41666629,0.260684788
13.43333365,0.260603696
13.45000007,0.261172563
13.46666648,0.258128762
13.48333289,0.258509427
13.50000026,0.259998381
13.51666667,0.256915063
13.53333308,0.259525389
13.54999949,0.257035524
13.56666686,0.258723915
13.58333327,0.25950709
13.59999969,0.260130495
13.6166661,0.258598208
13.63333346,0.260111213
13.64999988,0.259765893
13.66666629,0.257996082
13.68333365,0.255957127
13.70000007,0.262176275
13.71666648,0.257996678
13.73333289,0.258131832
13.75000026,0.256669551
13.76666667,0.258190393
13.78333308,0.259976625
13.79999949,0.259110451
13.81666686,0.25606066
13.83333327,0.254842013
13.84999969,0.256472409
13.8666661,0.255904853
13.88333346,0.259333164
13.89999988,0.257658988
13.91666629,0.25743413
13.93333365,0.256308347
13.95000007,0.254878044
13.96666648,0.255858392
13.98333289,0.254573345
14.00000026,0.257005006
14.01666667,0.255799323
14.03333308,0.255455136
14.04999949,0.257134706
14.06666686,0.258209795
14.08333327,0.255680889
14.09999969,0.255996019
14.1166661,0.254650712
14.13333346,0.256218463
14.14999988,0.253895104
14.16666629,0.25330177
14.18333365,0.251540154
14.20000007,0.252927065
14.21666648,0.25647074
14.23333289,0.253066391
14.25000026,0.254541934
14.26666667,0.254197329
14.28333308,0.254204124
14.29999949,0.253157944
14.31666686,0.254271537
14.33333327,0.252204031
14.34999969,0.254349202
14.3666661,0.252292574
14.38333346,0.253359228
14.39999988,0.25194785
14.41666629,0.254358828
14.43333365,0.25196439
14.45000007,0.252087504
14.46666648,0.251669288
14.48333289,0.253789663
14.50000026,0.250289649
14.51666667,0.249599099
14.53333308,0.249301225
14.54999949,0.251650959
14.56666686,0.249792114
14.58333327,0.249046013
14.59999969,0.247083888
14.6166661,0.249078438
14.63333346,0.250892133
14.64999988,0.251410633
14.66666629,0.247887194
14.68333365,0.249853596
14.70000007,0.249815851
14.71666648,0.248349056
14.73333289,0.248949841
14.75000026,0.248379916
14.76666667,0.248837486
14.78333308,0.246349543
14.79999949,0.25041765
14.81666686,0.246989206
14.83333327,0.248397484
14.84999969,0.250805706
14.8666661,0.247087598
14.88333346,0.245131731
14.89999988,0.245677441
14.91666629,0.245653704
14.93333365,0.250620544
14.95000007,0.243493259
14.96666648,0.246697649
14.98333289,0.244150668
15.00000026,0.246986508
15.01666667,0.244381264
15.03333308,0.245798007
15.04999949,0.245657295
15.06666686,0.24694477
15.08333327,0.245404437
15.09999969,0.246435866
15.1166661,0.246543124
15.13333346,0.245602518
15.14999988,0.246830061
15.16666629,0.246584222
15.18333365,0.244577706
15.20000007,0.244647726
15.21666648,0.245855555
15.23333289,0.246621043
15.25000026,0.245736972
15.26666667,0.245237574
15.28333308,0.246005774
15.29999949,0.245535001
15.31666686,0.248305351
15.33333327,0.245154858
15.34999969,0.247177914
15.3666661,0.246606097
15.38333346,0.246313244
15.39999988,0.244652271
15.41666629,0.245336711
15.43333365,0.245804757
15.45000007,0.245172069
15.46666648,0.245216325
15.48333289,0.24494265
15.50000026,0.244452715
15.51666667,0.246691108
15.53333308,0.243422478
15.54999949,0.242725343
15.56666686,0.243693844
15.58333327,0.246542528
15.59999969,0.24175629
15.6166661,0.244774878
15.63333346,0.242230207
15.64999988,0.244994149
15.66666629,0.246355146
15.68333365,0.2416922
15.70000007,0.244942412
15.71666648,0.242658079
15.73333289,0.24210684
15.75000026,0.242843196
15.76666667,0.24189055
15.78333308,0.244048268
15.79999949,0.241882414
15.81666686,0.239575699
15.83333327,0.242316455
15.84999969,0.243203402
15.8666661,0.242765993
15.88333346,0.241575614
15.89999988,0.240111724
15.91666629,0.243260473
15.9333327,0.24167639
15.94999911,0.241289198
15.96666743,0.242344767
15.98333385,0.24424319
16.00000026,0.241679922
16.01666667,0.241455227
16.03333308,0.237385109
16.04999949,0.241855487
16.06666591,0.239536196
16.08333232,0.238991365
16.10000064,0.241226301
16.11666705,0.240257308
16.13333346,0.239851892
16.14999988,0.240346164
16.16666629,0.238752306
16.1833327,0.24029313
16.19999911,0.240050882
16.21666743,0.240708873
16.23333385,0.238912553
16.25000026,0.239856526
16.26666667,0.238529474
16.28333308,0.241074756
16.29999949,0.237034828
16.31666591,0.237426475
16.33333232,0.2404899
16.35000064,0.235515103
16.36666705,0.238636196
16.38333346,0.238502532
16.39999988,0.237844124
16.41666629,0.235192612
16.4333327,0.238387108
16.44999911,0.239758775
16.46666743,0.237301365
16.48333385,0.236613259
16.50000026,0.237344325
16.51666667,0.23514697
16.53333308,0.23634772
16.54999949,0.233555958
16.56666591,0.235759959
16.58333232,0.237862617
16.60000064,0.236806259
16.61666705,0.236014217
16.63333346,0.235747397
16.64999988,0.233966216
16.66666629,0.233678967
16.6833327,0.23530443
16.69999911,0.232748359
16.71666743,0.234298497
16.73333385,0.234507442
16.75000026,0.233939916
16.76666667,0.236108154
16.78333308,0.235010386
16.79999949,0.23336412
16.81666591,0.234821424
16.83333232,0.234566927
16.85000064,0.232012972
16.86666705,0.234391213
16.88333346,0.234748974
16.89999988,0.233378261
16.91666629,0.233524621
16.9333327,0.23194854
16.94999911,0.233425975
16.96666743,0.231217757
16.98333385,0.232915178
17.00000026,0.230373576
17.01666667,0.233930424
17.03333308,0.231198937
17.04999949,0.231861115
17.06666591,0.228847399
17.08333232,0.231906414
17.10000064,0.230799988
17.11666705,0.229348123
17.13333346,0.23426649
17.14999988,0.229953244
17.16666629,0.228034586
17.1833327,0.23050642
17.19999911,0.227360115
17.21666743,0.228667587
17.23333385,0.23124893
17.25000026,0.226938933
17.26666667,0.229876548
17.28333308,0.227903932
17.29999949,0.228845954
17.31666591,0.231127575
17.33333232,0.227974892
17.35000064,0.229342327
17.36666705,0.227872819
17.38333346,0.22958675
17.39999988,0.229214788
17.41666629,0.226370618
17.4333327,0.227671549
17.44999911,0.2270872
17.46666743,0.227163285
17.48333385,0.229476318
17.50000026,0.227967978
17.51666667,0.228273764
17.53333308,0.230911881
17.54999949,0.228119358
17.56666591,0.228541553
17.58333232,0.228542745
17.60000064,0.22941801
17.61666705,0.2292808
17.63333346,0.22823371
17.64999988,0.227950126
17.66666629,0.230184645
17.6833327,0.227507696
17.69999911,0.227608904
17.71666743,0.227973983
17.73333385,0.229044646
17.75000026,0.229063824
17.76666667,0.226947755
17.78333308,0.227568507
17.79999949,0.227788672
17.81666591,0.22497417
17.83333232,0.22614184
17.85000064,0.226911575
17.86666705,0.226099238
17.88333346,0.227271959
17.89999988,0.226910606
17.91666629,0.225794852
17.9333327,0.226723269
17.94999911,0.226596966
17.96666743,0.223852351
17.98333385,0.223427326
18.00000026,0.227084056
18.01666667,0.226369083
18.03333308,0.222735241
18.04999949,0.223195419
18.06666591,0.225568727
18.08333232,0.225960016
18.10000064,0.225304112
18.11666705,0.223646864
18.13333346,0.224610463
18.14999988,0.223813608
18.16666629,0.224567875
18.1833327,0.224813327
18.19999911,0.224331066
18.21666743,0.221880704
18.23333385,0.222078621
18.25000026,0.220238164
18.26666667,0.224106938
18.28333308,0.220090449
18.29999949,0.220210135
18.31666591,0.222137883
18.33333232,0.22071512
18.35000064,0.220068112
18.36666705,0.224035949
18.38333346,0.219224513
18.39999988,0.220557138
18.41666629,0.21958968
18.4333327,0.22000517
18.44999911,0.222547218
18.46666743,0.219693512
18.48333385,0.220640853
18.50000026,0.218381941
18.51666667,0.218342692
18.53333308,0.222042278
18.54999949,0.220593482
18.56666591,0.22127445
18.58333232,0.221524283
18.60000064,0.218551323
18.61666705,0.219495609
18.63333346,0.218754679
18.64999988,0.220805794
18.66666629,0.221842647
18.6833327,0.21824722
18.69999911,0.220441476
18.71666743,0.219715491
18.73333385,0.220360979
18.75000026,0.218510747
18.76666667,0.221376747
18.78333308,0.218646258
18.79999949,0.21826677
18.81666591,0.215982854
18.83333232,0.217279047
18.85000064,0.216693804
18.86666705,0.219112381
18.88333346,0.219557241
18.89999988,0.216220394
18.91666629,0.216878399
18.9333327,0.215862498
18.94999911,0.216010869
18.96666743,0.216565013
18.98333385,0.215183675
19.00000026,0.216801122
19.01666667,0.219007015
19.03333308,0.21521762
19.04999949,0.216069147
19.06666591,0.216301352
19.08333232,0.218407705
19.10000064,0.216277078
19.11666705,0.218332201
19.13333346,0.213534445
19.14999988,0.214936346
19.16666629,0.217649773
19.1833327,0.214511052
19.19999911,0.218519777
19.21666743,0.216033816
19.23333385,0.218183771
19.25000026,0.217315257
19.26666667,0.215801016
19.28333308,0.217413634
19.29999949,0.214734152
19.31666591,0.217557788
19.33333232,0.213209003
19.35000064,0.220294043
19.36666705,0.211709276
19.38333346,0.215718359
19.39999988,0.211201742
19.41666629,0.221666962
19.4333327,0.210653037
19.44999911,0.211553916
19.46666743,0.219336525
19.48333385,0.220907718
19.50000026,0.220483542
19.51666667,0.221189916
19.53333308,0.210408658
19.54999949,0.220982283
19.56666591,0.222137585
19.58333232,0.223567903
19.60000064,0.221425876
19.61666705,0.222314328
19.63333346,0.212138936
19.64999988,0.207280427
19.66666629,0.208494306
19.6833327,0.218757376
19.69999911,0.219419375
19.71666743,0.222466037
19.73333385,0.218268737
19.75000026,0.221942574
19.76666667,0.220814392
19.78333308,0.224733755
19.79999949,0.219935924
19.81666591,0.208455235
19.83333232,0.208629414
19.85000064,0.212128103
19.86666705,0.218579114
19.88333346,0.217146859
19.89999988,0.21846056
19.91666629,0.217868
19.9333327,0.211655974
19.94999911,0.210740045
19.96666743,0.216862485
19.98333385,0.217989638
20.00000026,0.209288761
20.01666667,0.211236805
20.03333308,0.210298121
20.04999949,0.210033193
20.06666591,0.218398288
20.08333232,0.213880509
20.10000064,0.21605058
20.11666705,0.217148393
20.13333346,0.212923825
20.14999988,0.216017202
20.16666629,0.217381567
20.1833327,0.212378085
20.19999911,0.215955496
20.21666743,0.208013445
20.23333385,0.21386835
20.25000026,0.210995421
20.26666667,0.215211302
20.28333308,0.208739206
20.29999949,0.209315166
20.31666591,0.209277183
20.33333232,0.207892939
20.35000064,0.213603601
20.36666705,0.212103367
20.38333346,0.213659525
20.39999988,0.212098867
20.41666629,0.210166886
20.4333327,0.212118477
20.44999911,0.213858187
20.46666743,0.209566936
20.48333385,0.21060814
20.50000026,0.210626304
20.51666667,0.208320543
20.53333308,0.210867658
20.54999949,0.209981635
20.56666591,0.20899722
20.58333232,0.206463486
20.60000064,0.21047397
20.61666705,0.207873553
20.63333346,0.209220156
20.64999988,0.211140066
20.66666629,0.205143333
20.6833327,0.209608793
20.69999911,0.207887635
20.71666743,0.20930016
20.73333385,0.207930535
20.75000026,0.207091481
20.76666667,0.206331953
20.78333308,0.208692566
20.79999949,0.206113428
20.81666591,0.207359493
20.83333232,0.207361877
20.85000064,0.208007306
20.86666705,0.206118584
20.88333346,0.205914795
20.89999988,0.207048863
20.91666629,0.207809761
20.9333327,0.207745239
20.94999911,0.207909197
20.96666743,0.20428668
20.98333385,0.206670582
21.00000026,0.206764743
21.01666667,0.206140965
21.03333308,0.202991784
21.04999949,0.203895599
21.06666591,0.204852819
21.08333232,0.203212649
21.10000064,0.204015419
21.11666705,0.203898743
21.13333346,0.202951223
21.14999988,0.201860949
21.16666629,0.204414815
21.1833327,0.204096332
21.19999911,0.204581201
21.21666743,0.203218803
21.23333385,0.203723595
21.25000026,0.203954548
21.26666667,0.199691206
21.28333308,0.203347907
21.29999949,0.201893956
21.31666591,0.203620285
21.33333232,0.200539857
21.35000064,0.199756682
21.36666705,0.200344667
21.38333346,0.202474266
21.39999988,0.201088339
21.41666629,0.201129273
21.4333327,0.20183067
21.44999911,0.2025204
21.46666743,0.201034218
21.48333385,0.201390013
21.50000026,0.20254153
21.51666667,0.201923251
21.53333308,0.199060395
21.54999949,0.201929972
21.56666591,0.199688658
21.58333232,0.199997366
21.60000064,0.200672194
21.61666705,0.197714031
21.63333346,0.199679852
21.64999988,0.200177744
21.66666629,0.200913698
21.6833327,0.199416444
21.69999911,0.198871374
21.71666743,0.202455461
21.73333385,0.200313211
21.75000026,0.197359517
21.76666667,0.199367285
21.78333308,0.198348373
21.79999949,0.198950693
21.81666591,0.199044541
21.83333232,0.195665255
21.85000064,0.198013395
21.86666705,0.197499007
21.88333346,0.198734939
21.89999988,0.19913879
21.91666629,0.198641926
21.9333327,0.1962253
21.94999911,0.198062778
21.96666743,0.195752963
21.98333385,0.199754924
22.00000026,0.197540939
22.01666667,0.197398707
22.03333308,0.196434081
22.04999949,0.197578311
22.06666591,0.198965177
22.08333232,0.196946278
22.10000064,0.198549792
22.11666705,0.195398182
22.13333346,0.195474342
22.14999988,0.197616413
22.16666629,0.197932869
22.1833327,0.198532894
22.19999911,0.196333051
22.21666743,0.197832719
22.23333385,0.199051961
22.25000026,0.195625857
22.26666667,0.196638435
22.28333308,0.196014032
22.29999949,0.196058586
22.31666591,0.198663026
22.33333232,0.196821511
22.35000064,0.196164578
22.36666705,0.195100606
22.38333346,0.19466126
22.39999988,0.196109682
22.41666629,0.195197493
22.4333327,0.196457595
22.44999911,0.194218859
22.46666743,0.196440712
22.48333385,0.196298927
22.50000026,0.198432371
22.51666667,0.194853872
22.53333308,0.194872886
22.54999949,0.195666388
22.56666591,0.195203945
22.58333232,0.193361446
22.60000064,0.19254677
22.61666705,0.195019275
22.63333346,0.194399223
22.64999988,0.193830997
22.66666629,0.19313553
22.6833327,0.194229871
22.69999911,0.193508863
22.71666743,0.194562137
22.73333385,0.194847554
22.75000026,0.194573358
22.76666667,0.194918051
22.78333308,0.19387117
22.79999949,0.192272708
22.81666591,0.19287619
22.83333232,0.192142993
22.85000064,0.194040924
22.86666705,0.19338505
22.88333346,0.19264786
22.89999988,0.194006175
22.91666629,0.19198589
22.9333327,0.192607924
22.94999911,0.19489567
22.96666743,0.193255931
22.98333385,0.192328498
23.00000026,0.190798074
23.01666667,0.191978678
23.03333308,0.191702515
23.04999949,0.194475368
23.06666591,0.191917583
23.08333232,0.191633418
23.10000064,0.192670122
23.11666705,0.190200612
23.13333346,0.192511335
23.14999988,0.191428304
23.16666629,0.189186379
23.1833327,0.19145067
23.19999911,0.19103238
23.21666743,0.19216612
23.23333385,0.191596791
23.25000026,0.190551639
23.26666667,0.191739589
23.28333308,0.190219179
23.29999949,0.19050175
23.31666591,0.191044003
23.33333232,0.191581056
23.35000064,0.191771343
23.36666705,0.191052839
23.38333346,0.190875396
23.39999988,0.190017894
23.41666629,0.190212518
23.4333327,0.18902418
23.44999911,0.188616261
23.46666743,0.189184293
23.48333385,0.190358475
23.50000026,0.19184044
23.51666667,0.190128177
23.53333308,0.188441247
23.54999949,0.187035561
23.56666591,0.190897137
23.58333232,0.189690456
23.60000064,0.188988373
23.61666705,0.187893301
23.63333346,0.18612811
23.64999988,0.186875403
23.66666629,0.188480124
23.6833327,0.18836911
23.69999911,0.188112602
23.71666743,0.185222104
23.73333385,0.187319264
23.75000026,0.18617639
23.76666667,0.187830627
23.78333308,0.18625918
23.79999949,0.185613856
23.81666591,0.186033428
23.83333232,0.189461067
23.85000064,0.188271463
23.86666705,0.186371923
23.88333346,0.187099204
23.89999988,0.186357528
23.91666629,0.186804593
23.9333327,0.186175719
23.94999911,0.187477514
23.96666743,0.186236754
23.98333385,0.185790315
24.00000026,0.184890762
24.01666667,0.187316552
24.03333308,0.187480226
24.04999949,0.186598927
24.06666591,0.186633334
24.08333232,0.185326129
24.10000064,0.18464382
24.11666705,0.186991245
24.13333346,0.184815958
24.14999988,0.185579285
24.16666629,0.187840238
24.1833327,0.185609251
24.19999911,0.186907768
24.21666743,0.183757648
24.23333385,0.186399952
24.25000026,0.186549991
24.26666667,0.184089318
24.28333308,0.1855537
24.29999949,0.18244046
24.31666591,0.185097247
24.33333232,0.183444962
24.35000064,0.186694801
24.36666705,0.18489559
24.38333346,0.183753818
24.39999988,0.185180783
24.41666629,0.183122113
24.4333327,0.184535995
24.44999911,0.183947429
24.46666743,0.182735279
24.48333385,0.184354186
24.50000026,0.185294986
24.51666667,0.18247506
24.53333308,0.183363855
24.54999949,0.184026673
24.56666591,0.182505593
24.58333232,0.184252814
24.60000064,0.184829578
24.61666705,0.18355614
24.63333346,0.185409024
24.64999988,0.182259679
24.66666629,0.183634684
24.6833327,0.182868913
24.69999911,0.183339611
24.71666743,0.181931824
24.73333385,0.18330349
24.75000026,0.183168083
24.76666667,0.184123367
24.78333308,0.183121845
24.79999949,0.183922082
24.81666591,0.183529198
24.83333232,0.183678582
24.85000064,0.183762401
24.86666705,0.181174353
24.88333346,0.183308214
24.89999988,0.184052303
24.91666629,0.184131354
24.9333327,0.181002662
24.94999911,0.183011904
24.96666743,0.18497093
24.98333385,0.185453981
25.00000026,0.182168558
25.01666667,0.182185724
25.03333308,0.18490985
25.04999949,0.182921216
25.06666591,0.183222398
25.08333232,0.181616306
25.10000064,0.183330849
25.11666705,0.180406168
25.13333346,0.18373473
25.14999988,0.181757823
25.16666629,0.18110159
25.1833327,0.182278901
25.19999911,0.181569859
25.21666743,0.18318814
25.23333385,0.182865486
25.25000026,0.181929842
25.26666667,0.182070449
25.28333308,0.182465091
25.29999949,0.18348746
25.31666591,0.183437929
25.33333232,0.183475405
25.35000064,0.180943683
25.36666705,0.183254689
25.38333346,0.181877986
25.39999988,0.182937503
25.41666629,0.182983667
25.4333327,0.182806522
25.44999911,0.182815954
25.46666743,0.179952428
25.48333385,0.182073325
25.50000026,0.18182309
25.51666667,0.182615623
25.53333308,0.182889462
25.54999949,0.182390347
25.56666591,0.181906283
25.58333232,0.178781435
25.60000064,0.181016609
25.61666705,0.17836304
25.63333346,0.179613382
25.64999988,0.179888338
25.66666629,0.180944353
25.6833327,0.181169838
25.69999911,0.178831369
25.71666743,0.178976446
25.73333385,0.181159467
25.75000026,0.179799348
25.76666667,0.180253118
25.78333308,0.180118948
25.79999949,0.181449875
25.81666591,0.179346755
25.83333232,0.179514304
25.85000064,0.178883031
25.86666705,0.178944275
25.88333346,0.177297622
25.89999988,0.179277048
25.91666629,0.177155376
25.9333327,0.178172022
25.94999911,0.178799406
25.96666743,0.178305671
25.98333385,0.178190008
26.00000026,0.176061198
26.01666667,0.180273905
26.03333308,0.176916674
26.04999949,0.176445827
26.06666591,0.17858386
26.08333232,0.177140623
26.10000064,0.179742575
26.11666705,0.177953318
26.13333346,0.177369088
26.14999988,0.179989874
26.16666629,0.178171352
26.1833327,0.175600722
26.19999911,0.178988054
26.21666743,0.175141051
26.23333385,0.175189331
26.25000026,0.174526691
26.26666667,0.179540962
26.28333308,0.175999507
26.29999949,0.176485151
26.31666591,0.175091311
26.33333232,0.175584003
26.35000064,0.17547372
26.36666705,0.175193518
26.38333346,0.176119477
26.39999988,0.176107407
26.41666629,0.175453559
26.4333327,0.173860982
26.44999911,0.175503999
26.46666743,0.175498158
26.48333385,0.176271722
26.50000026,0.174442053
26.51666667,0.175247148
26.53333308,0.175645292
26.54999949,0.173464894
26.56666591,0.174418077
26.58333232,0.175477371
26.60000064,0.175101534
26.61666705,0.174660161
26.63333346,0.173259199
26.64999988,0.172830775
26.66666629,0.17522037
26.6833327,0.175882906
26.69999911,0.173358232
26.71666743,0.174237818
26.73333385,0.173078537
26.75000026,0.173417002
26.76666667,0.173785195
26.78333308,0.169741139
26.79999949,0.174426079
26.81666591,0.173281059
26.83333232,0.173875809
26.85000064,0.172177732
26.86666705,0.172243998
26.88333346,0.173565596
26.89999988,0.171898797
26.91666629,0.173121691
26.9333327,0.172319397
26.94999911,0.170960024
26.96666743,0.173065305
26.98333385,0.170194238
27.00000026,0.171813473
27.01666667,0.171122566
27.03333308,0.171233103
27.04999949,0.17062071
27.06666591,0.172715828
27.08333232,0.172656268
27.10000064,0.172804922
27.11666705,0.170727357
27.13333346,0.169608682
27.14999988,0.169791192
27.16666629,0.169348374
27.1833327,0.170051202
27.19999911,0.171980649
27.21666743,0.169949845
27.23333385,0.170016199
27.25000026,0.168425664
27.26666667,0.170384243
27.28333308,0.167968452
27.29999949,0.169297338
27.31666591,0.168766126
27.33333232,0.169598579
27.35000064,0.168771625
27.36666705,0.169468284
27.38333346,0.167196468
27.39999988,0.167765603
27.41666629,0.168184459
27.4333327,0.167356193
27.44999911,0.170629993
27.46666743,0.168521494
27.48333385,0.167523786
27.50000026,0.167897373
27.51666667,0.169341445
27.53333308,0.168208867
27.54999949,0.16881378
27.56666591,0.168953046
27.58333232,0.168563321
27.60000064,0.169616297
27.61666705,0.166164473
27.63333346,0.166694671
27.64999988,0.166390419
27.66666629,0.167349652
27.6833327,0.167704955
27.69999911,0.165310189
27.71666743,0.165745422
27.73333385,0.168306068
27.75000026,0.170403361
27.76666667,0.166622445
27.78333308,0.166584194
27.79999949,0.168320715
27.81666591,0.165226221
27.83333232,0.166722491
27.85000064,0.165522277
27.86666705,0.166105196
27.88333346,0.165785626
27.89999988,0.162853077
27.91666629,0.162489474
27.9333327,0.163610011
27.94999911,0.164310679
27.96666743,0.165027306
27.98333385,0.16516462
28.00000026,0.167266548
28.01666667,0.165178597
28.03333308,0.164684653
28.04999949,0.166356668
28.06666591,0.162526801
28.08333232,0.164187193
28.10000064,0.163148865
28.11666705,0.164612874
28.13333346,0.16438736
28.14999988,0.16437088
28.16666629,0.164667979
28.1833327,0.163827717
28.19999911,0.164127588
28.21666743,0.163530186
28.23333385,0.162780196
28.25000026,0.160369739
28.26666667,0.164497286
28.28333308,0.166024193
28.29999949,0.164046526
28.31666591,0.164563075
28.33333232,0.161975548
28.35000064,0.164304823
28.36666705,0.162333638
28.38333346,0.163835004
28.39999988,0.164755046
28.41666629,0.164671943
28.4333327,0.164974883
28.44999911,0.162373141
28.46666743,0.161728144
28.48333385,0.162782311
28.50000026,0.162094936
28.51666667,0.16308333
28.53333308,0.162317649
28.54999949,0.161884546
28.56666591,0.162113771
28.58333232,0.161984444
28.60000064,0.160119921
28.61666705,0.16263777
28.63333346,0.16186069
28.64999988,0.161061972
28.66666629,0.164311543
28.6833327,0.163593561
28.69999911,0.160722122
28.71666743,0.162322313
28.73333385,0.161736667
28.75000026,0.161751881
28.76666667,0.162094593
28.78333308,0.162856087
28.79999949,0.160909861
28.81666591,0.162561923
28.83333232,0.164003402
28.85000064,0.16300334
28.86666705,0.161841407
28.88333346,0.162032083
28.89999988,0.160680711
28.91666629,0.161039397
28.9333327,0.160739973
28.94999911,0.162415236
28.96666743,0.160315111
28.98333385,0.162715659
29.00000026,0.161025733
29.01666667,0.162999228
29.03333308,0.16083841
29.04999949,0.159634098
29.06666591,0.162464678
29.08333232,0.162361056
29.10000064,0.158074468
29.11666705,0.160781831
29.13333346,0.160534322
29.14999988,0.162684113
29.16666629,0.162709907
29.1833327,0.162955448
29.19999911,0.15786323
29.21666743,0.159291893
29.23333385,0.160614461
29.25000026,0.158798635
29.26666667,0.157787904
29.28333308,0.160659209
29.29999949,0.160102442
29.31666591,0.161248833
29.33333232,0.157728985
29.35000064,0.159239411
29.36666705,0.158875346
29.38333346,0.158492953
29.39999988,0.158266828
29.41666629,0.157739848
29.4333327,0.15744181
29.44999911,0.158692196
29.46666743,0.159926102
29.48333385,0.15970251
29.50000026,0.158219352
29.51666667,0.159609079
29.53333308,0.158214361
29.54999949,0.159213454
29.56666591,0.158160031
29.58333232,0.158685103
29.60000064,0.157101736
29.61666705,0.156524822
29.63333346,0.157894507
29.64999988,0.15583387
29.66666629,0.1574848
29.6833327,0.157102808
29.69999911,0.155528709
29.71666743,0.156978428
29.73333385,0.157170683
29.75000026,0.157176256
29.76666667,0.156908095
29.78333308,0.157884225
29.79999949,0.158534974
29.81666591,0.157379016
29.83333232,0.156696573
29.85000064,0.155358061
29.86666705,0.156830937
29.88333346,0.159497097
29.89999988,0.157405049
29.91666629,0.157227904
29.9333327,0.156319171
29.94999911,0.155743003
29.96666743,0.156638533
29.98333385,0.156557754
30.00000026,0.155164123
30.01666667,0.15369986
30.03333308,0.156867236
30.04999949,0.154504091
30.06666591,0.156311452
30.08333232,0.155671388
30.10000064,0.155816749
30.11666705,0.153461993
30.13333346,0.154575005
30.14999988,0.156094655
30.16666629,0.156045675
30.1833327,0.154310763
30.19999911,0.154648945
30.21666743,0.154887885
30.23333385,0.156085536
30.25000026,0.155050203
30.26666667,0.15547283
30.28333308,0.153617993
30.29999949,0.156959623
30.31666591,0.154242262
30.33333232,0.155327007
30.35000064,0.15246588
30.36666705,0.153294981
30.38333346,0.152481943
30.39999988,0.152635798
30.41666629,0.154054076
30.4333327,0.155262813
30.44999911,0.151256666
30.46666743,0.155268148
30.48333385,0.154001251
30.50000026,0.153096557
30.51666667,0.152377307
30.53333308,0.154428259
30.54999949,0.153985947
30.56666591,0.153680429
30.58333232,0.154594556
30.60000064,0.154592007
30.61666705,0.152658239
30.63333346,0.153424874
30.64999988,0.153222486
30.66666629,0.152776241
30.6833327,0.155005008
30.69999911,0.152152538
30.71666743,0.153410167
30.73333385,0.15147832
30.75000026,0.152998239
30.76666667,0.153656423
30.78333308,0.153755218
30.79999949,0.155544564
30.81666591,0.152380422
30.83333232,0.155134961
30.85000064,0.15132612
30.86666705,0.153063119
30.88333346,0.151967198
30.89999988,0.153243735
30.91666629,0.153840348
30.9333327,0.152231112
30.94999911,0.151809245
30.96666743,0.153646946
30.98333385,0.152913898
31.00000026,0.153214082
31.01666667,0.152279303
31.03333308,0.152352601
31.04999949,0.151299238
31.06666591,0.151982173
31.08333232,0.152052373
31.10000064,0.14999339
31.11666705,0.151612595
31.13333346,0.150390625
31.14999988,0.150631174
31.16666629,0.151760697
31.1833327,0.156411514
31.19999911,0.151160896
31.21666743,0.151638031
31.23333385,0.1515764
31.25000026,0.152482316
31.26666667,0.151883781
31.28333308,0.150579691
31.29999949,0.150286302
31.31666591,0.152012482
31.33333232,0.15191783
31.35000064,0.153138205
31.36666705,0.152122334
31.38333346,0.151257142
31.39999988,0.151368052
31.41666629,0.151561767
31.4333327,0.152352601
31.44999911,0.151441932
31.46666743,0.150010839
31.48333385,0.152179033
31.50000026,0.150808662
31.51666667,0.15097256
31.53333308,0.149238706
31.54999949,0.152964592
31.56666591,0.151047438
31.58333232,0.151929915
31.60000064,0.15126811
31.61666705,0.150537223
31.63333346,0.15111506
31.64999988,0.151171774
31.66666629,0.148978457
31.6833327,0.151203647
31.69999911,0.150503144
31.71666743,0.147578433
31.73333385,0.15023306
31.75000026,0.15008226
31.76666667,0.150462657
31.78333308,0.149235457
31.79999949,0.150601849
31.81666591,0.150049523
31.83333232,0.149281234
31.85000064,0.151593283
31.86666705,0.149534419
31.88333346,0.149373487
31.90000178,0.148648083
31.9166682,0.147069156
31.93333461,0.154479891
31.95000102,0.150419906
31.96666743,0.149972737
31.98333385,0.151985228
32.00000026,0.14756839
32.01666667,0.151527748
32.0333369,0.150756389
32.05000331,0.150950417
32.06666972,0.149821907
32.08333613,0.151275873
32.10000255,0.149963409
32.11666896,0.152918026
32.13333537,0.149030224
32.15000178,0.15097332
32.1666682,0.152102903
32.18333461,0.151065722
32.20000102,0.146889746
32.21666743,0.152478352
32.23333385,0.146960393
32.25000026,0.147949651
32.26666667,0.152854636
32.2833369,0.144107297
32.30000331,0.153575018
32.31666972,0.152200714
32.33333613,0.153852925
32.35000255,0.153911814
32.36666896,0.155203641
32.38333537,0.154438779
32.40000178,0.155393302
32.4166682,0.156456277
32.43333461,0.155461535
32.45000102,0.149463207
32.46666743,0.14406766
32.48333385,0.145371661
32.50000026,0.153536409
32.51666667,0.152821809
32.5333369,0.154981926
32.55000331,0.150395721
32.56666972,0.153086394
32.58333613,0.154619902
32.60000255,0.153763846
32.61666896,0.15477851
32.63333537,0.155920371
32.65000178,0.155538529
32.6666682,0.155151546
32.68333461,0.155124202
32.70000102,0.153837174
32.71666743,0.153344363
32.73333385,0.154324129
32.75000026,0.15186204
32.76666667,0.152893171
32.7833369,0.152605012
32.80000331,0.155391529
32.81666972,0.15477097
32.83333613,0.15515843
32.85000255,0.154482707
32.86666896,0.152199909
32.88333537,0.154947311
32.90000178,0.157097682
32.9166682,0.155421555
32.93333461,0.154373989
32.95000102,0.152049109
32.96666743,0.154606789
32.98333385,0.154350102
33.00000026,0.15578261
33.01666667,0.152934253
33.0333369,0.154343456
33.05000331,0.154129624
33.06666972,0.151999995
33.08333613,0.154769525
33.10000255,0.154312909
33.11666896,0.154512376
33.13333537,0.145637602
33.15000178,0.153831869
33.1666682,0.154329673
33.18333461,0.15382205
33.20000102,0.153662056
33.21666743,0.153170317
33.23333385,0.147052601
33.25000026,0.153618515
33.26666667,0.154510155
33.2833369,0.154741541
33.30000331,0.153639272
33.31666972,0.155727372
33.33333613,0.152091324
33.35000255,0.153163135
33.36666896,0.151978061
33.38333537,0.153847769
33.40000178,0.142873764
33.4166682,0.144390479
33.43333461,0.144368723
33.45000102,0.150909603
33.46666743,0.155856133
33.48333385,0.156010747
33.50000026,0.152632088
33.51666667,0.153395549
33.5333369,0.154706836
33.55000331,0.152067035
33.56666972,0.146663591
33.58333613,0.143514857
33.60000255,0.142598599
33.61666896,0.153766096
33.63333537,0.145530149
33.65000178,0.146235019
33.6666682,0.153544307
33.68333461,0.153856218
33.70000102,0.151978612
33.71666743,0.14780964
33.73333385,0.142271221
33.75000026,0.146457717
33.76666667,0.14501749
33.7833369,0.144801304
33.80000331,0.148743272
33.81666972,0.148819
33.83333613,0.145939186
33.85000255,0.144636467
33.86666896,0.146915808
33.88333537,0.153724134
33.90000178,0.155015245
33.9166682,0.151664481
33.93333461,0.147599667
33.95000102,0.147244975
33.96666743,0.152219683
33.98333385,0.149231553
34.00000026,0.149775639
34.01666667,0.149783716
34.0333369,0.147743657
34.05000331,0.146121219
34.06666972,0.148807302
34.08333613,0.146735326
34.10000255,0.145808145
34.11666896,0.146507993
34.13333537,0.149280861
34.15000178,0.14573203
34.1666682,0.150449768
34.18333461,0.150479868
34.20000102,0.143137753
34.21666743,0.143599883
34.23333385,0.144388139
34.25000026,0.147452489
34.26666667,0.146576434
34.2833369,0.147441074
34.30000331,0.147495717
34.31666972,0.143208161
34.33333613,0.143619075
34.35000255,0.145833671
34.36666896,0.14323245
34.38333537,0.142160058
34.40000178,0.14284794
34.4166682,0.145133317
34.43333461,0.146653429
34.45000102,0.144794866
34.46666743,0.143633321
34.48333385,0.143824905
34.50000026,0.145135194
34.51666667,0.144632682
34.5333369,0.143246785
34.55000331,0.144132793
34.56666972,0.144590825
34.58333613,0.148042649
34.60000255,0.143414393
34.61666896,0.142994821
34.63333537,0.145899162
34.65000178,0.143914357
34.6666682,0.142466277
34.68333461,0.145226181
34.70000102,0.144690469
34.71666743,0.147092044
34.73333385,0.143826559
34.75000026,0.14502883
34.76666667,0.143850431
34.7833369,0.143606216
34.80000331,0.142858937
34.81666972,0.143966168
34.83333613,0.14360261
34.85000255,0.143224493
34.86666896,0.141003117
34.88333537,0.143707484
34.90000178,0.141057596
34.9166682,0.141631916
34.93333461,0.142340615
34.95000102,0.141486615
34.96666743,0.141227379
34.98333385,0.141135126
35.00000026,0.142176002
35.01666667,0.142965093
35.0333369,0.142593473
35.05000331,0.141951114
35.06666972,0.143102735
35.08333613,0.141660869
35.10000255,0.142736226
35.11666896,0.1430531
35.13333537,0.142954305
35.15000178,0.141309202
35.1666682,0.139760032
35.18333461,0.141544342
35.20000102,0.140784413
35.21666743,0.138374299
35.23333385,0.141713336
35.25000026,0.141691566
35.26666667,0.140439466
35.2833369,0.142417789
35.30000331,0.14001064
35.31666972,0.140698582
35.33333613,0.140959397
35.35000255,0.141111121
35.36666896,0.139127314
35.38333537,0.141074076
35.40000178,0.139868543
35.4166682,0.141797945
35.43333461,0.140523717
35.45000102,0.140489757
35.46666743,0.138791904
35.48333385,0.139263094
35.50000026,0.138550669
35.51666667,0.140461534
35.5333369,0.138448998
35.55000331,0.138817817
35.56666972,0.139079198
35.58333613,0.138845891
35.60000255,0.139862835
35.61666896,0.138104618
35.63333537,0.138965979
35.65000178,0.139879048
35.6666682,0.138459757
35.68333461,0.138428807
35.70000102,0.136756778
35.71666743,0.139610395
35.73333385,0.137361869
35.75000026,0.138441414
35.76666667,0.138863072
35.7833369,0.138514951
35.80000331,0.139734075
35.81666972,0.139425248
35.83333613,0.138032481
35.85000255,0.138135433
35.86666896,0.137500972
35.88333537,0.1376241
35.90000178,0.138333648
35.9166682,0.135589868
35.93333461,0.140798599
35.95000102,0.139665052
35.96666743,0.138299763
35.98333385,0.139599115
36.00000026,0.139498621
36.01666667,0.138163641
36.0333369,0.139556348
36.05000331,0.139158472
36.06666972,0.137753338
36.08333613,0.137837157
36.10000255,0.136893809
36.11666896,0.136911765
36.13333537,0.136563465
36.15000178,0.137365848
36.1666682,0.137560174
36.18333461,0.137466759
36.20000102,0.136720359
36.21666743,0.137623563
36.23333385,0.138552055
36.25000026,0.134622499
36.26666667,0.137443215
36.2833369,0.137172863
36.30000331,0.139417619
36.31666972,0.136710569
36.33333613,0.13662447
36.35000255,0.135431007
36.36666896,0.138005763
36.38333537,0.138447821
36.40000178,0.138956636
36.4166682,0.135411024
36.43333461,0.137057036
36.45000102,0.137977168
36.46666743,0.134750813
36.48333385,0.135825113
36.50000026,0.134644136
36.51666667,0.134260833
36.5333369,0.137293801
36.55000331,0.135131553
36.56666972,0.134676009
36.58333613,0.136361793
36.60000255,0.134959787
36.61666896,0.135318369
36.63333537,0.135805294
36.65000178,0.134754524
36.6666682,0.13437584
36.68333461,0.134119347
36.70000102,0.135834277
36.71666743,0.13512671
36.73333385,0.135036647
36.75000026,0.133101746
36.76666667,0.133513391
36.7833369,0.133166298
36.80000331,0.134578779
36.81666972,0.134489179
36.83333613,0.133969441
36.85000255,0.133106291
36.86666896,0.133155465
36.88333537,0.131565318
36.90000178,0.135147169
36.9166682,0.132952064
36.93333461,0.131557599
36.95000102,0.133662745
36.96666743,0.132124022
36.98333385,0.13257952
37.00000026,0.132603303
37.01666667,0.132953644
37.0333369,0.13137345
37.05000331,0.131825075
37.06666972,0.131440952
37.08333613,0.13298054
37.10000255,0.131901383
37.11666896,0.131557599
37.13333537,0.130245477
37.15000178,0.130996302
37.1666682,0.129805893
37.18333461,0.129942417
37.20000102,0.129413649
37.21666743,0.130268723
37.23333385,0.13152431
37.25000026,0.128572196
37.26666667,0.128035218
37.2833369,0.130723849
37.30000331,0.130620509
37.31666972,0.130572707
37.33333613,0.129526436
37.35000255,0.130291879
37.36666896,0.129827842
37.38333537,0.130101413
37.40000178,0.129750162
37.4166682,0.129847646
37.43333461,0.129525006
37.45000102,0.128935397
37.46666743,0.13009356
37.48333385,0.128621027
37.50000026,0.131016076
37.51666667,0.129407227
37.5333369,0.128827393
37.55000331,0.129068732
37.56666972,0.130168304
37.58333613,0.128550589
37.60000255,0.129277989
37.61666896,0.128660232
37.63333537,0.128957376
37.65000178,0.12861456
37.6666682,0.129233539
37.68333461,0.128765062
37.70000102,0.128599703
37.71666743,0.125954971
37.73333385,0.129582644
37.75000026,0.128875345
37.76666667,0.129318848
37.7833369,0.127791435
37.80000331,0.128047735
37.81666972,0.130020052
37.83333613,0.129261524
37.85000255,0.129172474
37.86666896,0.129717737
37.88333537,0.128775299
37.90000178,0.129343569
37.9166682,0.127289906
37.93333461,0.129066214
37.95000102,0.127501115
37.96666743,0.129371703
37.98333385,0.129227921
38.00000026,0.128836304
38.01666667,0.126114368
38.0333369,0.127722517
38.05000331,0.12988171
38.06666972,0.12937668
38.08333613,0.126345307
38.10000255,0.127818883
38.11666896,0.128225029
38.13333537,0.127206907
38.15000178,0.127679646
38.1666682,0.126379207
38.18333461,0.127809703
38.20000102,0.125594869
38.21666743,0.127930805
38.23333385,0.124370307
38.25000026,0.125742227
38.26666667,0.127365977
38.2833369,0.126205862
38.30000331,0.124883309
38.31666972,0.126736626
38.33333613,0.129003957
38.35000255,0.12625137
38.36666896,0.125437826
38.38333537,0.127475634
38.40000178,0.128819585
38.4166682,0.125565872
38.43333461,0.128098562
38.45000102,0.125590071
38.46666743,0.125392735
38.48333385,0.125459328
38.50000026,0.124193169
38.51666667,0.126056582
38.5333369,0.125231698
38.55000331,0.125284165
38.56666972,0.128220752
38.58333613,0.128259763
38.60000255,0.126393482
38.61666896,0.127131179
38.63333537,0.127072692
38.65000178,0.126815379
38.6666682,0.124801628
38.68333461,0.126216173
38.70000102,0.12574859
38.71666743,0.126920775
38.73333385,0.127492577
38.75000026,0.126742512
38.76666667,0.126467586
38.7833369,0.126393855
38.80000331,0.125446782
38.81666972,0.126217768
38.83333613,0.127877042
38.85000255,0.125952408
38.86666896,0.125077918
38.88333537,0.12473546
38.90000178,0.124752365
38.9166682,0.125931859
38.93333461,0.127779141
38.95000102,0.126318783
38.96666743,0.125766501
38.98333385,0.124772169
39.00000026,0.126277894
39.01666667,0.123497628
39.0333369,0.125678599
39.05000331,0.123050205
39.06666972,0.126296803
39.08333613,0.123328202
39.10000255,0.125939429
39.11666896,0.124714688
39.13333537,0.124270842
39.15000178,0.123342849
39.1666682,0.124742806
39.18333461,0.124230072
39.20000102,0.124965072
39.21666743,0.126091331
39.23333385,0.124949507
39.25000026,0.124035634
39.26666667,0.12392199
39.2833369,0.122418314
39.30000331,0.124591552
39.31666972,0.125668332
39.33333613,0.123813607
39.35000255,0.123693787
39.36666896,0.124525897
39.38333537,0.124322847
39.40000178,0.123851955
39.4166682,0.122597031
39.43333461,0.123561062
39.45000102,0.124017827
39.46666743,0.123238459
39.48333385,0.123309426
39.50000026,0.122774683
39.51666667,0.124271222
39.5333369,0.121301808
39.55000331,0.124041937
39.56666972,0.124266155
39.58333613,0.121900983
39.60000255,0.122723758
39.61666896,0.1260124
39.63333537,0.123934008
39.65000178,0.123195522
39.6666682,0.124575205
39.68333461,0.124784932
39.70000102,0.123230383
39.71666743,0.123101309
39.73333385,0.121831894
39.75000026,0.124447942
39.76666667,0.122812703
39.7833369,0.122605339
39.80000331,0.122074895
39.81666972,0.12359
39.83333613,0.120630555
39.85000255,0.121343873
39.86666896,0.122709647
39.88333537,0.122045852
39.90000178,0.121758528
39.9166682,0.1220356
39.93333461,0.12092565
39.95000102,0.120017774
39.96666743,0.121953771
39.98333385,0.122979179
40.00000026,0.123123027
40.01666667,0.120291889
40.0333369,0.12210647
40.05000331,0.119953454
40.06666972,0.122504935
40.08333613,0.122130923
40.10000255,0.123064674
40.11666896,0.121671036
40.13333537,0.121424049
40.15000178,0.121463522
40.1666682,0.121697582
40.18333461,0.122546092
40.20000102,0.122134492
40.21666743,0.121976942
40.23333385,0.122098483
40.25000026,0.122744978
40.26666667,0.121066563
40.2833369,0.120967098
40.30000331,0.120084323
40.31666972,0.122668065
40.33333613,0.121168688
40.35000255,0.12124335
40.36666896,0.121895261
40.38333537,0.120851412
40.40000178,0.120541923
40.4166682,0.118450783
40.43333461,0.12360125
40.45000102,0.120665215
40.46666743,0.121030167
40.48333385,0.120686673
40.50000026,0.119649403
40.51666667,0.118136607
40.5333369,0.120784029
40.55000331,0.119873203
40.56666972,0.120923631
40.58333613,0.120754935
40.60000255,0.119644836
40.61666896,0.120614119
40.63333537,0.121617802
40.65000178,0.118912347
40.6666682,0.121785633
40.68333461,0.120432533
40.70000102,0.120486267
40.71666743,0.121617459
40.73333385,0.121614106
40.75000026,0.120478615
40.76666667,0.120608889
40.7833369,0.120416991
40.80000331,0.119808704
40.81666972,0.118225068
40.83333613,0.119540274
40.85000255,0.120426692
40.86666896,0.120812811
40.88333537,0.120532692
40.90000178,0.121033758
40.9166682,0.118178777
40.93333461,0.118976347
40.95000102,0.120708548
40.96666743,0.119553573
40.98333385,0.117407337
41.00000026,0.119371057
41.01666667,0.120032929
41.0333369,0.120095693
41.05000331,0.119758561
41.06666972,0.119622439
41.08333613,0.1214789
41.10000255,0.122166827
41.11666896,0.120760098
41.13333537,0.11985939
41.15000178,0.119966313
41.1666682,0.11965479
41.18333461,0.121261351
41.20000102,0.120100707
41.21666743,0.11922545
41.23333385,0.121931076
41.25000026,0.120210215
41.26666667,0.118422397
41.2833369,0.119820945
41.30000331,0.117832579
41.31666972,0.120332904
41.33333613,0.117695898
41.35000255,0.11827635
41.36666896,0.118658528
41.38333537,0.119363599
41.40000178,0.120715797
41.4166682,0.118051298
41.43333461,0.117734022
41.45000102,0.118656889
41.46666743,0.117049001
41.48333385,0.11835219
41.50000026,0.116520286
41.51666667,0.118578009
41.5333369,0.118914664
41.55000331,0.119136006
41.56666972,0.120549947
41.58333613,0.119361006
41.60000255,0.11715629
41.61666896,0.119154841
41.63333537,0.115608051
41.65000178,0.117585287
41.6666682,0.118690163
41.68333461,0.117234103
41.70000102,0.119473741
41.71666743,0.118091323
41.73333385,0.118202739
41.75000026,0.11866305
41.76666667,0.115875714
41.7833369,0.117911801
41.80000331,0.118844681
41.81666972,0.118763857
41.83333613,0.116108604
41.85000255,0.120141089
41.86666896,0.119120374
41.88333537,0.11860209
41.90000178,0.116727375
41.9166682,0.118924737
41.93333461,0.117271297
41.95000102,0.117540874
41.96666743,0.117182702
41.98333385,0.117857806
42.00000026,0.118429124
42.01666667,0.117303655
42.0333369,0.117703639
42.05000331,0.118110105
42.06666972,0.117807217
42.08333613,0.117201991
42.10000255,0.117260926
42.11666896,0.116337694
42.13333537,0.117661446
42.15000178,0.116933174
42.1666682,0.117360897
42.18333461,0.116242312
42.20000102,0.115550123
42.21666743,0.115840092
42.23333385,0.118307687
42.25000026,0.116649993
42.26666667,0.119001977
42.2833369,0.116895564
42.30000331,0.116303042
42.31666972,0.116996102
42.33333613,0.115304127
42.35000255,0.116440237
42.36666896,0.115312062
42.38333537,0.115805619
42.40000178,0.116744205
42.4166682,0.115162373
42.43333461,0.115893938
42.45000102,0.116078809
42.46666743,0.116758131
42.48333385,0.11516396
42.50000026,0.117093369
42.51666667,0.117078491
42.5333369,0.115871459
42.55000331,0.116535924
42.56666972,0.116894618
42.58333613,0.116589248
42.60000255,0.116834819
42.61666896,0.116858095
42.63333537,0.115093269
42.65000178,0.114574507
42.6666682,0.11708954
42.68333461,0.117906503
42.70000102,0.115510233
42.71666743,0.116925173
42.73333385,0.113813534
42.75000026,0.116386183
42.76666667,0.118353784
42.7833369,0.115315169
42.80000331,0.115988456
42.81666972,0.116325952
42.83333613,0.117085777
42.85000255,0.115826704
42.86666896,0.116860196
42.88333537,0.116156802
42.90000178,0.115151912
42.9166682,0.115273483
42.93333461,0.114981629
42.95000102,0.115260452
42.96666743,0.114013717
42.98333385,0.112394631
43.00000026,0.113927595
43.01666667,0.114974044
43.0333369,0.115974397
43.05000331,0.115038373
43.06666972,0.113198124
43.08333613,0.114777632
43.10000255,0.115783617
43.11666896,0.113763042
43.13333537,0.114100322
43.15000178,0.113325536
43.1666682,0.114880949
43.18333461,0.112447009
43.20000102,0.111773789
43.21666743,0.11433509
43.23333385,0.113222115
43.25000026,0.115315609
43.26666667,0.112239741
43.2833369,0.112767667
43.30000331,0.113211766
43.31666972,0.113825038
43.33333613,0.113475464
43.35000255,0.114922129
43.36666896,0.114310235
43.38333537,0.114548288
43.40000178,0.113668062
43.4166682,0.112198308
43.43333461,0.113885939
43.45000102,0.115492299
43.46666743,0.11396727
43.48333385,0.113209479
43.50000026,0.113689989
43.51666667,0.112658739
43.5333369,0.113245964
43.55000331,0.112771459
43.56666972,0.112840198
43.58333613,0.113401517
43.60000255,0.110595882
43.61666896,0.113178611
43.63333537,0.109510221
43.65000178,0.114236884
43.6666682,0.113389753
43.68333461,0.115128189
43.70000102,0.113519706
43.71666743,0.111919738
43.73333385,0.112924352
43.75000026,0.111694105
43.76666667,0.112332836
43.7833369,0.1137987
43.80000331,0.113758028
43.81666972,0.112859763
43.83333613,0.112645686
43.85000255,0.113305241
43.86666896,0.111872315
43.88333537,0.112875409
43.90000178,0.113268882
43.9166682,0.110824987
43.93333461,0.113391571
43.95000102,0.113651007
43.96666743,0.113684401
43.98333385,0.11334724
44.00000026,0.112499461
44.01666667,0.113354504
44.0333369,0.113266327
44.05000331,0.111735657
44.06666972,0.113518797
44.08333613,0.111011364
44.10000255,0.110835142
44.11666896,0.110108115
44.13333537,0.110182531
44.15000178,0.112840533
44.1666682,0.113293245
44.18333461,0.111179955
44.20000102,0.112418473
44.21666743,0.112545483
44.23333385,0.112896055
44.25000026,0.112092041
44.26666667,0.113187581
44.2833369,0.112673774
44.30000331,0.111858279
44.31666972,0.111389399
44.33333613,0.113298953
44.35000255,0.113281414
44.36666896,0.114353314
44.38333537,0.112459116
44.40000178,0.112976126
44.4166682,0.11366389
44.43333461,0.112498157
44.45000102,0.113854617
44.46666743,0.111347251
44.48333385,0.113164201
44.50000026,0.110597685
44.51666667,0.111238577
44.5333369,0.111945763
44.55000331,0.113454625
44.56666972,0.112289354
44.58333613,0.112357207
44.60000255,0.111414924
44.61666896,0.113555849
44.63333537,0.112432592
44.65000178,0.113087617
44.6666682,0.112061083
44.68333461,0.112778306
44.70000102,0.113460377
44.71666743,0.112619653
44.73333385,0.112922981
44.75000026,0.113002889
44.76666667,0.112380274
44.7833369,0.113054298
44.80000331,0.112133227
44.81666972,0.111932769
44.83333613,0.112320729
44.85000255,0.111014634
44.86666896,0.112505935
44.88333537,0.11143972
44.90000178,0.110798523
44.9166682,0.110559955
44.93333461,0.113189295
44.95000102,0.112235211
44.96666743,0.111474581
44.98333385,0.111564465
45.00000026,0.111491546
45.01666667,0.111987509
45.0333369,0.112534583
45.05000331,0.111879043
45.06666972,0.111845218
45.08333613,0.110630848
45.10000255,0.111561157
45.11666896,0.111875594
45.13333537,0.111819066
45.15000178,0.111907043
45.1666682,0.110881686
45.18333461,0.111951396
45.20000102,0.111965329
45.21666743,0.11286819
45.23333385,0.113304064
45.25000026,0.111491181
45.26666667,0.111305505
45.2833369,0.113220133
45.30000331,0.114394076
45.31666972,0.113851219
45.33333613,0.114373192
45.35000255,0.113348618
45.36666896,0.115202434
45.38333537,0.113523237
45.40000178,0.112240009
45.4166682,0.114218064
45.43333461,0.113279834
45.45000102,0.109952465
45.46666743,0.112202436
45.48333385,0.114458352
45.50000026,0.113057658
45.51666667,0.112662531
45.5333369,0.113032274
45.55000331,0.113550641
45.56666972,0.115541406
45.58333613,0.113701627
45.60000255,0.113515705
45.61666896,0.113807783
45.63333537,0.112345174
45.65000178,0.113955967
45.6666682,0.114102915
45.68333461,0.112194993
45.70000102,0.112791792
45.71666743,0.112136506
45.73333385,0.113008022
45.75000026,0.113174915
45.76666667,0.113441482
45.7833369,0.111702241
45.80000331,0.113667555
45.81666972,0.11184793
45.83333613,0.114048556
45.85000255,0.114837952
45.86666896,0.112947114
45.88333537,0.113107666
45.90000178,0.113654003
45.9166682,0.113258533
45.93333461,0.112694807
45.95000102,0.11300806
45.96666743,0.113304734
45.98333385,0.113574475
46.00000026,0.111603394
46.01666667,0.112351611
46.0333369,0.112778403
46.05000331,0.112528779
46.06666972,0.111742087
46.08333613,0.114083663
46.10000255,0.112477794
46.11666896,0.111484215
46.13333537,0.11074885
46.15000178,0.112727024
46.1666682,0.113811754
46.18333461,0.112273626
46.20000102,0.113380544
46.21666743,0.114169613
46.23333385,0.113935165
46.25000026,0.113887452
46.26666667,0.115838096
46.2833369,0.112533741
46.30000331,0.112809852
46.31666972,0.112742692
46.33333613,0.114925169
46.35000255,0.112277888
46.36666896,0.11408928
46.38333537,0.111914918
46.40000178,0.112222545
46.4166682,0.112507947
46.43333461,0.114022501
46.45000102,0.111543916
46.46666743,0.111854598
46.48333385,0.111913547
46.50000026,0.111919202
46.51666667,0.11211922
46.5333369,0.111850843
46.55000331,0.112413876
46.56666972,0.111948714
46.58333613,0.110041641
46.60000255,0.110778481
46.61666896,0.11037384
46.63333537,0.111574441
46.65000178,0.11110346
46.6666682,0.112618111
46.68333461,0.112412572
46.70000102,0.112272792
46.71666743,0.11238876
46.73333385,0.113578983
46.75000026,0.113867298
46.76666667,0.11399743
46.7833369,0.113030523
46.80000331,0.113519408
46.81666972,0.1140742
46.83333613,0.113774583
46.85000255,0.113420546
46.86666896,0.112899445
46.88333537,0.112676218
46.90000178,0.112601906
46.9166682,0.114133284
46.93333461,0.113817036
46.95000102,0.112498589
46.96666743,0.114300035
46.98333385,0.114306025
47.00000026,0.112469174
47.01666667,0.113765091
47.0333369,0.112007745
47.05000331,0.113351412
47.06666972,0.112583995
47.08333613,0.113768965
47.10000255,0.112497315
47.11666896,0.112846442
47.13333537,0.111013569
47.15000178,0.113726005
47.1666682,0.113809973
47.18333461,0.11217019
47.20000102,0.111478597
47.21666743,0.113778614
47.23333385,0.110916674
47.25000026,0.110611275
47.26666667,0.112798877
47.2833369,0.111620292
47.30000331,0.11297784
47.31666972,0.113355979
47.33333613,0.114297204
47.35000255,0.110767022
47.36666896,0.110020526
47.38333537,0.112186678
47.40000178,0.111164406
47.4166682,0.11252059
47.43333461,0.112994999
47.45000102,0.10948167
47.46666743,0.110863879
47.48333385,0.110692732
47.50000026,0.112425745
47.51666667,0.112824723
47.5333369,0.110006653
47.55000331,0.11394836
47.56666972,0.111492246
47.58333613,0.112326466
47.60000255,0.111523166
47.61666896,0.110270582
47.63333537,0.112338066
47.65000178,0.111742921
47.6666682,0.112914853
47.68333461,0.111434333
47.70000102,0.111924931
47.71666743,0.111132808
47.73333385,0.111165345
47.75000026,0.110576049
47.76666667,0.111057155
47.7833369,0.112017691
47.80000331,0.110857464
47.81666972,0.111725375
47.83333613,0.112031862
47.85000255,0.112455428
47.86666896,0.110899098
47.88333537,0.111826703
47.90000178,0.110684149
47.9166682,0.110197581
47.93333461,0.110111781
47.95000102,0.111878373
47.96666743,0.114280023
47.98333385,0.110850915
48.00000026,0.11142078
48.01666667,0.110770598
48.0333369,0.111147687
48.05000331,0.110876747
48.06666972,0.111717306
48.08333613,0.109407105
48.10000255,0.112610862
48.11666896,0.110911563
48.13333537,0.110879481
48.15000178,0.109814644
48.1666682,0.110862374
48.18333461,0.110333487
48.20000102,0.113490827
48.21666743,0.110120952
48.23333385,0.111103721
48.25000026,0.11015965
48.26666667,0.109274581
48.2833369,0.108461157
48.30000331,0.108189419
48.31666972,0.108121418
48.33333613,0.107264742
48.35000255,0.109131917
48.36666896,0.106592126
48.38333537,0.106729299
48.40000178,0.106086724
48.4166682,0.107245788
48.43333461,0.107118897
48.45000102,0.107114717
48.46666743,0.109361351
48.48333385,0.109114975
48.50000026,0.106949776
48.51666667,0.107935481
48.5333369,0.108090773
48.55000331,0.109836511
48.56666972,0.109403208
48.58333613,0.107907109
48.60000255,0.10615702
48.61666896,0.107496545
48.63333537,0.106720693
48.65000178,0.109444201
48.6666682,0.108686246
48.68333461,0.108052686
48.70000102,0.108984008
48.71666743,0.106948391
48.73333385,0.107529797
48.75000026,0.107207783
48.76666667,0.106624752
48.7833369,0.107303686
48.80000331,0.107843489
48.81666972,0.105737537
48.83333613,0.106114119
48.85000255,0.103800871
48.86666896,0.106896669
48.88333537,0.105515659
48.90000178,0.105562791
48.9166682,0.104241781
48.93333461,0.105294876
48.95000102,0.106491916
48.96666743,0.105043642
48.98333385,0.108167939
49.00000026,0.10804718
49.01666667,0.105446316
49.0333369,0.105045296
49.05000331,0.104390882
49.06666972,0.102960937
49.08333613,0.105536252
49.10000255,0.105705775
49.11666896,0.105492353
49.13333537,0.103965506
49.15000178,0.104111254
49.1666682,0.105969749
49.18333461,0.103380278
49.20000102,0.105889037
49.21666743,0.106121652
49.23333385,0.104275219
49.25000026,0.105904236
49.26666667,0.104622796
49.2833369,0.106226869
49.30000331,0.103849329
49.31666972,0.104067303
49.33333613,0.105126835
49.35000255,0.105055511
49.36666896,0.104054473
49.38333537,0.10651134
49.40000178,0.104608931
49.4166682,0.105759867
49.43333461,0.10628476
49.45000102,0.103913516
49.46666743,0.103939951
49.48333385,0.105112225
49.50000026,0.104269788
49.51666667,0.104071744
49.5333369,0.104932651
49.55000331,0.104561441
49.56666972,0.104401976
49.58333613,0.104634523
49.60000255,0.104947515
49.61666896,0.106084772
49.63333537,0.103381984
49.65000178,0.103989057
49.6666682,0.105325922
49.68333461,0.102858089
49.70000102,0.104053915
49.71666743,0.106046505
49.73333385,0.105585635
49.75000026,0.10535571
49.76666667,0.103611089
49.7833369,0.104239382
49.80000331,0.106617503
49.81666972,0.103341915
49.83333613,0.104523473
49.85000255,0.106040061
49.86666896,0.105895445
49.88333537,0.104145698
49.90000178,0.104026191
49.9166682,0.104397535
49.93333461,0.10629081
49.95000102,0.105347723
49.96666743,0.103769608
49.98333385,0.105205089
50.00000026,0.105345286
50.01666667,0.104026847
50.0333369,0.105961517
50.05000331,0.103068374
50.06666972,0.105446152
50.08333613,0.104403198
50.10000255,0.103623971
50.11666896,0.103037924
50.13333537,0.102532171
50.15000178,0.104767777
50.1666682,0.103601791
50.18333461,0.106472567
50.20000102,0.104014285
50.21666743,0.106326357
50.23333385,0.104222924
50.25000026,0.10487847
50.26666667,0.106540352
50.2833369,0.103701994
50.30000331,0.104558118
50.31666972,0.106445476
50.33333613,0.106166475
50.35000255,0.104991555
50.36666896,0.103560522
50.38333537,0.105747215
50.40000178,0.103838183
50.4166682,0.106185153
50.43333461,0.104031026
50.45000102,0.10491851
50.46666743,0.104055367
50.48333385,0.102520175
50.50000026,0.101443961
50.51666667,0.100686349
50.5333369,0.103498131
50.55000331,0.103332095
50.56666972,0.101497553
50.58333613,0.102721483
50.60000255,0.102175616
50.61666896,0.102488056
50.63333537,0.104580313
50.65000178,0.102334492
50.6666682,0.104161166
50.68333461,0.102745123
50.70000102,0.102915302
50.71666743,0.102632389
50.73333385,0.101960227
50.75000026,0.10326764
50.76666667,0.103464492
50.7833369,0.102194585
50.80000331,0.10097906
50.81666972,0.10325063
50.83333613,0.102184102
50.85000255,0.102238834
50.86666896,0.104574479
50.88333537,0.103031553
50.90000178,0.1028447
50.9166682,0.100742586
50.93333461,0.103379488
50.95000102,0.102712072
50.96666743,0.104139879
50.98333385,0.101061545
51.00000026,0.102403238
51.01666667,0.104050331
51.0333369,0.102237821
51.05000331,0.103878826
51.06666972,0.103864983
51.08333613,0.104814075
51.10000255,0.102049381
51.11666896,0.100963026
51.13333537,0.101339608
51.15000178,0.104090132
51.1666682,0.101828389
51.18333461,0.102714397
51.20000102,0.101181187
51.21666743,0.102035984
51.23333385,0.10177397
51.25000026,0.104607552
51.26666667,0.101299204
51.2833369,0.100448534
51.30000331,0.103563942
51.31666972,0.102786809
51.33333613,0.099945627
51.35000255,0.102672719
51.36666896,0.102471769
51.38333537,0.100983508
51.40000178,0.102148831
51.4166682,0.101543307
51.43333461,0.100488856
51.45000102,0.102778249
51.46666743,0.101050243
51.48333385,0.103101395
51.50000026,0.10107255
51.51666667,0.102947094
51.5333369,0.101410352
51.55000331,0.102940172
51.56666972,0.1030434
51.58333613,0.101176061
51.60000255,0.101213247
51.61666896,0.100583479
51.63333537,0.100891538
51.65000178,0.102796614
51.6666682,0.101894207
51.68333461,0.103938013
51.70000102,0.103383228
51.71666743,0.101662204
51.73333385,0.102438174
51.75000026,0.101507559
51.76666667,0.101572022
51.7833369,0.100019045
51.80000331,0.102664821
51.81666972,0.103149317
51.83333613,0.101186715
51.85000255,0.101305775
51.86666896,0.101437882
51.88333537,0.101070948
51.90000178,0.101589814
51.9166682,0.10192363
51.93333461,0.102804162
51.95000102,0.101939045
51.96666743,0.102529258
51.98333385,0.10160692
52.00000026,0.100876257
52.01666667,0.100490354
52.0333369,0.102575019
52.05000331,0.100445822
52.06666972,0.101799496
52.08333613,0.101746254
52.10000255,0.10012155
52.11666896,0.101497129
52.13333537,0.098735824
52.15000178,0.100766614
52.1666682,0.101898
52.18333461,0.099282943
52.20000102,0.099492058
52.21666743,0.101055726
52.23333385,0.099884793
52.25000026,0.101346046
52.26666667,0.101129234
52.2833369,0.100543931
52.30000331,0.098868221
52.31666972,0.099363275
52.33333613,0.099102639
52.35000255,0.099821791
52.36666896,0.101229198
52.38333537,0.10045483
52.40000178,0.10111133
52.4166682,0.101340063
52.43333461,0.101680756
52.45000102,0.099515855
52.46666743,0.09945564
52.48333385,0.102254167
52.50000026,0.099876031
52.51666667,0.10188625
52.5333369,0.100390434
52.55000331,0.100509994
52.56666972,0.10159266
52.58333613,0.100861922
52.60000255,0.099564388
52.61666896,0.100502946
52.63333537,0.101282865
52.65000178,0.101523094
52.6666682,0.102358416
52.68333461,0.101353891
52.70000102,0.10052409
52.71666743,0.100405246
52.73333385,0.100446217
52.75000026,0.101772957
52.76666667,0.10059046
52.7833369,0.100490712
52.80000331,0.101877384
52.81666972,0.100851275
52.83333613,0.100982137
52.85000255,0.102181353
52.86666896,0.099932007
52.88333537,0.100208663
52.90000178,0.100784116
52.9166682,0.100284606
52.93333461,0.10045851
52.95000102,0.098553114
52.96666743,0.099682845
52.98333385,0.100455053
53.00000026,0.100954764
53.01666667,0.101504028
53.0333369,0.100161225
53.05000331,0.102437355
53.06666972,0.101157665
53.08333613,0.101827174
53.10000255,0.101029173
53.11666896,0.099464521
53.13333537,0.100395426
53.15000178,0.102248102
53.1666682,0.100149095
53.18333461,0.100406155
53.20000102,0.100057535
53.21666743,0.099566996
53.23333385,0.101037271
53.25000026,0.101239063
53.26666667,0.101789743
53.2833369,0.099465333
53.30000331,0.102840476
53.31666972,0.101216875
53.33333613,0.102553479
53.35000255,0.100363657
53.36666896,0.101964518
53.38333537,0.102005407
53.40000178,0.099680401
53.4166682,0.099144921
53.43333461,0.101700679
53.45000102,0.099353939
53.46666743,0.101038091
53.48333385,0.099065661
53.50000026,0.100216679
53.51666667,0.098873913
53.5333369,0.10117691
53.55000331,0.101165995
53.56666972,0.100874752
53.58333613,0.100462169
53.60000255,0.102051869
53.61666896,0.101424344
53.63333537,0.100317702
53.65000178,0.102379747
53.6666682,0.100541122
53.68333461,0.101340748
53.70000102,0.100679427
53.71666743,0.101766802
53.73333385,0.103158802
53.75000026,0.101652913
53.76666667,0.101723254
53.7833369,0.101977415
53.80000331,0.102002889
53.81666972,0.101490006
53.83333613,0.100164846
53.85000255,0.102992863
53.86666896,0.101678789
53.88333537,0.100591503
53.90000178,0.10237211
53.9166682,0.101045534
53.93333461,0.101547919
53.95000102,0.102705248
53.96666743,0.099750295
53.98333385,0.101083852
54.00000026,0.101921141
54.01666667,0.0997729
54.0333369,0.100507289
54.05000331,0.101140343
54.06666972,0.102261178
54.08333613,0.100536682
54.10000255,0.101378962
54.11666896,0.101333261
54.13333537,0.100926317
54.15000178,0.102235824
54.1666682,0.101603746
54.18333461,0.100196533
54.20000102,0.102569148
54.21666743,0.103869088
54.23333385,0.100777
54.25000026,0.099891506
54.26666667,0.101599954
54.2833369,0.101027474
54.30000331,0.100070573
54.31666972,0.099164531
54.33333613,0.100624338
54.35000255,0.100286432
54.36666896,0.101893678
54.38333537,0.102472946
54.40000178,0.102241583
54.4166682,0.100698851
54.43333461,0.101679675
54.45000102,0.101540394
54.46666743,0.100716703
54.48333385,0.100608505
54.50000026,0.102636129
54.51666667,0.102622755
54.5333369,0.101411983
54.55000331,0.102082938
54.56666972,0.101837128
54.58333613,0.0999192
54.60000255,0.101120941
54.61666896,0.100431696
54.63333537,0.10114342
54.65000178,0.10107363
54.6666682,0.098673277
54.68333461,0.09932296
54.70000102,0.099319838
54.71666743,0.099351592
54.73333385,0.098621167
54.75000026,0.101404175
54.76666667,0.099769317
54.7833369,0.101673
54.80000331,0.099011458
54.81666972,0.099911019
54.83333613,0.100275181
54.85000255,0.100276254
54.86666896,0.100137852
54.88333537,0.101198085
54.90000178,0.101356246
54.9166682,0.101704441
54.93333461,0.102149747
54.95000102,0.102701776
54.96666743,0.098943472
54.98333385,0.100074746
55.00000026,0.100506179
55.01666667,0.099647872
55.0333369,0.099932134
55.05000331,0.100773178
55.06666972,0.100899763
55.08333613,0.099335946
55.10000255,0.098996565
55.11666896,0.099852771
55.13333537,0.101370633
55.15000178,0.100379869
55.1666682,0.099257141
55.18333461,0.097923689
55.20000102,0.099497139
55.21666743,0.09983521
55.23333385,0.099024206
55.25000026,0.098057978
55.26666667,0.099672101
55.2833369,0.100510977
55.30000331,0.098898746
55.31666972,0.099157795
55.33333613,0.100027323
55.35000255,0.100107208
55.36666896,0.098572217
55.38333537,0.100204848
55.40000178,0.099141501
55.4166682,0.098705702
55.43333461,0.098229378
55.45000102,0.097830936
55.46666743,0.10001719
55.48333385,0.098977223
55.50000026,0.0993554
55.51666667,0.101071768
55.5333369,0.09927468
55.55000331,0.097598799
55.56666972,0.101191677
55.58333613,0.098139614
55.60000255,0.100159168
55.61666896,0.10027045
55.63333537,0.09967187
55.65000178,0.097975157
55.6666682,0.100214109
55.68333461,0.099840745
55.70000102,0.099013053
55.71666743,0.098770201
55.73333385,0.098309256
55.75000026,0.10011477
55.76666667,0.09806937
55.7833369,0.097183511
55.80000331,0.100722745
55.81666972,0.100078687
55.83333613,0.098320261
55.85000255,0.099800453
55.86666896,0.099494666
55.88333537,0.100669377
55.90000178,0.098815799
55.9166682,0.0991496
55.93333461,0.100098766
55.95000102,0.101280183
55.96666743,0.100320995
55.98333385,0.098538205
56.00000026,0.097546488
56.01666667,0.098050259
56.0333369,0.09925285
56.05000331,0.099156886
56.06666972,0.100589417
56.08333613,0.096597351
56.10000255,0.098878689
56.11666896,0.099429466
56.13333537,0.096840635
56.15000178,0.097823739
56.1666682,0.097414881
56.18333461,0.097312689
56.20000102,0.098515086
56.21666743,0.096613064
56.23333385,0.096269898
56.25000026,0.0989675
56.26666667,0.097799905
56.2833369,0.099313654
56.30000331,0.097294874
56.31666972,0.098137379
56.33333613,0.097357705
56.35000255,0.097029164
56.36666896,0.099918447
56.38333537,0.099075548
56.40000178,0.098261833
56.4166682,0.096430279
56.43333461,0.096341439
56.45000102,0.096841671
56.46666743,0.097720958
56.48333385,0.10024482
56.50000026,0.097024307
56.51666667,0.097799905
56.5333369,0.096306056
56.55000331,0.099077366
56.56666972,0.095635667
56.58333613,0.097967021
56.60000255,0.098777093
56.61666896,0.097793423
56.63333537,0.097448155
56.65000178,0.098748758
56.6666682,0.097088367
56.68333461,0.098006271
56.70000102,0.096095264
56.71666743,0.096780501
56.73333385,0.09902069
56.75000026,0.095138304
56.76666667,0.099257074
56.7833369,0.098482512
56.80000331,0.096266538
56.81666972,0.097301096
56.83333613,0.096780628
56.85000255,0.096969321
56.86666896,0.098431818
56.88333537,0.098072901
56.90000178,0.097200446
56.9166682,0.096920684
56.93333461,0.098041564
56.95000102,0.097928002
56.96666743,0.097942792
56.98333385,0.096802525
57.00000026,0.096625321
57.01666667,0.096800327
57.0333369,0.096046373
57.05000331,0.095886
57.06666972,0.095967226
57.08333613,0.096986152
57.10000255,0.098178558
57.11666896,0.098599695
57.13333537,0.096327417
57.15000178,0.096951813
57.1666682,0.094824567
57.18333461,0.097117275
57.20000102,0.094329573
57.21666743,0.097087137
57.23333385,0.097306147
57.25000026,0.096667267
57.26666667,0.095471092
57.2833369,0.095437653
57.30000331,0.096797608
57.31666972,0.097903222
57.33333613,0.095650382
57.35000255,0.097407565
57.36666896,0.094850622
57.38333537,0.096788071
57.40000178,0.094856128
57.4166682,0.095854171
57.43333461,0.097312815
57.45000102,0.097696744
57.46666743,0.097087979
57.48333385,0.097671106
57.50000026,0.098560326
57.51666667,0.100086249
57.5333369,0.098087214
57.55000331,0.09584517
57.56666972,0.096342377
57.58333613,0.096033581
57.60000255,0.096706398
57.61666896,0.097497433
57.63333537,0.097397029
57.65000178,0.097675547
57.6666682,0.097507507
57.68333461,0.098303482
57.70000102,0.097981423
57.71666743,0.095359005
57.73333385,0.098595507
57.75000026,0.096554026
57.76666667,0.096952587
57.7833369,0.096186161
57.80000331,0.096429795
57.81666972,0.096678257
57.83333613,0.097903937
57.85000255,0.096571617
57.86666896,0.097316928
57.88333537,0.094987512
57.90000178,0.0980573
57.9166682,0.096910752
57.93333461,0.098180339
57.95000102,0.098534249
57.96666743,0.097529702
57.98333385,0.096454233
58.00000026,0.095296524
58.01666667,0.097652502
58.0333369,0.097002946
58.05000331,0.097481981
58.06666972,0.097761907
58.08333613,0.096649572
58.10000255,0.096751519
58.11666896,0.098548539
58.13333537,0.096903242
58.15000178,0.09809532
58.1666682,0.097697295
58.18333461,0.096993722
58.20000102,0.098286636
58.21666743,0.094543174
58.23333385,0.09662687
58.25000026,0.09625975
58.26666667,0.094914615
58.2833369,0.097029716
58.30000331,0.095785104
58.31666972,0.09855146
58.33333613,0.096729137
58.35000255,0.097253583
58.36666896,0.096561529
58.38333537,0.096333586
58.40000178,0.096719623
58.4166682,0.097538486
58.43333461,0.095253199
58.45000102,0.096226797
58.46666743,0.097093515
58.48333385,0.09579882
58.50000026,0.096530393
58.51666667,0.097807556
58.5333369,0.096631177
58.55000331,0.097549371
58.56666972,0.09758807
58.58333613,0.096295744
58.60000255,0.095051587
58.61666896,0.097530484
58.63333537,0.096871763
58.65000178,0.097006865
58.6666682,0.096493505
58.68333461,0.097827762
58.70000102,0.09572611
58.71666743,0.097583793
58.73333385,0.096554935
58.75000026,0.096393563
58.76666667,0.099291429
58.7833369,0.095951311
58.80000331,0.099665359
58.81666972,0.098516576
58.83333613,0.097302355
58.85000255,0.0971784
58.86666896,0.097871959
58.88333537,0.097812161
58.90000178,0.096023604
58.9166682,0.094937034
58.93333461,0.097670943
58.95000102,0.097423501
58.96666743,0.096556515
58.98333385,0.096678451
59.00000026,0.095795691
59.01666667,0.094488122
59.0333369,0.095530987
59.05000331,0.097161591
59.06666972,0.097493224
59.08333613,0.096403778
59.10000255,0.095669962
59.11666896,0.096287087
59.13333537,0.095813215
59.15000178,0.097179629
59.1666682,0.096885189
59.18333461,0.096620016
59.20000102,0.096186414
59.21666743,0.097210258
59.23333385,0.098165214
59.25000026,0.09673667
59.26666667,0.095898137
59.2833369,0.094705626
59.30000331,0.096405491
59.31666972,0.094935521
59.33333613,0.095204435
59.35000255,0.094454683
59.36666896,0.095825478
59.38333537,0.097139545
59.40000178,0.096190684
59.4166682,0.094553865
59.43333461,0.096455172
59.45000102,0.094239198
59.46666743,0.096398868
59.48333385,0.095984563
59.50000026,0.096979581
59.51666667,0.096081994
59.5333369,0.094239295
59.55000331,0.09576232
59.56666972,0.094385967
59.58333613,0.095162049
59.60000255,0.095509216
59.61666896,0.096606597
59.63333537,0.093241997
59.65000178,0.096785225
59.6666682,0.096092686
59.68333461,0.097126983
59.70000102,0.096872151
59.71666743,0.09610647
59.73333385,0.094832294
59.75000026,0.095803462
59.76666667,0.097057223
59.7833369,0.094900377
59.80000331,0.094576843
59.81666972,0.096178636
59.83333613,0.094722047
59.85000255,0.092498831
59.86666896,0.09551654
59.88333537,0.095422789
59.90000178,0.095973752
59.9166682,0.096495256
59.93333461,0.094044618
59.95000102,0.09579543
59.96666743,0.094823763
59.98333385,0.095694587
60.00000026,0.094597086
60.01666667,0.093892403
60.0333369,0.094782673
60.05000331,0.094890364
60.06666972,0.094652832
60.08333613,0.093586475
60.10000255,0.095201209
60.11666896,0.096310996
60.13333537,0.09546829
60.15000178,0.094882086
60.1666682,0.09444201
60.18333461,0.094072871
60.20000102,0.094908364
60.21666743,0.095644087
60.23333385,0.094757982
60.25000026,0.093807451
60.26666667,0.09648665
60.2833369,0.095078722
60.30000331,0.094712354
60.31666972,0.095135786
60.33333613,0.094918996
60.35000255,0.09632273
60.36666896,0.094785057
60.38333537,0.094352156
60.40000178,0.095992766
60.4166682,0.094030149
60.43333461,0.094081454
60.45000102,0.095806755
60.46666743,0.094581962
60.48333385,0.094668478
60.50000026,0.096645109
60.51666667,0.094051495
60.5333369,0.096030451
60.55000331,0.093806364
60.56666972,0.095458612
60.58333613,0.093534842
60.60000255,0.095232278
60.61666896,0.095178552
60.63333537,0.094447032
60.65000178,0.094200388
60.6666682,0.093774267
60.68333461,0.094511352
60.70000102,0.093187846
60.71666743,0.093412884
60.73333385,0.093716867
60.75000026,0.09293095
60.76666667,0.093256921
60.7833369,0.093940608
60.80000331,0.093591519
60.81666972,0.091329411
60.83333613,0.09288536
60.85000255,0.093392119
60.86666896,0.091267213
60.88333537,0.094042107
60.90000178,0.093733564
60.9166682,0.095527992
60.93333461,0.091682725
60.95000102,0.092126511
60.96666743,0.090247877
60.98333385,0.091370717
61.00000026,0.089605764
61.01666667,0.09398178
61.0333369,0.089096025
61.05000331,0.091651142
61.06666972,0.093059309
61.08333613,0.090066217
61.10000255,0.090658456
61.11666896,0.092594743
61.13333537,0.089527369
61.15000178,0.09163855
61.1666682,0.091597438
61.18333461,0.090419278
61.20000102,0.090915062
61.21666743,0.089626126
61.23333385,0.091266036
61.25000026,0.091757961
61.26666667,0.092071466
61.2833369,0.090930417
61.30000331,0.088885397
61.31666972,0.092421964
61.33333613,0.093016334
61.35000255,0.090292871
61.36666896,0.089331895
61.38333537,0.089693941
61.40000178,0.090354249
61.4166682,0.087479629
61.43333461,0.090612784
61.45000102,0.091733597
61.46666743,0.089922622
61.48333385,0.092936717
61.50000026,0.090080678
61.51666667,0.09170223
61.5333369,0.087206185
61.55000331,0.090471685
61.56666972,0.089772008
61.58333613,0.087880977
61.60000255,0.087988518
61.61666896,0.088547364
61.63333537,0.088230424
61.65000178,0.087734014
61.6666682,0.089059569
61.68333461,0.087985888
61.70000102,0.088149332
61.71666743,0.088407092
61.73333385,0.089105681
61.75000026,0.087179542
61.76666667,0.086567983
61.7833369,0.087017223
61.80000331,0.088049546
61.81666972,0.086111121
61.83333613,0.08718729
61.85000255,0.089264207
61.86666896,0.086638793
61.88333537,0.088494167
61.90000178,0.089289069
61.9166682,0.086851358
61.93333461,0.086443007
61.95000102,0.09027037
61.96666743,0.086716503
61.98333385,0.086792178
62.00000026,0.08941213
62.01666667,0.086869702
62.0333369,0.088217326
62.05000331,0.087828211
62.06666972,0.086666316
62.08333613,0.088510863
62.10000255,0.087864719
62.11666896,0.085286409
62.13333537,0.086567819
62.15000178,0.088766135
62.1666682,0.086291224
62.18333461,0.087572724
62.20000102,0.085929327
62.21666743,0.08774849
62.23333385,0.088065237
62.25000026,0.087202199
62.26666667,0.087549321
62.2833369,0.086196162
62.30000331,0.08907146
62.31666972,0.085948952
62.33333613,0.086042441
62.35000255,0.086788572
62.36666896,0.086670712
62.38333537,0.086890824
62.40000178,0.087856479
62.4166682,0.087019756
62.43333461,0.086687773
62.45000102,0.087172389
62.46666743,0.085774384
62.48333385,0.088759124
62.50000026,0.087469399
62.51666667,0.086333223
62.5333369,0.086107835
62.55000331,0.087605216
62.56666972,0.087590083
62.58333613,0.08653038
62.60000255,0.086395375
62.61666896,0.086146124
62.63333537,0.087238744
62.65000178,0.088223189
62.6666682,0.085458763
62.68333461,0.088202447
62.70000102,0.087884396
62.71666743,0.088679738
62.73333385,0.088663645
62.75000026,0.087293617
62.76666667,0.087182797
62.7833369,0.087325014
62.80000331,0.087892674
62.81666972,0.08862818
62.83333613,0.08760348
62.85000255,0.088292085
62.86666896,0.086673394
62.88333537,0.087931842
62.90000178,0.086482488
62.9166682,0.088644087
62.93333461,0.087778151
62.95000102,0.087775394
62.96666743,0.086570226
62.98333385,0.088609703
63.00000026,0.086541064
63.01666667,0.088510484
63.0333369,0.089648716
63.05000331,0.088614494
63.06666972,0.087447301
63.08333613,0.088910937
63.10000255,0.088050023
63.11666896,0.087492734
63.13333537,0.087554008
63.15000178,0.086881459
63.1666682,0.087388769
63.18333461,0.089155681
63.20000102,0.087414056
63.21666743,0.086359687
63.23333385,0.086799636
63.25000026,0.086567029
63.26666667,0.083675385
63.2833369,0.088757403
63.30000331,0.088053986
63.31666972,0.087489411
63.33333613,0.087656908
63.35000255,0.086517937
63.36666896,0.087919898
63.38333537,0.086524218
63.40000178,0.086556353
63.4166682,0.08687517
63.43333461,0.088317879
63.45000102,0.087745897
63.46666743,0.087435901
63.48333385,0.088180028
63.50000026,0.088331297
63.51666667,0.085848972
63.5333369,0.087381266
63.55000331,0.084188692
63.56666972,0.088437647
63.58333613,0.087883286
63.60000255,0.087029241
63.61666896,0.086644761
63.63333537,0.087584443
63.65000178,0.08714553
63.6666682,0.086471878
63.68333461,0.087578841
63.70000102,0.0852402
63.71666743,0.087393925
63.73333385,0.085888155
63.75000026,0.086316675
63.76666667,0.087839559
63.7833369,0.087074794
63.80000331,0.088040352
63.81666972,0.08549425
63.83333613,0.088800594
63.85000255,0.087035
63.86666896,0.087735251
63.88333537,0.087230138
63.89999797,0.086535282
63.9166682,0.088037752
63.93333079,0.087940559
63.95000102,0.088349409
63.96666362,0.087543778
63.98333385,0.086206101
63.99999644,0.089187525
64.01666667,0.086922571
64.03332927,0.086014457
64.04999949,0.085890837
64.06666209,0.087525412
64.08333232,0.087725401
64.09999492,0.088322759
64.11666514,0.087408267
64.13332774,0.088304266
64.14999797,0.086675733
64.1666682,0.087407947
64.18333079,0.085143439
64.20000102,0.088570818
64.21666362,0.086280897
64.23333385,0.086756304
64.24999644,0.088728257
64.26666667,0.086859457
64.28332927,0.087561861
64.29999949,0.087317072
64.31666209,0.088780016
64.33333232,0.086460695
64.34999492,0.087732494
64.36666514,0.087154388
64.38332774,0.086811431
64.39999797,0.087370247
64.4166682,0.087481752
64.43333079,0.087067544
64.45000102,0.086902834
64.46666362,0.086566277
64.48333385,0.085302852
64.49999644,0.085975327
64.51666667,0.08741343
64.53332927,0.086287811
64.54999949,0.086368114
64.56666209,0.086669259
64.58333232,0.087318495
64.59999492,0.085551023
64.61666514,0.086850606
64.63332774,0.085685991
64.64999797,0.087618239
64.6666682,0.087499954
64.68333079,0.086579137
64.70000102,0.086379863
64.71666362,0.087742127
64.73333385,0.08589872
64.74999644,0.086895846
64.76666667,0.087838985
64.78332927,0.086724505
64.79999949,0.08678437
64.81666209,0.087598629
64.83333232,0.086132959
64.84999492,0.086780071
64.86666514,0.086015403
64.88332774,0.086491808
64.89999797,0.08709763
