Time,Abs,Temp
12,0.994207323,311.475879
14,0.785052359,311.490944
15,0.70080328,311.506553
16,0.600722611,311.506984
17,0.557068467,311.462679
18,0.51677537,311.507544
20,0.463687986,311.494675
21,0.451580405,311.507578
24,0.425442606,311.477492
25,0.420498103,311.486079
26,0.411907733,311.493782
29,0.409811676,311.482808
30,0.412227422,311.487028
32,0.413951188,311.509308
33,0.411788493,311.489099
34,0.408712715,311.506651
37,0.412039876,311.488082
38,0.411098063,311.493838
40,0.403058648,311.500147
41,0.40628168,311.496696
44,0.406514823,311.493325
45,0.401605904,311.476256
48,0.398825437,311.479166
49,0.394391358,311.504152
50,0.39652577,311.509021
52,0.389704108,311.509601
53,0.390643179,311.502103
55,0.391562402,311.520303
56,0.39619571,311.477535
58,0.3904984,311.510313
60,0.389652133,311.48325
61,0.387907714,311.474191
63,0.388867617,311.504434
64,0.390300065,311.515246
66,0.385945648,311.500818
67,0.383367449,311.496028
68,0.38104102,311.49344
69,0.378725082,311.497805
73,0.380145907,311.493285
75,0.374179065,311.494131
76,0.377709419,311.472797
77,0.371533603,311.503346
79,0.370250583,311.475034
80,0.372476935,311.483
82,0.37198782,311.503813
83,0.368751913,311.49159
85,0.368280888,311.49677
86,0.366751611,311.485289
88,0.363588125,311.495584
89,0.368937939,311.469742
90,0.366587371,311.478112
91,0.362014145,311.49945
94,0.360393286,311.445439
95,0.363653392,311.459925
97,0.359217316,311.481703
100,0.357317269,311.485834
102,0.371195823,311.510127
103,0.373678863,311.48716
105,0.373491794,311.487406
107,0.369026512,311.48331
108,0.371414423,311.455597
110,0.373646885,311.470489
111,0.374145865,311.4627
114,0.370928407,311.461966
115,0.369463831,311.46216
116,0.367301613,311.434829
118,0.348874122,311.45531
119,0.359556496,311.434498
122,0.348582417,311.460736
123,0.349127799,311.428635
124,0.350261241,311.45216
125,0.356225908,311.464057
126,0.349318236,311.414999
128,0.344295323,311.424357
129,0.347395837,311.415031
131,0.344171464,311.438726
134,0.338870496,311.43013
135,0.3376908,311.420945
136,0.336346865,311.414954
138,0.33360368,311.404434
139,0.331620514,311.415252
140,0.330013633,311.423549
143,0.33204478,311.400825
144,0.329598934,311.402454
145,0.33182022,311.427375
147,0.33087033,311.383402
150,0.327423245,311.382716
151,0.330043793,311.411542
153,0.327053487,311.369631
156,0.32329002,311.375559
158,0.326735437,311.358659
159,0.322589099,311.378208
161,0.318993419,311.364494
163,0.319442421,311.332415
164,0.314108044,311.327592
165,0.314913362,311.348388
167,0.316877991,311.327435
168,0.313216656,311.348497
170,0.310890704,311.303863
171,0.313649833,311.330108
173,0.308966756,311.316324
174,0.310468912,311.31311
175,0.310010672,311.341416
177,0.310493559,311.317627
179,0.314226329,311.262371
180,0.311094105,311.281347
182,0.313095778,311.296197
184,0.31380558,311.284065
187,0.31209594,311.271051
189,0.308076084,311.249828
192,0.305951417,311.276411
194,0.31300199,311.270325
195,0.305005223,311.250465
197,0.304968357,311.221828
199,0.297701061,311.214854
200,0.302817047,311.223325
202,0.29688865,311.198139
203,0.294867724,311.223958
205,0.297039837,311.185219
207,0.294275761,311.181096
208,0.293150216,311.203484
210,0.28862527,311.175348
213,0.287926316,311.150212
215,0.292330712,311.147364
217,0.28489694,311.153581
218,0.290089607,311.116757
220,0.287015587,311.104859
221,0.285017341,311.126217
223,0.283776194,311.116721
225,0.283679545,311.088173
227,0.281696737,311.083307
228,0.285655499,311.071026
230,0.277532071,311.056751
232,0.277718961,311.037799
234,0.271856517,311.064034
236,0.275685877,311.038437
237,0.277884513,311.043452
238,0.26280877,311.01473
240,0.287534922,311.025965
241,0.290167123,311.023354
242,0.284922332,310.969692
244,0.282783926,311.015034
246,0.284907818,310.967303
247,0.285955727,310.950119
248,0.279770941,310.949522
249,0.268249571,310.967816
251,0.264654309,310.949506
253,0.27549398,310.930405
256,0.281291217,310.903699
257,0.273395985,310.924852
258,0.266682893,310.896867
260,0.266896099,310.882009
261,0.265157431,310.88115
263,0.264391989,310.890849
264,0.261578739,310.873283
265,0.26015982,310.838598
266,0.265013963,310.864311
268,0.262329429,310.852432
270,0.25991711,310.825019
271,0.259249926,310.826032
274,0.250382334,310.836989
275,0.255679488,310.81668
277,0.252866864,310.791978
280,0.25576523,310.771918
281,0.258143395,310.777247
284,0.255257309,310.739297
286,0.253078729,310.739491
287,0.252484828,310.720935
289,0.246121675,310.721541
290,0.252970308,310.718396
292,0.247284487,310.719026
293,0.248245969,310.675612
294,0.247410536,310.683611
295,0.246771619,310.670549
298,0.246691838,310.658936
299,0.244892046,310.647358
300,0.24069719,310.635207
302,0.245712593,310.623953
304,0.244835824,310.586464
305,0.244919807,310.596649
306,0.245206207,310.597353
307,0.241474852,310.613034
309,0.24576588,310.599546
311,0.24681136,310.530227
312,0.242737249,310.569531
313,0.245172381,310.518772
315,0.243610233,310.540471
318,0.243974581,310.522825
320,0.241499454,310.481147
321,0.239639059,310.456909
322,0.240974844,310.492398
323,0.240798309,310.480651
325,0.23629348,310.470758
327,0.238621712,310.444577
328,0.235290721,310.423053
329,0.235813737,310.44615
331,0.237471193,310.41465
333,0.231017754,310.373715
334,0.232395962,310.389743
335,0.229578197,310.350866
336,0.229182005,310.378503
338,0.230659917,310.312568
339,0.225826412,310.325956
341,0.231640726,310.340402
343,0.231346726,310.317891
344,0.230822146,310.338419
345,0.228461132,310.29675
348,0.228508174,310.281184
351,0.224391997,310.278599
352,0.226774707,310.235768
353,0.223000288,310.234378
355,0.224710867,310.238279
356,0.225101203,310.210687
357,0.219629422,310.196557
358,0.222834632,310.180862
359,0.221089512,310.179711
361,0.220615804,310.167213
363,0.215625078,310.13741
364,0.221289441,310.117024
365,0.219426617,310.112893
368,0.22125186,310.096914
369,0.215871185,310.114637
371,0.218369916,310.112746
373,0.22811012,310.067597
374,0.229571343,310.063247
376,0.226971507,310.03844
378,0.230047494,310.026157
380,0.233850539,310.022025
382,0.22063762,309.994474
383,0.226924747,309.981252
385,0.206910953,309.958098
387,0.223113418,309.940544
389,0.212533757,309.927223
390,0.221123457,309.9045
392,0.214060262,309.898398
394,0.217522413,309.876806
397,0.213814557,309.840538
398,0.209894195,309.862695
399,0.211518943,309.846436
401,0.21011515,309.815748
402,0.207785204,309.794557
404,0.206869051,309.808157
407,0.206505969,309.804126
409,0.204290241,309.730391
411,0.209145814,309.756069
413,0.208042115,309.709876
415,0.206304357,309.680212
416,0.20392631,309.711977
418,0.200112909,309.695717
419,0.204550281,309.660954
420,0.202444613,309.631691
421,0.203635171,309.627288
423,0.202740029,309.620147
424,0.200792268,309.60244
425,0.20017992,309.595128
428,0.196327239,309.573858
430,0.200821906,309.546574
431,0.197988898,309.554952
433,0.200984061,309.535218
434,0.197819412,309.514472
435,0.193041608,309.482173
437,0.195741341,309.502011
440,0.198354781,309.454548
442,0.193840906,309.447287
444,0.195839658,309.414575
446,0.193545207,309.417057
447,0.199030295,309.405387
449,0.198338881,309.375203
450,0.196927741,309.384976
452,0.196468905,309.339497
455,0.19869706,309.307839
456,0.198910087,309.32104
457,0.193397045,309.320008
458,0.194185227,309.28608
460,0.195791185,309.265786
461,0.195011854,309.239269
462,0.194026366,309.240525
464,0.19229576,309.219094
466,0.192842722,309.173454
467,0.193296567,309.172403
469,0.191811279,309.173922
471,0.193862379,309.162582
472,0.188683733,309.150375
473,0.188194871,309.127012
474,0.188887596,309.135324
475,0.184487775,309.121763
476,0.184875861,309.111118
478,0.185750336,309.059113
479,0.185486674,309.077375
481,0.187362537,309.0583
483,0.185375154,309.047897
484,0.182967126,308.993416
485,0.184930697,309.02846
487,0.182751685,308.9782
490,0.185957268,308.960542
492,0.180732101,308.931827
494,0.183239222,308.902335
496,0.183354765,308.922123
498,0.179609105,308.854235
500,0.180228859,308.838405
501,0.179538027,308.853139
503,0.181903005,308.818989
505,0.176225424,308.788092
506,0.177339137,308.788769
507,0.173679769,308.781684
510,0.177193865,308.749055
512,0.175308853,308.743075
513,0.174924061,308.727096
515,0.173014537,308.699186
516,0.172503978,308.691612
518,0.174317211,308.643443
519,0.172028065,308.66021
520,0.17534931,308.618033
523,0.175496012,308.607889
525,0.176603541,308.59813
526,0.169343442,308.576428
527,0.169839487,308.555354
529,0.184010819,308.552029
530,0.185829744,308.541665
532,0.18201609,308.505343
533,0.182213485,308.514295
535,0.183053017,308.462222
538,0.185816795,308.450993
539,0.185464099,308.447979
540,0.180294246,308.432088
542,0.170455948,308.417571
543,0.168095902,308.416104
545,0.165584207,308.361753
546,0.168606862,308.37237
548,0.17878823,308.335607
549,0.178983912,308.355179
551,0.164770335,308.300987
552,0.172930956,308.288032
553,0.166449592,308.304806
555,0.169708684,308.239004
556,0.167568222,308.247727
557,0.171071395,308.232809
558,0.170785129,308.226082
559,0.169857293,308.19946
560,0.170464501,308.233014
562,0.164762124,308.186654
565,0.168957412,308.171677
566,0.164655939,308.104549
567,0.163041428,308.113825
569,0.165216729,308.110185
571,0.166351885,308.063408
572,0.166603416,308.064931
575,0.162402183,308.081211
577,0.164157346,308.011372
578,0.159278899,307.996066
580,0.167748153,307.989287
582,0.163716719,307.949352
583,0.161961749,307.914773
585,0.159994558,307.91944
587,0.159796596,307.88257
589,0.16113545,307.897352
590,0.158205152,307.859294
591,0.162007794,307.842876
592,0.161676258,307.861618
593,0.160897419,307.830392
595,0.161090136,307.814095
596,0.161572412,307.817503
598,0.158205673,307.750527
599,0.155450612,307.769298
600,0.156407729,307.776984
602,0.157862261,307.707921
603,0.158983782,307.693354
605,0.15347828,307.706672
608,0.158616737,307.646182
610,0.156644926,307.643818
611,0.1542193,307.621302
614,0.15478003,307.593739
616,0.152170837,307.559937
619,0.15675205,307.492388
620,0.155742779,307.519347
623,0.155281991,307.51411
624,0.159128159,307.44399
625,0.155459613,307.437785
627,0.157059923,307.399955
628,0.155656457,307.389947
630,0.154052004,307.389278
631,0.157917857,307.387128
632,0.1532612,307.378572
634,0.154422715,307.353268
635,0.157189429,307.317098
637,0.155230954,307.306805
638,0.154446796,307.289641
640,0.155114844,307.270178
643,0.157370135,307.238803
644,0.155381054,307.195804
647,0.151485547,307.203921
649,0.151665628,307.139741
651,0.152148172,307.117104
652,0.15189679,307.129347
653,0.149386779,307.124493
655,0.149785101,307.110661
656,0.149682641,307.052562
657,0.148415655,307.047965
659,0.149330184,307.042626
660,0.14753817,307.017153
661,0.148087427,307.011348
663,0.144942224,307.005763
665,0.145424619,306.982035
666,0.144632071,306.953076
667,0.144461051,306.953536
670,0.145674393,306.930172
672,0.14182736,306.878201
674,0.141242474,306.861848
677,0.140971825,306.825358
678,0.146042511,306.814498
680,0.143648878,306.75331
681,0.140241638,306.753677
682,0.141738772,306.76317
683,0.141588345,306.769008
684,0.142475754,306.748095
686,0.142395303,306.717406
687,0.142490387,306.69608
689,0.142530173,306.631632
691,0.143547967,306.658615
692,0.146059215,306.655057
694,0.142599002,306.612277
695,0.141355723,306.597271
696,0.138710558,306.569205
697,0.142247766,306.579768
698,0.142480567,306.553737
700,0.141305685,306.529164
701,0.139917672,306.522992
703,0.13854675,306.486207
706,0.141330734,306.458968
709,0.138583005,306.399588
711,0.135495931,306.401023
712,0.136019915,306.395162
714,0.137181804,306.370753
716,0.137345076,306.357821
717,0.137260273,306.305028
718,0.136150613,306.33195
720,0.137093529,306.321877
722,0.134517133,306.263831
723,0.137574136,306.252179
724,0.138224855,306.216873
726,0.141354501,306.208614
728,0.140777439,306.171831
730,0.14369598,306.145035
731,0.142581284,306.140601
733,0.146545649,306.099477
734,0.146514446,306.099477
735,0.146536395,306.091947
736,0.143893078,306.097817
738,0.146827549,306.044787
740,0.131351173,306.002728
741,0.130698383,306.00976
743,0.13254492,306.0273
744,0.142709836,306.005386
746,0.145858124,305.95855
747,0.140094757,305.968691
749,0.134534165,305.924886
750,0.138024405,305.918411
753,0.137332603,305.888185
756,0.136656597,305.835495
757,0.136559874,305.833755
759,0.137410492,305.822535
761,0.134877712,305.756589
762,0.134574547,305.761782
764,0.130206138,305.751967
767,0.136190385,305.703313
768,0.135405332,305.691033
770,0.130542606,305.65405
771,0.132248387,305.63617
772,0.129919142,305.646852
774,0.133361697,305.600296
775,0.13390401,305.609713
776,0.132084966,305.587054
777,0.132329136,305.584964
778,0.131428838,305.566847
779,0.129283741,305.523603
781,0.12620984,305.548649
783,0.129517585,305.480317
784,0.130980939,305.484547
786,0.131089345,305.453944
787,0.129402414,305.459896
788,0.126177505,305.414823
791,0.130871937,305.420805
792,0.13041909,305.380807
793,0.128442437,305.393359
794,0.129888862,305.345124
795,0.126290426,305.316118
798,0.125791907,305.352233
800,0.125434473,305.275022
802,0.124834649,305.277876
803,0.126686409,305.250557
804,0.129085109,305.232711
806,0.130588085,305.229881
807,0.125114515,305.21818
809,0.128340736,305.183579
810,0.129565686,305.201433
811,0.129320025,305.17587
812,0.129978359,305.158526
814,0.128483117,305.136701
815,0.127042934,305.1181
816,0.125474528,305.095098
818,0.125329554,305.026408
819,0.124499694,305.095984
821,0.1281683,305.023139
823,0.122510873,305.012867
824,0.121224187,305.018701
825,0.122765653,304.998612
827,0.126798704,304.975685
829,0.122739658,304.951975
830,0.121706903,304.91461
833,0.121009231,304.885338
835,0.122296862,304.879588
836,0.123224743,304.821629
837,0.118411005,304.826518
838,0.122796737,304.8421
840,0.11822068,304.812067
843,0.127540425,304.787308
845,0.130294338,304.720544
846,0.124469727,304.731413
847,0.128994063,304.706256
848,0.12532571,304.717489
850,0.128511682,304.67938
851,0.124596968,304.675346
852,0.132257104,304.678702
855,0.126744881,304.630962
857,0.126455128,304.586939
859,0.128349409,304.582737
861,0.123136088,304.537662
862,0.124908403,304.525402
863,0.129007161,304.522494
864,0.127094343,304.519722
866,0.124761745,304.49655
868,0.127321214,304.443759
869,0.12610957,304.440936
871,0.123174347,304.438268
872,0.123959005,304.398744
874,0.124810047,304.383011
875,0.124120474,304.365059
878,0.12465553,304.31335
879,0.123588592,304.325763
880,0.12728405,304.324937
882,0.12511228,304.285065
883,0.121666856,304.255213
884,0.121408366,304.24797
886,0.121276379,304.2088
887,0.122695118,304.204904
888,0.121263064,304.173807
891,0.121389642,304.160385
893,0.119179189,304.150903
895,0.123656064,304.123502
896,0.118087411,304.100774
897,0.119655438,304.077114
898,0.118410796,304.10969
900,0.119756311,304.062838
902,0.117791429,304.02633
903,0.118899174,304.025269
904,0.119306967,304.00353
907,0.117726617,304.00055
908,0.11608848,303.966123
911,0.117504329,303.917733
912,0.118099473,303.871763
914,0.119093746,303.909461
916,0.117907994,303.858746
917,0.118312076,303.823759
919,0.12166024,303.832285
921,0.1184448,303.783901
922,0.119004667,303.78242
924,0.118376292,303.764187
925,0.115132541,303.738684
927,0.115771145,303.726953
928,0.118032411,303.724126
930,0.116317391,303.686642
931,0.118777067,303.658753
932,0.116969056,303.652544
934,0.115257517,303.64249
936,0.117847554,303.641694
939,0.116380736,303.589852
940,0.116838135,303.588155
941,0.117179953,303.546148
942,0.11790783,303.559698
943,0.115634367,303.539943
945,0.114774227,303.5409
946,0.115001261,303.498352
947,0.115879498,303.490684
949,0.113315553,303.476644
953,0.113992818,303.413559
955,0.11313118,303.402549
956,0.113820233,303.393898
958,0.111610726,303.340053
959,0.11582569,303.360044
960,0.112604894,303.309247
961,0.115798414,303.280749
963,0.115688019,303.296654
964,0.112757459,303.272299
967,0.113021255,303.252725
968,0.110547796,303.224885
969,0.109349459,303.236572
972,0.121703334,303.206148
974,0.112055622,303.145697
976,0.113644622,303.130782
978,0.121082261,303.131814
980,0.120445341,303.087648
981,0.120229818,303.0837
982,0.121613421,303.077045
983,0.121226102,303.035729
986,0.123339929,303.023493
988,0.118766889,303.003179
990,0.122560881,302.990695
992,0.113971278,302.941417
994,0.120590642,302.948822
995,0.118262656,302.889754
996,0.122792542,302.925451
998,0.118286751,302.894959
1000,0.115826301,302.840039
1003,0.114987031,302.829727
1004,0.110986896,302.823408
1005,0.109636545,302.810573
1006,0.118609168,302.785657
1009,0.12058726,302.770997
1011,0.112684242,302.741669
1012,0.112460591,302.708327
1013,0.111707464,302.691809
1017,0.110857695,302.666701
1021,0.114636347,302.624694
1024,0.110740699,302.588158
1025,0.112651929,302.600294
1028,0.11043863,302.560917
1031,0.110226743,302.504128
1032,0.11205525,302.49371
1033,0.108263753,302.490827
1034,0.114805989,302.476616
1035,0.108090602,302.433881
1037,0.10981261,302.42632
1038,0.109318629,302.476802
1040,0.107134566,302.394521
1041,0.112248957,302.391743
1042,0.106935471,302.398778
1043,0.105507441,302.398222
1044,0.107236445,302.369496
1046,0.109774277,302.31987
1048,0.108774692,302.332941
1049,0.104881831,302.313329
1050,0.109057874,302.30251
1052,0.108537823,302.317884
1053,0.108902238,302.281486
1055,0.108171858,302.254883
1056,0.107619003,302.240937
1058,0.106189184,302.22428
1059,0.108825073,302.23286
1061,0.111514837,302.171556
1062,0.10751053,302.152543
1063,0.10858994,302.168337
1064,0.111592278,302.14925
1066,0.105175242,302.129878
1067,0.108285636,302.11025
1069,0.107278295,302.10814
1071,0.106402315,302.049136
1072,0.106116369,302.044176
1074,0.107200727,302.038343
1075,0.10956955,302.01925
1079,0.107726969,301.976804
1081,0.107009128,301.946585
1082,0.106863625,301.949627
1083,0.102240309,301.957573
1085,0.107710481,301.926307
1086,0.103886649,301.934236
1087,0.103578396,301.896897
1089,0.107916966,301.872968
1090,0.105711222,301.901878
1092,0.108247705,301.862122
1093,0.10460607,301.846331
1094,0.104848512,301.844739
1095,0.102941319,301.815002
1096,0.103945151,301.836407
1098,0.11019548,301.774222
1099,0.106424473,301.795331
1101,0.107043006,301.777612
1102,0.105085909,301.759272
1105,0.102919564,301.709942
1107,0.101833038,301.681629
1108,0.107243173,301.674731
1109,0.106825285,301.660446
1112,0.104785241,301.644872
1114,0.105362669,301.623373
1116,0.107888259,301.590548
1119,0.106060416,301.563981
1120,0.106405392,301.565897
1122,0.103887603,301.545745
1123,0.105272442,301.492035
1124,0.110396333,301.493139
1125,0.106889248,301.512425
1127,0.109796383,301.484875
1129,0.104748376,301.462711
1130,0.104421102,301.46986
1132,0.109279938,301.411863
1133,0.106122315,301.41957
1135,0.109932162,301.41412
1137,0.107339412,301.392325
1139,0.1043109,301.369177
1140,0.105264098,301.355838
1141,0.105417542,301.323578
1143,0.106114417,301.34046
1146,0.109032713,301.277163
1148,0.107062385,301.250381
1149,0.10693723,301.273257
1151,0.102258392,301.27946
1154,0.107508346,301.235986
1156,0.105036028,301.193339
1157,0.102210306,301.182546
1159,0.110259377,301.189265
1161,0.106220983,301.131035
1163,0.105090231,301.124211
1166,0.102158919,301.088461
1167,0.102253936,301.081611
1168,0.101584286,301.0824
1169,0.104031317,301.071529
1170,0.103785351,301.066608
1172,0.102375455,301.062743
1174,0.101729892,301.023115
1175,0.100899279,300.968615
1176,0.103142589,300.964624
1177,0.102362052,300.947532
1179,0.102792911,300.990846
1182,0.102351107,300.924145
1184,0.104988292,300.919162
1185,0.104397439,300.895861
1186,0.100657068,300.892037
1188,0.102707185,300.875631
1190,0.100550488,300.884825
1192,0.099891536,300.822201
1193,0.100207061,300.818476
1194,0.102959268,300.851299
1195,0.100929581,300.81829
1198,0.102901422,300.791098
1199,0.098421007,300.758085
1202,0.100120999,300.759738
1203,0.096936025,300.708268
1204,0.100025825,300.711802
1205,0.101535,300.720608
1208,0.09965194,300.678897
1209,0.09990786,300.652155
1211,0.097640507,300.64956
1212,0.10239213,300.673172
1214,0.101063862,300.636624
1217,0.102668621,300.633867
1218,0.098414153,300.607956
1219,0.098978877,300.5627
1220,0.10081549,300.565496
1223,0.103221804,300.581491
1225,0.102481797,300.519026
1226,0.09910433,300.514168
1227,0.100297973,300.53168
1229,0.102525421,300.517219
1232,0.099608116,300.465599
1233,0.104142904,300.452317
1236,0.106094189,300.43548
1238,0.102081306,300.426508
1239,0.099610366,300.424278
1240,0.100301333,300.375227
1242,0.099982254,300.384989
1246,0.098444253,300.327384
1247,0.103888556,300.350838
1249,0.102179386,300.330337
1252,0.101641566,300.264793
1253,0.101909854,300.276397
1254,0.099208966,300.253096
1255,0.101332054,300.258565
1256,0.10383457,300.220245
1258,0.103022859,300.222266
1259,0.103125848,300.226736
1261,0.105298273,300.197688
1263,0.105105333,300.180202
1264,0.102357037,300.170051
1265,0.101474762,300.181932
1268,0.105296522,300.163096
1269,0.104232669,300.111288
1270,0.10305886,300.1043
1271,0.105584048,300.09628
1272,0.102783397,300.08502
1274,0.103920944,300.078324
1275,0.105949856,300.066448
1276,0.106056221,300.036974
1278,0.104979359,300.029568
1279,0.100777552,300.045358
1280,0.104281768,300.017791
1282,0.105975002,300.02322
1284,0.110703886,299.976535
1286,0.106076345,299.943947
1287,0.112266354,299.981413
1291,0.109253772,299.930582
1293,0.111586221,299.941742
1294,0.108494952,299.884169
1295,0.112480916,299.872847
1296,0.112962894,299.864798
1298,0.112115197,299.84771
1299,0.110031165,299.841011
1300,0.108427629,299.826155
1302,0.113661066,299.834834
1303,0.112925023,299.811604
1304,0.109900989,299.801513
1305,0.109648943,299.809179
1307,0.110220298,299.771271
1308,0.1104175,299.75528
1310,0.1102181,299.746253
1311,0.112590604,299.729969
1312,0.098699011,299.747169
1313,0.110757537,299.729827
1314,0.108214431,299.705124
1315,0.102948435,299.706623
1316,0.110339828,299.67732
1318,0.099225096,299.675018
1321,0.108047545,299.658863
1323,0.10696236,299.64961
1324,0.101144068,299.658211
1326,0.112236954,299.610632
1328,0.10670957,299.593092
1331,0.100630865,299.579519
1333,0.105565071,299.556992
1334,0.104397893,299.527462
1335,0.102218591,299.580634
1336,0.104944125,299.550121
1337,0.103879251,299.536956
1338,0.098365128,299.484539
1339,0.101437978,299.492359
1341,0.102980033,299.497844
1343,0.098613694,299.464257
1344,0.100322336,299.461655
1347,0.101399206,299.427973
1349,0.102361329,299.424344
1352,0.101218447,299.444039
1353,0.100009009,299.402317
1354,0.100343764,299.365004
1355,0.102862023,299.359575
1356,0.099048004,299.358099
1358,0.097426057,299.340949
1359,0.096592143,299.329173
1360,0.097196236,299.343017
1361,0.099178158,299.317952
1364,0.097866572,299.297157
1365,0.102289185,299.272606
1368,0.097531646,299.275341
1370,0.097213887,299.23604
1373,0.098379418,299.222867
1374,0.096911818,299.20512
1375,0.099674806,299.224133
1376,0.09753035,299.203776
1378,0.09568461,299.195348
1379,0.096821517,299.18879
1380,0.096619919,299.182766
1383,0.093930744,299.144192
1384,0.100872405,299.141888
1386,0.096242465,299.132917
1389,0.096193008,299.088599
1391,0.098613307,299.086869
1392,0.100559034,299.071747
1393,0.100680538,299.051551
1394,0.093040772,299.055122
1396,0.098374121,299.03843
1397,0.099924058,299.011422
1398,0.097392723,299.048369
1399,0.09668418,299.012856
1401,0.099734791,299.013406
1402,0.096831739,299.001111
1404,0.09667176,298.952113
1406,0.096473143,298.959817
1409,0.097659826,298.914431
1411,0.097267769,298.895203
1412,0.097017996,298.889693
1415,0.097145341,298.88247
1416,0.10192062,298.85152
1419,0.096631981,298.821971
1420,0.093445115,298.845289
1421,0.094332539,298.849422
1423,0.098796494,298.83643
1425,0.100565955,298.797653
1426,0.095302165,298.769353
1427,0.095333569,298.805317
1428,0.096034065,298.786863
1429,0.095335051,298.774019
1431,0.100322627,298.77634
1433,0.09459573,298.749817
1435,0.095315963,298.713178
1438,0.095538601,298.70627
1439,0.098148502,298.712033
1441,0.093195893,298.708399
1443,0.096457042,298.654644
1444,0.095239408,298.661485
1446,0.094011895,298.654233
1447,0.095368102,298.615074
1450,0.093683399,298.6089
1451,0.096570805,298.615799
1454,0.094281495,298.588382
1455,0.091938183,298.583236
1457,0.094352193,298.560077
1459,0.093741082,298.520685
1460,0.097515255,298.537067
1461,0.094676107,298.519706
1462,0.098514333,298.500998
1464,0.09524224,298.514324
1466,0.098066613,298.489566
1468,0.090157226,298.464748
1469,0.092392728,298.449189
1470,0.091996185,298.451546
1472,0.095743179,298.477665
1474,0.089255109,298.411056
1475,0.092973627,298.435298
1476,0.095909663,298.413628
1477,0.097970687,298.388239
1479,0.09692502,298.38929
1480,0.09490563,298.368865
1482,0.096020281,298.377697
1485,0.093794957,298.368812
1486,0.096147202,298.350509
1488,0.093752295,298.322173
1490,0.096376888,298.306098
1492,0.096788585,298.284766
1493,0.098085918,298.292163
1495,0.095880575,298.258366
1496,0.101295508,298.239866
1497,0.091079295,298.257412
1498,0.093879782,298.209442
1499,0.097546197,298.237715
1501,0.095345043,298.208796
1502,0.093601152,298.211438
1503,0.095674254,298.190494
1504,0.094104894,298.20479
1506,0.09310858,298.196353
1508,0.09739846,298.176496
1509,0.095808111,298.182214
1510,0.097192578,298.142322
1512,0.09503445,298.12069
1515,0.093448356,298.140222
1517,0.093601018,298.132269
1518,0.093279764,298.117818
1519,0.096302629,298.109957
1520,0.091288649,298.104981
1521,0.093155026,298.09534
1523,0.094793074,298.054587
1524,0.097148448,298.070099
1527,0.094449669,298.064437
1528,0.093879171,298.056015
1531,0.093985796,298.03089
1533,0.09711054,297.998504
1534,0.093595721,297.989512
1536,0.095581278,297.977366
1538,0.096876845,297.951811
1539,0.09524563,297.920408
1541,0.094148234,297.937555
1543,0.092643254,297.921417
1545,0.093792871,297.931363
1548,0.094514117,297.873562
1551,0.094230488,297.859764
1552,0.091513127,297.862182
1554,0.093197212,297.856918
1556,0.089780092,297.829708
1558,0.092298463,297.808605
1559,0.091477014,297.799459
1562,0.090587497,297.7816
1564,0.090763375,297.791992
1565,0.090263486,297.771424
1566,0.090251572,297.757892
1568,0.092734352,297.751707
1569,0.091917455,297.742392
1571,0.09390147,297.734182
1574,0.09076637,297.686443
1575,0.09011209,297.690945
1576,0.090383254,297.701524
1578,0.090864867,297.645437
1580,0.087990709,297.646658
1581,0.091598272,297.679576
1584,0.094840154,297.62383
1585,0.087237164,297.640269
1586,0.090019941,297.604794
1588,0.089902595,297.588252
1590,0.089388758,297.592804
1591,0.090354159,297.625651
1592,0.09465567,297.545638
1594,0.093704082,297.588064
1596,0.088922568,297.545109
1597,0.091167733,297.561208
1598,0.091050908,297.540118
1599,0.089380361,297.534299
1600,0.087989658,297.520334
1602,0.091327079,297.523212
1604,0.085079327,297.487117
1605,0.09023153,297.500153
1608,0.090130627,297.473911
1610,0.088170767,297.485523
1611,0.088195659,297.445054
1614,0.091661692,297.427182
1615,0.087774061,297.437449
1618,0.087461039,297.417056
1619,0.088539772,297.394109
1621,0.08825729,297.406311
1622,0.089322679,297.376203
1623,0.092253581,297.366864
1624,0.09131372,297.410597
1625,0.087461613,297.352399
1627,0.087140054,297.371863
1628,0.089349389,297.308031
1630,0.089108735,297.345814
1631,0.087832585,297.331675
1634,0.086488269,297.291795
1636,0.087379016,297.291929
1637,0.09048903,297.29826
1638,0.089141756,297.272385
1639,0.092401922,297.250839
1640,0.088426158,297.252748
1642,0.088856079,297.237719
1645,0.086186402,297.241362
1646,0.089219287,297.223786
1647,0.089797221,297.211319
1648,0.085868031,297.227404
1650,0.082870439,297.203828
1652,0.086618222,297.205713
1653,0.086049169,297.181499
1656,0.087188244,297.179412
1658,0.089995101,297.16485
1660,0.08528918,297.161447
1663,0.086535342,297.099179
1664,0.085233204,297.130309
1665,0.08882238,297.098575
1667,0.088555329,297.097812
1668,0.084289417,297.083247
1671,0.087965794,297.068958
1672,0.088090062,297.083346
1673,0.084324397,297.052028
1674,0.087444358,297.037135
1675,0.083801702,297.041016
1677,0.087914698,297.03493
1680,0.089830711,297.00013
1682,0.084442355,296.97262
1683,0.086049892,296.974263
1685,0.088292912,296.95324
1687,0.085435919,296.982644
1688,0.086590417,296.941093
1689,0.084027238,296.953976
1691,0.085840493,296.948007
1693,0.084912665,296.934846
1696,0.085073285,296.909235
1697,0.084308714,296.893625
1699,0.085332282,296.879867
1700,0.084471345,296.875499
1702,0.083202206,296.896383
1704,0.083619893,296.853448
1705,0.089038059,296.870082
1706,0.083698452,296.830969
1707,0.08430133,296.850396
1710,0.083013602,296.830734
1713,0.090129577,296.776405
1714,0.094001576,296.811506
1715,0.089315109,296.811925
1718,0.093468226,296.76614
1720,0.090985216,296.781276
1721,0.090379812,296.76811
1723,0.091088936,296.733341
1724,0.0924972,296.753141
1725,0.094607867,296.717381
1728,0.094680838,296.726464
1729,0.089671791,296.697873
1730,0.089832425,296.713691
1731,0.089977168,296.712038
1734,0.09374465,296.678783
1736,0.090439074,296.671225
1737,0.092012949,296.668013
1738,0.095733143,296.644711
1739,0.088985026,296.654156
1741,0.08991307,296.638713
1742,0.092377678,296.63889
1743,0.0948864,296.600252
1744,0.093262628,296.644316
1747,0.090181507,296.604748
1748,0.086237676,296.589447
1749,0.083661854,296.596149
1750,0.082031503,296.602365
1751,0.083257928,296.567383
1752,0.083198443,296.566426
1755,0.091103524,296.57942
1756,0.094140545,296.544117
1757,0.091009319,296.523746
1759,0.082164288,296.531935
1760,0.093395524,296.499188
1762,0.0829551,296.494925
1764,0.08449515,296.499976
1765,0.083690979,296.483832
1768,0.090708725,296.463299
1769,0.082139485,296.482867
1770,0.085000083,296.469408
1773,0.092726022,296.474005
1774,0.094201416,296.435472
1777,0.081848435,296.431578
1779,0.092180982,296.396038
1781,0.089295872,296.387292
1782,0.082472347,296.403892
1784,0.09016379,296.380947
1785,0.088118315,296.374099
1787,0.084339552,296.365924
1788,0.087459177,296.356792
1789,0.087524116,296.368953
1790,0.091234639,296.336866
1792,0.08184287,296.35273
1794,0.086011015,296.289608
1795,0.085709199,296.339619
1797,0.085993662,296.310476
1799,0.088499881,296.316687
1801,0.086754121,296.297834
1804,0.089304201,296.287643
1806,0.083416648,296.283354
1809,0.084247269,296.22715
1811,0.088448375,296.226218
1812,0.086882256,296.246836
1813,0.08854463,296.233026
1814,0.083907329,296.235855
1815,0.083677642,296.220617
1818,0.085816108,296.201374
1820,0.086679146,296.155623
1821,0.081764214,296.176068
1823,0.082704499,296.151257
1825,0.082135789,296.168369
1826,0.083545275,296.125453
1827,0.081965528,296.137267
1829,0.085156955,296.141726
1831,0.083984114,296.13882
1834,0.081381932,296.099823
1835,0.082929783,296.116484
1838,0.081662603,296.107129
1839,0.079492092,296.066676
1841,0.081406251,296.070245
1845,0.077721566,296.021273
1847,0.084322922,296.027421
1848,0.079737924,296.062947
1849,0.07942035,296.027354
1850,0.085677095,295.988591
1852,0.081362106,296.001392
1853,0.080205686,296.010144
1855,0.081918359,295.996705
1857,0.081442602,295.962098
1858,0.080399804,295.991564
1860,0.080376536,295.962778
1863,0.082473509,295.925799
1864,0.082841374,295.956083
1866,0.081601627,295.927026
1867,0.083063811,295.943298
1868,0.082343943,295.943298
1870,0.083636023,295.934981
1871,0.079626121,295.889851
1874,0.084039487,295.900109
1875,0.081545874,295.912223
1876,0.081483133,295.87677
1878,0.083263598,295.889036
1879,0.079189986,295.851001
1881,0.081669919,295.83402
1883,0.083480515,295.821274
1884,0.082372174,295.829332
1885,0.080198929,295.829231
1887,0.078689374,295.776586
1888,0.082826212,295.821862
1889,0.079796895,295.791821
1891,0.080539256,295.797401
1892,0.083771273,295.780141
1893,0.083083056,295.756174
1895,0.079990305,295.795368
1896,0.080829702,295.779595
1897,0.08397001,295.759334
1899,0.084133327,295.773704
1902,0.079185419,295.751048
1903,0.081526257,295.705547
1904,0.080327354,295.742089
1906,0.080621086,295.705186
1909,0.084519237,295.682459
1912,0.082372047,295.693385
1914,0.081305325,295.684602
1915,0.080273815,295.680198
1917,0.08344987,295.658848
1919,0.08002124,295.666809
1922,0.082186207,295.621476
1923,0.082877807,295.661572
1925,0.081372939,295.623872
1927,0.079675004,295.594845
1928,0.078360163,295.629975
1929,0.080058873,295.582857
1932,0.086314306,295.584
1933,0.081867412,295.571247
1934,0.080563091,295.564807
1937,0.077642046,295.565312
1938,0.083109856,295.577578
1939,0.076944418,295.548892
1940,0.076107986,295.554769
1942,0.078638427,295.53153
1946,0.07704521,295.49271
1947,0.079453208,295.506324
1948,0.082394637,295.495796
1950,0.078780852,295.488784
1951,0.080634773,295.538232
1952,0.078588389,295.478458
1953,0.077846818,295.472807
1954,0.077831209,295.473976
1956,0.077399097,295.466795
1958,0.079357453,295.500783
1960,0.083257988,295.464685
1961,0.081801184,295.438044
1963,0.080206119,295.420721
1964,0.079461724,295.469184
1966,0.07822302,295.418955
1967,0.075699709,295.355843
1969,0.079540744,295.414674
1972,0.075010307,295.39317
1975,0.07658726,295.378603
1976,0.076985277,295.38037
1977,0.080173239,295.38804
1978,0.078228787,295.344876
1980,0.080269299,295.318961
1982,0.075820126,295.329097
1983,0.07798963,295.323756
1985,0.078602873,295.331343
1987,0.082091168,295.306958
1990,0.077098317,295.276448
1991,0.079794317,295.285954
1992,0.080414973,295.318037
1996,0.078214966,295.255224
1997,0.079040535,295.270551
1999,0.082255125,295.256898
2000,0.082720347,295.251001
2002,0.078332633,295.250412
2003,0.080667183,295.252549
2006,0.079535834,295.223853
2007,0.08047843,295.211847
2009,0.080226019,295.23097
2010,0.085650168,295.224392
2012,0.082296483,295.190914
2013,0.0782184,295.180725
2014,0.078916155,295.189013
2016,0.084806792,295.177671
2017,0.081691876,295.181213
2019,0.082022436,295.175568
2021,0.082104646,295.188475
2022,0.081519201,295.13347
2023,0.080541275,295.126335
2024,0.078897774,295.131417
2027,0.080843143,295.121934
2028,0.08534766,295.132747
2030,0.079645865,295.090915
2031,0.082149647,295.090301
2033,0.077769652,295.094854
2034,0.078217439,295.08776
2036,0.079719633,295.070432
2037,0.080237478,295.086161
2039,0.080077641,295.030328
2040,0.078459173,295.061966
2042,0.081181444,295.066932
2043,0.079024136,295.05238
2045,0.078223579,295.045933
2047,0.082834199,295.017586
2048,0.081378467,295.039327
2051,0.083543614,295.005214
2054,0.080606781,294.978102
2056,0.082084939,294.974962
2057,0.076796822,294.977791
2059,0.081004135,294.969365
2061,0.078945056,294.966226
2064,0.0814564,294.956066
2066,0.080500178,294.956866
2067,0.07803455,294.92097
2069,0.079206266,294.934112
2070,0.079236738,294.912274
2072,0.080482237,294.928354
2073,0.077524528,294.906103
2074,0.079733908,294.863434
2076,0.077526197,294.904041
2077,0.080064066,294.901634
2079,0.077127963,294.87087
2080,0.082162187,294.872284
2082,0.080071971,294.864707
2083,0.078906216,294.872992
2085,0.078335978,294.865045
2088,0.080861919,294.844374
2090,0.07776086,294.822894
2092,0.077127345,294.809927
2093,0.080413319,294.790811
2094,0.076968834,294.798138
2096,0.077559374,294.807426
2097,0.076216295,294.787553
2098,0.077794202,294.785667
2099,0.079190575,294.787806
2102,0.081266806,294.807083
2103,0.076072179,294.773432
2104,0.076083958,294.789121
2107,0.07797616,294.740083
2109,0.07744436,294.749499
2112,0.074809633,294.726676
2115,0.074974127,294.724504
2117,0.076021321,294.713463
2118,0.079953924,294.707391
2119,0.077791356,294.696871
2122,0.077307597,294.71103
2124,0.079054877,294.658665
2125,0.077717021,294.675865
2128,0.077456579,294.705818
2130,0.075753242,294.636689
2132,0.076763831,294.634162
2134,0.078044437,294.638889
2135,0.078330092,294.619994
2136,0.076259121,294.641753
2137,0.073890843,294.633119
2138,0.076353021,294.629076
2140,0.077072039,294.628015
2141,0.075438879,294.633356
2142,0.077771388,294.601682
2144,0.07709337,294.624975
2147,0.075390838,294.572129
2149,0.07617341,294.579864
2154,0.073484339,294.568137
2156,0.073704585,294.52136
2157,0.07123217,294.577018
2160,0.074963331,294.556993
2161,0.075087383,294.499773
2162,0.076215953,294.496479
2163,0.073408008,294.459899
2164,0.073480077,294.498376
2166,0.072731443,294.515102
2167,0.072078846,294.472136
2168,0.072489604,294.467569
2171,0.075091109,294.483049
2173,0.071295522,294.460163
2175,0.075711146,294.46683
2176,0.073876731,294.458133
2178,0.073361814,294.418053
2179,0.072852224,294.456532
2180,0.073489644,294.428428
2181,0.074354187,294.42992
2183,0.070420474,294.449455
2184,0.078552,294.42494
2186,0.072783686,294.446709
2187,0.075243212,294.404462
2190,0.07532239,294.370092
2191,0.072643399,294.378394
2192,0.072945789,294.395597
2193,0.076704673,294.373195
2196,0.075433888,294.347985
2197,0.075127542,294.333884
2199,0.074668258,294.34303
2200,0.074954592,294.352698
2202,0.075571477,294.343165
2203,0.078382149,294.323248
2204,0.076801114,294.335647
2205,0.074889287,294.31975
2206,0.072777905,294.341945
2208,0.077268012,294.307098
2209,0.078279033,294.31825
2210,0.077920586,294.321488
2211,0.074918881,294.324953
2213,0.074951701,294.304091
2216,0.076201305,294.312555
2217,0.07420215,294.281652
2219,0.073572278,294.275768
2221,0.074656427,294.284325
2222,0.075410113,294.248521
2224,0.075632602,294.274994
2227,0.078302376,294.257535
2228,0.076274298,294.251204
2229,0.073097296,294.248406
2230,0.073809743,294.240734
2231,0.075638175,294.258304
2233,0.074315637,294.229066
2234,0.075282581,294.268303
2235,0.073432654,294.239016
2237,0.076754838,294.202593
2238,0.076593161,294.194997
2239,0.074387215,294.232095
2240,0.074755579,294.218446
2242,0.077069536,294.209155
2245,0.073729366,294.165723
2246,0.076961391,294.176964
2248,0.078111455,294.145908
2249,0.071677908,294.128132
2251,0.0732335,294.125393
2252,0.075471953,294.16506
2255,0.072113499,294.125452
2256,0.073804282,294.157725
2258,0.072946832,294.122891
2259,0.073203169,294.101528
2261,0.075999402,294.133939
2262,0.07512702,294.115252
2264,0.077405624,294.100047
2265,0.075053878,294.107131
2267,0.074453242,294.098944
2268,0.072472662,294.130408
2271,0.076368824,294.085383
2274,0.070760898,294.040288
2277,0.071504653,294.060119
2278,0.071053237,294.052983
2281,0.071233422,294.04477
2284,0.07201492,294.041051
2286,0.071648695,294.003795
2288,0.076412559,294.017284
2289,0.072555438,294.0103
2292,0.078213848,293.996839
2293,0.072200187,294.011761
2295,0.069913685,293.997701
2297,0.071982779,293.995019
2299,0.071820945,293.976259
2300,0.074228562,293.998766
2302,0.071639806,293.977391
2305,0.074979328,293.957771
2306,0.072178416,293.937701
2308,0.071355686,293.943059
2309,0.071871273,293.944064
2312,0.074156553,293.930972
2314,0.075700328,293.904127
2316,0.071717113,293.917315
2317,0.073006518,293.892106
2320,0.073904835,293.915418
2322,0.070086584,293.880372
2324,0.072083429,293.865861
2325,0.071230918,293.872679
2326,0.073866084,293.887209
2327,0.071293481,293.911575
2328,0.071662463,293.879557
2331,0.07429979,293.851317
2333,0.076346107,293.861941
2335,0.073141441,293.829254
2336,0.073791035,293.849354
2338,0.072577707,293.829019
2339,0.071125194,293.817677
2341,0.074129105,293.807519
2342,0.072716869,293.795857
2344,0.075962119,293.789478
2347,0.073114514,293.824289
2348,0.074155107,293.779623
2349,0.073554672,293.766314
2351,0.072017394,293.779338
2352,0.07552404,293.748694
2354,0.071473703,293.784276
2355,0.07140331,293.764604
2356,0.071569934,293.737344
2358,0.076599523,293.75512
2359,0.070728056,293.727631
2360,0.07558164,293.75577
2362,0.074804194,293.762051
2363,0.070408694,293.749544
2364,0.07294441,293.764449
2365,0.071245164,293.748379
2366,0.070907347,293.73951
2368,0.070892751,293.727054
2369,0.078122392,293.721163
2371,0.072970748,293.708705
2372,0.079736054,293.7115
2373,0.078564905,293.712867
2375,0.076478302,293.706209
2379,0.079981744,293.680281
2380,0.079338431,293.6707
2382,0.077024065,293.672854
2383,0.081123933,293.665443
2385,0.07870917,293.659383
2388,0.078995973,293.650218
2390,0.080336511,293.637117
2391,0.080299817,293.645906
2393,0.080862351,293.63364
2394,0.078173094,293.610281
2395,0.077499002,293.629496
2396,0.081558332,293.591313
2398,0.076967351,293.620803
2399,0.078974612,293.582035
2401,0.082158186,293.641023
2402,0.078426056,293.624258
2403,0.076580532,293.622992
2405,0.077440493,293.631216
2407,0.078765519,293.587426
2409,0.078118615,293.578926
2410,0.080733456,293.589835
2411,0.077297576,293.580953
2412,0.076995507,293.562463
2414,0.080188029,293.561689
2415,0.078971416,293.580103
2417,0.079995409,293.517801
2419,0.079628482,293.565389
2420,0.076866426,293.55367
2423,0.079275109,293.535366
2424,0.082128912,293.546648
2425,0.078110367,293.525522
2426,0.071870692,293.520625
2427,0.066516884,293.541085
2429,0.070678771,293.535369
2430,0.07180243,293.521158
2431,0.067196161,293.530574
2432,0.069555938,293.537937
2433,0.06955336,293.507836
2434,0.069262579,293.480932
2435,0.081382088,293.516652
2437,0.076247089,293.480275
2438,0.080658115,293.451707
2441,0.068352953,293.470675
2443,0.078921862,293.464444
2444,0.079565488,293.45969
2446,0.079667293,293.467545
2447,0.074754842,293.423039
2448,0.067248255,293.47502
2450,0.070938252,293.445413
2451,0.079536982,293.437501
2454,0.067869961,293.452374
2455,0.067242123,293.405079
2456,0.076809645,293.423906
2457,0.079617262,293.417757
2459,0.079406619,293.422608
2461,0.07004948,293.42656
2462,0.08163736,293.388741
2463,0.069043174,293.412492
2465,0.071950026,293.386488
2466,0.080767125,293.378456
2468,0.077309765,293.385973
2469,0.086500145,293.390916
2470,0.068897814,293.376126
2472,0.070005104,293.373003
2475,0.076778345,293.368578
2476,0.070363738,293.355663
2477,0.071654521,293.335612
2478,0.069976419,293.337326
2481,0.082027465,293.346857
2485,0.077607565,293.348245
2486,0.080745488,293.29572
2489,0.06788706,293.31363
2491,0.066843271,293.308284
2493,0.0738566,293.276377
2494,0.071756653,293.300708
2495,0.068496555,293.30195
2496,0.076352715,293.298073
2498,0.077661701,293.285665
2499,0.07139577,293.27077
2500,0.075566612,293.281931
2502,0.076808222,293.230167
2503,0.078313008,293.27575
2504,0.075264573,293.271924
2506,0.077273794,293.270479
2508,0.08064203,293.254413
2510,0.069720306,293.251726
2511,0.070462704,293.249666
2512,0.077448756,293.189549
2514,0.077445194,293.219496
2515,0.073093526,293.198304
2518,0.071611971,293.217918
2519,0.072258599,293.232189
2521,0.075268485,293.210932
2523,0.071942449,293.200446
2524,0.071962953,293.162151
2527,0.073302478,293.2109
2529,0.07388781,293.187775
2531,0.072445989,293.15237
2533,0.068630844,293.187836
2534,0.072040953,293.169136
2535,0.073061489,293.18782
2537,0.071460888,293.179439
2539,0.072423443,293.148731
2540,0.071755067,293.157503
2541,0.071891867,293.183387
2543,0.071321301,293.170951
2546,0.069810376,293.117638
2547,0.077170141,293.114976
2548,0.072813474,293.130822
2551,0.071820639,293.102039
2552,0.072021827,293.124242
2553,0.070579022,293.14564
2555,0.0710572,293.150239
2557,0.068823069,293.113977
2559,0.07524392,293.092984
2560,0.072735235,293.10672
2561,0.074904144,293.078973
2563,0.069471002,293.064361
2565,0.070207521,293.082077
2566,0.07165391,293.112327
2568,0.067369372,293.055388
2571,0.073680997,293.042424
2572,0.071762338,293.044251
2574,0.07078293,293.042587
2575,0.071143545,293.055326
2577,0.07281249,293.026157
2579,0.068752132,293.005237
2582,0.069385864,293.009618
2583,0.072176218,293.004218
2585,0.072158583,293.010855
2587,0.072680578,293.001575
2588,0.070806175,293.039216
2590,0.069992661,292.98095
2593,0.069145851,292.973639
2595,0.070576467,293.002038
2598,0.070045672,293.012284
2600,0.067428961,292.960541
2602,0.070550852,292.945808
2603,0.068790071,292.996025
2605,0.067971364,292.95494
2607,0.071968235,292.947121
2608,0.068645276,292.94007
2610,0.069366306,292.924889
2611,0.070218295,292.953871
2612,0.070647851,292.908404
2614,0.069471337,292.932509
2615,0.06754256,292.946738
2616,0.068077199,292.96172
2618,0.069074132,292.913632
2619,0.06872905,292.92191
2622,0.069584742,292.915174
2623,0.069065697,292.88121
2626,0.066997856,292.884153
2628,0.07224711,292.890084
2629,0.065584533,292.888536
2631,0.067537785,292.871795
2633,0.069879696,292.870105
2636,0.069932781,292.877589
2637,0.067825839,292.850812
2638,0.067326114,292.880669
2639,0.065240681,292.878877
2640,0.066768788,292.850389
2642,0.067828014,292.860674
2644,0.068700127,292.838994
2645,0.067773975,292.837099
2647,0.068321802,292.830327
2648,0.068944894,292.814811
2650,0.0677609,292.832857
2651,0.066504307,292.853363
2654,0.06851805,292.8065
2657,0.066873945,292.779989
2659,0.068203546,292.81918
2660,0.06496606,292.796738
2661,0.068676472,292.793346
2662,0.066412993,292.797517
2664,0.071422137,292.784307
2665,0.072736308,292.768882
2668,0.071966827,292.767293
2669,0.070350863,292.750313
2671,0.072700068,292.784337
2673,0.07306581,292.773225
2674,0.068819642,292.765785
2675,0.07093478,292.748261
2677,0.069244236,292.735533
2679,0.071496472,292.728143
2680,0.069376267,292.731392
2681,0.068055764,292.734311
2683,0.069024123,292.716143
2684,0.0676568,292.711559
2685,0.068307988,292.725382
2686,0.069157571,292.747695
2687,0.071874358,292.734224
2689,0.06861414,292.714686
2690,0.068284236,292.702269
2691,0.068145096,292.667892
2692,0.071262613,292.707963
2695,0.067681968,292.714656
2698,0.070147276,292.687523
2699,0.066966206,292.695382
2701,0.071815535,292.68113
2702,0.068333529,292.65611
2704,0.06763,292.652895
2705,0.067995429,292.663124
2707,0.069155835,292.667652
2709,0.068732664,292.672476
2710,0.067861818,292.676317
2712,0.06520988,292.646966
2713,0.06985613,292.64909
2715,0.067240886,292.62987
2717,0.067763478,292.622427
2718,0.070343159,292.619213
2719,0.066699848,292.6177
2721,0.069875196,292.645188
2722,0.068314292,292.625418
2723,0.071009949,292.607154
2725,0.070639782,292.600776
2726,0.066308364,292.603155
2727,0.066877604,292.604679
2728,0.073872,292.625204
2730,0.066112727,292.577438
2732,0.066283159,292.57623
2733,0.066042624,292.568303
2734,0.06808123,292.570544
2735,0.069916271,292.545391
2736,0.06878607,292.573204
2737,0.070078708,292.56009
2738,0.067446008,292.557772
2740,0.06959945,292.560482
2742,0.068374068,292.548764
2743,0.06379465,292.530253
2745,0.067824446,292.569388
2747,0.065714881,292.570693
2748,0.069021903,292.535038
2750,0.069906816,292.570575
2752,0.066421561,292.541758
2754,0.068752013,292.549875
2755,0.064059831,292.527553
2756,0.06762401,292.55552
2757,0.069760859,292.539832
2758,0.067871504,292.528817
2760,0.068766266,292.513637
2761,0.069902591,292.499548
2762,0.06781204,292.519859
2765,0.070131458,292.480113
2767,0.071089946,292.534493
2768,0.065910883,292.514025
2769,0.065467648,292.49562
2771,0.067255273,292.458767
2774,0.067604199,292.50545
2775,0.066782616,292.51134
2776,0.067152224,292.485352
2778,0.066685088,292.492573
2779,0.070365347,292.474514
2780,0.066020206,292.49667
2781,0.067861974,292.476496
2783,0.067096636,292.415342
2784,0.067023382,292.4406
2785,0.065362833,292.448978
2787,0.066580944,292.459619
2788,0.067458346,292.447322
2789,0.065762259,292.428333
2792,0.06573768,292.45435
2794,0.068205453,292.439408
2795,0.065890394,292.43131
2797,0.068221688,292.430082
2799,0.06863682,292.422764
2800,0.066508532,292.416561
2802,0.063519627,292.404686
2803,0.064413771,292.392602
2805,0.071234398,292.383148
2807,0.065447666,292.360186
2809,0.064977877,292.413912
2811,0.068021126,292.392236
2814,0.070530728,292.358565
2817,0.062716343,292.371884
2818,0.065876961,292.354896
2820,0.066074267,292.376533
2821,0.067499653,292.363836
2822,0.064732835,292.354356
2823,0.065362804,292.363194
2825,0.065145247,292.353428
2828,0.065635085,292.322472
2829,0.064672656,292.35955
2832,0.066735193,292.328722
2834,0.065181784,292.356778
2835,0.068320923,292.321698
2836,0.065564394,292.320903
2839,0.065069042,292.315403
2840,0.064021431,292.359684
2842,0.0709823,292.33954
2844,0.065038487,292.33431
2845,0.067384727,292.302419
2846,0.065509669,292.326725
2847,0.064990506,292.294126
2849,0.068326406,292.299917
2850,0.06852223,292.297506
2852,0.068017893,292.288625
2853,0.063473545,292.264675
2855,0.070668869,292.281805
2856,0.065340355,292.259842
2857,0.06870731,292.280586
2858,0.065873981,292.282585
2861,0.064639941,292.295524
2862,0.065521136,292.259297
2864,0.061756771,292.237497
2865,0.065297544,292.253771
2866,0.069353729,292.263483
2868,0.063918225,292.217271
2869,0.066216253,292.248066
2871,0.066612415,292.259084
2874,0.064873211,292.225353
2876,0.062738687,292.240552
2877,0.066693991,292.251391
2878,0.06607496,292.232706
2879,0.066415645,292.251774
2880,0.065318815,292.228897
2882,0.062030982,292.222142
2883,0.061959356,292.197958
2884,0.067442924,292.240736
2885,0.065341949,292.225971
2886,0.066598326,292.227073
2888,0.068803295,292.226813
2889,0.066874012,292.192774
2890,0.064756513,292.182943
2894,0.064065918,292.178645
2895,0.063238479,292.207571
2897,0.061130464,292.204711
2900,0.065857798,292.168478
2903,0.062967636,292.183214
2904,0.064088605,292.17424
2906,0.063697159,292.181685
2907,0.0627103,292.150295
2908,0.067753762,292.173532
2911,0.064827405,292.132977
2913,0.064477213,292.168388
2914,0.063809015,292.141111
2916,0.066664353,292.126868
2918,0.06454698,292.140903
2919,0.066989884,292.097947
2921,0.065965749,292.120301
2923,0.06503813,292.105032
2924,0.066928692,292.123259
2926,0.06607376,292.130628
2928,0.064353541,292.100657
2931,0.067925438,292.123087
2932,0.06637942,292.100138
2934,0.065974638,292.129635
2936,0.065470748,292.093202
2937,0.071002752,292.091534
2938,0.067394704,292.102275
2939,0.07104113,292.086623
2940,0.068420857,292.087674
2942,0.068699032,292.102428
2943,0.065116525,292.094478
2945,0.067790285,292.098104
2946,0.065451972,292.075414
2948,0.069131888,292.056054
2950,0.067246415,292.075231
2952,0.066509195,292.091215
2953,0.065477885,292.034576
2954,0.06873621,292.07464
2955,0.06742388,292.065459
2957,0.068201303,292.04388
2959,0.065808848,292.044339
2960,0.066719711,292.074952
2961,0.065028474,292.010093
2962,0.069402412,292.094053
2964,0.065787643,292.036501
2966,0.066372178,292.028334
2968,0.06774886,292.022729
2970,0.068591282,292.008625
2972,0.067741632,292.00583
2973,0.066643201,292.00302
2974,0.067577161,292.022353
2976,0.067571834,291.996608
2977,0.066454887,291.9894
2979,0.067036547,292.003143
2981,0.065781593,292.00927
2982,0.064710423,292.003077
2983,0.066843905,292.020243
2985,0.066020146,291.990035
2987,0.066117823,291.986775
2988,0.06589181,292.009317
2991,0.06959337,291.952153
2993,0.066775315,291.963754
2994,0.067389354,291.95124
2995,0.065860361,291.960586
2996,0.06736166,291.986088
2998,0.06656374,291.946966
3000,0.064556256,291.957068
3001,0.064408965,291.931962
3003,0.067157365,291.937268
3006,0.069202647,291.919336
3008,0.071603484,291.913923
3009,0.069509394,291.938107
3012,0.066291027,291.921011
3014,0.065938964,291.915083
3016,0.064985454,291.923379
3017,0.070499666,291.909721
3020,0.065675586,291.865511
3022,0.069292821,291.911998
3023,0.067448005,291.881207
3026,0.065827288,291.907392
3027,0.064742088,291.886627
3028,0.065082088,291.909903
3029,0.066150561,291.888178
3031,0.064738609,291.866463
3032,0.064842641,291.877311
3034,0.069356434,291.88348
3037,0.067095667,291.888078
3039,0.065547958,291.864184
3040,0.068769567,291.890757
3042,0.067213297,291.823215
3043,0.065085731,291.843891
3044,0.067627549,291.848827
3045,0.06681145,291.839963
3047,0.06505046,291.839167
3049,0.065139256,291.828146
3050,0.06510777,291.825594
3051,0.066886961,291.866917
3052,0.067039326,291.829285
3055,0.065442733,291.832118
3056,0.066153452,291.814799
3058,0.064371824,291.823699
3059,0.064954221,291.813488
3062,0.067588687,291.816668
3064,0.066158757,291.78928
3065,0.067975871,291.769473
3067,0.066170365,291.761543
3068,0.067649513,291.781886
3070,0.068335041,291.775727
3072,0.069893435,291.78174
3073,0.065443993,291.773339
3075,0.067542203,291.764343
3076,0.067737699,291.751578
3078,0.066333823,291.750742
3080,0.065287888,291.760721
3081,0.066358522,291.799344
3082,0.064218022,291.773868
3084,0.066757202,291.748672
3085,0.065728225,291.763974
3087,0.06868621,291.766679
3088,0.06740208,291.721674
3090,0.064397402,291.742147
3091,0.0678505,291.747405
3093,0.062093962,291.743954
3094,0.066819996,291.748197
3095,0.064949289,291.737101
3096,0.068245374,291.720743
3097,0.06822826,291.777059
3098,0.065345019,291.725949
3101,0.068841025,291.689587
3102,0.063939154,291.739109
3105,0.065659925,291.698384
3106,0.065200828,291.732164
3107,0.065520354,291.699166
3108,0.064533882,291.699549
3110,0.064175405,291.741128
3111,0.064193472,291.708656
3112,0.067288421,291.698866
3114,0.065609857,291.670843
3115,0.068097822,291.690062
3116,0.067159235,291.704391
3117,0.066616245,291.685698
3118,0.062627465,291.693984
3121,0.067658432,291.670131
3122,0.066155382,291.694342
3124,0.067327991,291.712198
3125,0.063240163,291.653716
3129,0.065992087,291.681503
3130,0.066939235,291.683351
3132,0.064987741,291.691804
3133,0.069547467,291.682474
3134,0.067646697,291.689314
3135,0.06528569,291.659983
3137,0.067304865,291.66152
3140,0.06264089,291.70541
3141,0.067539841,291.62741
3144,0.062750675,291.636095
3146,0.064339973,291.661268
3150,0.063176744,291.628649
3151,0.062179506,291.621589
3153,0.064708412,291.6583
3154,0.064731933,291.631045
3156,0.064398244,291.663391
3158,0.064860225,291.640394
3160,0.063303433,291.606389
3161,0.063972481,291.617411
3164,0.067942999,291.61778
3165,0.063818723,291.607116
3167,0.062814213,291.576585
3168,0.063219078,291.602843
3170,0.064607292,291.59831
3172,0.064093225,291.609151
3175,0.065316044,291.619224
3177,0.064303592,291.581685
3178,0.067031719,291.581093
3180,0.061237484,291.570453
3181,0.062188018,291.58571
3183,0.062921792,291.586236
3184,0.061094556,291.567268
3185,0.066074722,291.59242
3187,0.063201055,291.556588
3189,0.062306982,291.545473
3192,0.064063638,291.548936
3196,0.06529709,291.536239
3198,0.063285828,291.521324
3199,0.061756086,291.557593
3201,0.06815315,291.530782
3202,0.062717602,291.569951
3203,0.064044259,291.523053
3204,0.061499704,291.553791
3205,0.065769695,291.55107
3207,0.062397793,291.532832
3209,0.063310593,291.529095
3211,0.062048242,291.554917
3213,0.062948637,291.546355
3214,0.065484114,291.51677
3216,0.063806221,291.523174
3217,0.062616915,291.509274
3219,0.065088011,291.517936
3220,0.062840983,291.519269
3221,0.063142017,291.512248
3223,0.061225738,291.506754
3225,0.061105225,291.505059
3226,0.063381277,291.522539
3228,0.063337341,291.503222
3229,0.066502497,291.517096
3231,0.061190601,291.493004
3232,0.062839247,291.497534
3234,0.064127907,291.525655
3236,0.06381321,291.48557
3238,0.061895885,291.472013
3240,0.061800793,291.509506
3242,0.064281076,291.462719
3244,0.061197218,291.463731
3246,0.064124905,291.49428
3249,0.062727168,291.506986
3250,0.062430073,291.492571
3251,0.063632868,291.450455
3252,0.062536933,291.46505
3253,0.063004002,291.472186
3254,0.065520749,291.448091
3257,0.060413744,291.466267
3259,0.0649345,291.459552
3262,0.061249524,291.482861
3263,0.060944203,291.453568
3265,0.057785619,291.449743
3266,0.060499758,291.457302
3267,0.059834108,291.444877
3269,0.061499227,291.416261
3272,0.060508862,291.420829
3273,0.059798814,291.464168
3275,0.062340416,291.455052
3276,0.061888482,291.444103
3278,0.060064774,291.441494
3281,0.064567164,291.450556
3282,0.064208269,291.424586
3283,0.060713038,291.414585
3284,0.063053742,291.409386
3285,0.060725182,291.418308
3287,0.063124739,291.402542
3288,0.063851617,291.41855
3289,0.064140417,291.408305
3290,0.061529856,291.427959
3292,0.058140721,291.392988
3294,0.06105797,291.381317
3295,0.062904947,291.390214
3298,0.061543159,291.41508
3299,0.061039735,291.403935
3300,0.060036063,291.405463
3302,0.062777147,291.383674
3303,0.063498624,291.373249
3305,0.05986147,291.404652
3306,0.059430569,291.361859
3308,0.062177353,291.38814
3311,0.060678713,291.373027
3314,0.06113255,291.335432
3317,0.062788367,291.368003
3319,0.058580861,291.360991
3321,0.062176816,291.36971
3323,0.063165545,291.349948
3324,0.061699808,291.329739
3326,0.063275017,291.341602
3328,0.062113825,291.346327
3331,0.060017694,291.350548
3332,0.060336906,291.307532
3334,0.060799766,291.364581
3336,0.062412739,291.32696
3337,0.061606906,291.312809
3339,0.063958049,291.314567
3341,0.060139362,291.303973
3342,0.061132312,291.330257
3344,0.060831536,291.321833
3345,0.061408333,291.34221
3346,0.067913271,291.3348
3347,0.065411039,291.310712
3351,0.061439555,291.314985
3355,0.060788538,291.280006
3357,0.061964758,291.289699
3358,0.061663497,291.322701
3360,0.059333075,291.277525
3362,0.062843256,291.278629
3363,0.059029065,291.280194
3364,0.063991286,291.314749
3366,0.06422393,291.293252
3367,0.063469559,291.308237
3369,0.059015781,291.27056
3371,0.062361725,291.289449
3373,0.063428126,291.251847
3375,0.060344256,291.272509
3376,0.063345961,291.26669
3377,0.061732482,291.253796
3378,0.061108951,291.251073
3380,0.06239083,291.249044
3381,0.063234143,291.274045
3383,0.06286148,291.26887
3384,0.062576011,291.242093
3385,0.06307894,291.26463
3386,0.061615378,291.267763
3387,0.063531131,291.252262
3388,0.061240435,291.244107
3389,0.061899737,291.224008
3392,0.060092509,291.23243
3394,0.061881974,291.231337
3396,0.063505538,291.239248
3397,0.060999278,291.209644
3399,0.063310623,291.219583
3400,0.06337136,291.230615
3402,0.062191274,291.220494
3403,0.057123285,291.215497
3405,0.063992932,291.212708
3407,0.061943352,291.227579
3409,0.059521526,291.204382
3411,0.059645522,291.205794
3412,0.063722789,291.22032
3414,0.060985845,291.235472
3415,0.062439844,291.195581
3416,0.060892347,291.203518
3417,0.063859984,291.203298
3419,0.062316902,291.183197
3422,0.060493898,291.188732
3423,0.060540941,291.188743
3424,0.060061507,291.205478
3426,0.062609673,291.180482
3427,0.061811954,291.172904
3428,0.061158564,291.176359
3429,0.060283639,291.176396
3430,0.059706524,291.14738
3433,0.059831195,291.169523
3435,0.064057194,291.1538
3436,0.061608277,291.169071
3438,0.061188485,291.138936
3440,0.059921134,291.201669
3443,0.060410086,291.122196
3444,0.064304434,291.145818
3446,0.060166538,291.153704
3447,0.061801776,291.155861
3448,0.062186047,291.152586
3451,0.061354995,291.137132
3452,0.061583489,291.17307
3454,0.056805715,291.118195
3455,0.06293691,291.095585
3456,0.062416233,291.125606
3457,0.063528791,291.149678
3459,0.060199898,291.121585
3462,0.062782653,291.145822
3463,0.059875168,291.128481
3465,0.062676236,291.121247
3466,0.059136935,291.128131
3467,0.059832562,291.112922
3468,0.060193893,291.149223
3470,0.062011097,291.107577
3472,0.060239568,291.118301
3474,0.059163217,291.120601
3476,0.062246807,291.113227
3478,0.061595988,291.101458
3480,0.058859475,291.090602
3481,0.062508293,291.101726
3483,0.059705395,291.101353
3484,0.060881119,291.112991
3486,0.058571026,291.111153
3489,0.061688442,291.088722
3491,0.059683327,291.115698
3492,0.060067274,291.087783
3495,0.060254376,291.089721
3496,0.058685299,291.102862
3498,0.059010148,291.098827
3500,0.059444461,291.053746
3501,0.062470481,291.06265
3502,0.059533786,291.090951
3504,0.062053349,291.048503
3507,0.05917158,291.065767
3508,0.059214477,291.076495
3510,0.059244029,291.058984
3511,0.060252801,291.096921
3514,0.059765693,291.070134
3515,0.061154511,291.060434
3517,0.062038418,291.051684
3518,0.06016954,291.08086
3519,0.058927987,291.040042
3520,0.057638738,291.030764
3522,0.059073612,291.059236
3523,0.059611253,291.046811
3525,0.060209237,291.053338
3526,0.059632603,291.036635
3528,0.059683029,291.034603
3529,0.058444966,290.991662
3530,0.06094712,291.052513
3531,0.058737453,291.055249
3532,0.059813105,291.019672
3534,0.060798276,291.049004
3535,0.058409784,290.996402
3536,0.060830526,291.063868
3537,0.059424721,290.991455
3538,0.062721334,291.033046
3540,0.059496082,291.045366
3541,0.063099571,290.989474
3543,0.06371443,291.029189
3544,0.059777811,291.028213
3546,0.061521389,291.018434
3547,0.058885355,291.006279
3549,0.062132102,291.025449
3551,0.060737271,290.957372
3553,0.061433382,291.00214
3556,0.058100387,290.974705
3559,0.058868073,291.021282
3561,0.058442656,290.993913
3562,0.05754992,291.002252
3563,0.060015343,291.002471
3564,0.059738066,290.983158
3565,0.059299514,290.978981
3566,0.059816103,290.982373
3568,0.060988318,290.989106
3569,0.059764236,290.988707
3573,0.059227236,290.971475
3575,0.059621912,290.9899
3578,0.0639259,290.95158
3579,0.058228742,290.963928
3580,0.062048901,290.963157
3581,0.060589924,290.960304
3583,0.0597771,290.978756
3584,0.058329601,290.937236
3586,0.060301989,290.959789
3587,0.061078765,290.956512
3589,0.06219247,290.961805
3591,0.05874886,290.910658
3592,0.059180986,290.963283
3593,0.058234278,290.944045
3595,0.057826515,290.973228
3596,0.057185352,290.953617
3598,0.059314322,290.921298
3599,0.056050763,290.915296
3600,0.061332095,290.921105
3601,0.060124766,290.977313
3602,0.059397563,290.939327
3603,0.062392473,290.968368
3605,0.060236119,290.941344
3607,0.058913901,290.933132
3609,0.058885679,290.903856
3610,0.055690773,290.958332
3612,0.058914881,290.946509
3614,0.059357498,290.945339
3615,0.062649027,290.944015
3617,0.060803309,290.961684
3619,0.060183041,290.921229
3621,0.057272322,290.917823
3623,0.059538923,290.918362
3624,0.055452239,290.905768
3626,0.056678869,290.90425
3628,0.061970342,290.916061
3629,0.060132854,290.905432
3631,0.062565245,290.907719
3632,0.064243078,290.900008
3633,0.061852545,290.89371
3634,0.059419945,290.88808
3636,0.058005732,290.904658
3638,0.061664455,290.863813
3640,0.068503134,290.896279
3641,0.057948403,290.880945
3642,0.059546314,290.911507
3643,0.058054227,290.883027
3644,0.057792123,290.870572
3646,0.058456693,290.876612
3647,0.058351364,290.872975
3648,0.059641276,290.900517
3649,0.059038706,290.876766
3650,0.058686897,290.885775
3652,0.057298698,290.878038
3653,0.056527499,290.874271
3655,0.060258094,290.875171
3656,0.059354234,290.846071
3658,0.060648233,290.856585
3660,0.056536049,290.859669
3661,0.05845844,290.83472
3663,0.057207912,290.841378
3665,0.058189522,290.854757
3666,0.060732834,290.872649
3669,0.05959985,290.850207
3670,0.059336636,290.818445
3672,0.060242333,290.84536
3673,0.060594153,290.848638
3675,0.062017817,290.845295
3676,0.062517144,290.864859
3678,0.056406777,290.863096
3679,0.060289022,290.825153
3680,0.060546238,290.829496
3681,0.058230162,290.843328
3683,0.057110973,290.859651
3686,0.058912955,290.831643
3687,0.058294311,290.807516
3689,0.059486195,290.854534
3690,0.058313377,290.83546
3691,0.056268055,290.800946
3692,0.062048122,290.834553
3693,0.061866097,290.824456
3695,0.057976473,290.833171
3697,0.05944927,290.784323
3700,0.06102654,290.812165
3701,0.05643525,290.813245
3702,0.058266602,290.786313
3703,0.058936022,290.822962
3705,0.057202566,290.779654
3707,0.06293305,290.792033
3708,0.058599938,290.800427
3709,0.058722012,290.812613
3710,0.062814511,290.794218
3712,0.057548475,290.793933
3713,0.06287922,290.838242
3714,0.060668562,290.807894
3715,0.059771482,290.774213
3717,0.062297661,290.804358
3719,0.061891589,290.811427
3722,0.060013145,290.760855
3724,0.059943125,290.808058
3725,0.058851175,290.802132
3727,0.066514656,290.769569
3729,0.063304573,290.777616
3732,0.054657973,290.761019
3733,0.059492104,290.773771
3736,0.06457305,290.752359
3738,0.064006701,290.737954
3740,0.057461683,290.77701
3742,0.057803333,290.744418
3744,0.06710431,290.751373
3747,0.063244142,290.73669
3748,0.063601702,290.7614
3749,0.062868208,290.723679
3750,0.063109472,290.741961
3751,0.057145458,290.721981
3753,0.059137378,290.75011
3754,0.059433538,290.742269
3755,0.055262577,290.753466
3756,0.056936551,290.753876
3758,0.053997427,290.747718
3760,0.063898578,290.731622
3762,0.068351254,290.744657
3763,0.066508077,290.733716
3764,0.066082798,290.728458
3766,0.064267755,290.743333
3767,0.062849149,290.736351
3768,0.065425999,290.718608
3769,0.062672049,290.700608
3770,0.06720157,290.734729
3772,0.067485437,290.715638
3774,0.063320629,290.675058
3776,0.065441102,290.742417
3778,0.065330669,290.695977
3780,0.064233325,290.71336
3781,0.065112494,290.739279
3782,0.063540809,290.715648
3783,0.06418018,290.722487
3785,0.066150323,290.705233
3786,0.065026976,290.705593
3787,0.06780944,290.712278
3789,0.065934718,290.718089
3790,0.066582032,290.702172
3792,0.065355338,290.70473
3793,0.063786045,290.740588
3795,0.066614889,290.683912
3796,0.068031482,290.692411
3798,0.067182355,290.679334
3800,0.06451337,290.675219
3801,0.057809599,290.691909
3804,0.056997113,290.69763
3806,0.06474591,290.681737
3808,0.062284421,290.660559
3809,0.068904243,290.689618
3810,0.067229852,290.68094
3811,0.065073036,290.688538
3812,0.067634657,290.660443
3814,0.06437999,290.662731
3815,0.06721577,290.688267
3818,0.065767676,290.698643
3819,0.064956293,290.676129
3821,0.066820569,290.672155
3823,0.063623011,290.665481
3826,0.06339059,290.669942
3827,0.063032612,290.659823
3830,0.063712507,290.663487
3831,0.067919388,290.665222
3832,0.070595376,290.650383
3833,0.065195262,290.656967
3835,0.066399299,290.686065
3836,0.067133069,290.636636
3837,0.067131199,290.654073
3840,0.06770502,290.638892
3843,0.062657461,290.631581
3845,0.067341775,290.630011
3846,0.063155934,290.634049
3847,0.065762259,290.639604
3849,0.066380836,290.609589
3851,0.066498481,290.641699
3852,0.066416852,290.61508
3853,0.065532729,290.613111
3856,0.063193448,290.615876
3857,0.067774639,290.614448
3858,0.066071168,290.599311
3860,0.066622704,290.606281
3861,0.065168582,290.63173
3863,0.063608892,290.634379
3865,0.067983985,290.61078
3866,0.065376855,290.642608
3867,0.065977834,290.629414
3869,0.056861714,290.618123
3870,0.055469736,290.592942
3873,0.067011692,290.598613
3875,0.067863002,290.598342
3878,0.065795504,290.588838
3879,0.066541418,290.606546
3881,0.057089154,290.573674
3882,0.064877324,290.602005
3883,0.06502863,290.579261
3885,0.06263452,290.588244
3888,0.065658569,290.605309
3890,0.06282863,290.5943
3891,0.058631461,290.592254
3893,0.064833537,290.593232
3894,0.055806939,290.600896
3895,0.065872952,290.572834
3896,0.064636968,290.574441
3899,0.066876307,290.612688
3900,0.055353161,290.57282
