Time temp,Abs,Reactor Temperature (C)
0,0.487159336,289.57471
2,0.470125395,289.555132
4,0.454623899,289.585791
5,0.456585932,289.565228
6,0.452429697,289.536563
8,0.44833737,289.533678
11,0.451366878,289.545346
12,0.454366407,289.532199
13,0.449286893,289.571875
14,0.454479516,289.578202
16,0.45421288,289.51805
19,0.451128566,289.528313
20,0.453277743,289.541064
21,0.450643653,289.57013
23,0.449820027,289.577168
25,0.451039845,289.551296
27,0.447640437,289.544447
28,0.447343254,289.564788
30,0.447186551,289.582588
31,0.450576881,289.536175
33,0.447440454,289.549466
35,0.443863103,289.536668
38,0.441753164,289.569538
39,0.440521324,289.547743
41,0.440204301,289.526749
43,0.439925757,289.521233
48,0.434216318,289.535513
50,0.432325524,289.569518
52,0.431042871,289.534968
53,0.433235246,289.569989
54,0.435197571,289.543373
56,0.430661282,289.547237
59,0.430109409,289.564716
61,0.434658986,289.555986
62,0.431582639,289.541616
63,0.434208795,289.555446
64,0.432034349,289.565655
66,0.43244383,289.526924
67,0.429281566,289.540614
68,0.428343767,289.574127
69,0.427508432,289.575029
70,0.431415871,289.525844
71,0.431012547,289.556569
73,0.427815342,289.550814
75,0.4221856,289.550482
76,0.426429075,289.512971
77,0.428807092,289.524354
79,0.423771119,289.572123
81,0.423414963,289.552803
83,0.419633135,289.548319
85,0.42420747,289.550216
86,0.427660877,289.539853
88,0.41944744,289.553854
89,0.423624247,289.551111
91,0.423320174,289.57676
93,0.429999214,289.524843
94,0.425115934,289.555386
96,0.432896355,289.556861
97,0.437382188,289.566993
98,0.441805884,289.546009
99,0.440238574,289.545682
101,0.433885264,289.536569
102,0.445631903,289.567479
103,0.44127945,289.553182
105,0.440096021,289.561758
106,0.436547208,289.541736
108,0.435876822,289.553078
109,0.437673196,289.566956
110,0.42226702,289.55937
111,0.43487573,289.553533
112,0.439856902,289.557877
114,0.428712332,289.557975
115,0.413744035,289.528033
117,0.423974025,289.579378
118,0.418008769,289.574162
120,0.418345988,289.556056
122,0.415568912,289.555201
123,0.415238515,289.587718
127,0.411918232,289.567061
128,0.414455345,289.600037
129,0.412748662,289.577256
132,0.41134854,289.608325
135,0.402861363,289.596579
136,0.40848026,289.570549
139,0.408132157,289.585798
141,0.404773167,289.608127
142,0.403794751,289.612593
145,0.40865404,289.58828
147,0.40591062,289.605849
149,0.406941709,289.606338
151,0.403356117,289.602524
154,0.400212562,289.619215
155,0.400549555,289.613236
157,0.398085973,289.587473
158,0.402435771,289.641126
160,0.398529825,289.626448
162,0.399291244,289.598765
164,0.393702614,289.638943
167,0.399364978,289.644698
169,0.404689568,289.640627
170,0.401875708,289.648217
171,0.399619296,289.628753
172,0.402427709,289.635397
174,0.401864415,289.644909
175,0.401041058,289.719305
176,0.403880537,289.667923
178,0.402662638,289.66755
179,0.399335328,289.655052
180,0.400482887,289.642927
181,0.400854349,289.690572
183,0.398491248,289.670452
186,0.39642286,289.664932
188,0.395278135,289.676841
189,0.391710809,289.696401
191,0.394430149,289.705105
192,0.392778572,289.682144
194,0.38830643,289.687153
195,0.389391682,289.69676
198,0.382511485,289.732645
199,0.389313924,289.720799
201,0.381102389,289.719646
205,0.382769415,289.746204
206,0.38589704,289.712564
208,0.387617359,289.744344
211,0.384394395,289.726875
213,0.385051739,289.7417
215,0.383628875,289.734549
216,0.382867047,289.772628
218,0.379158074,289.774434
220,0.376338276,289.790049
221,0.379991087,289.754705
222,0.378778967,289.756948
224,0.377720022,289.768492
225,0.381390423,289.768285
226,0.382747677,289.773865
227,0.377733523,289.792134
229,0.38421728,289.809656
231,0.391909218,289.774185
232,0.39264299,289.805614
235,0.39540838,289.824995
236,0.395974687,289.826974
237,0.393956625,289.818105
239,0.386961555,289.83576
241,0.383102494,289.838454
243,0.380559424,289.858859
244,0.382498333,289.852819
247,0.37991513,289.878575
249,0.375730217,289.878318
251,0.372658569,289.877391
253,0.372720999,289.899025
255,0.371933356,289.874272
258,0.371433264,289.933179
260,0.36555309,289.895372
261,0.364534396,289.895372
263,0.367509294,289.920385
265,0.365934807,289.93064
266,0.365412402,289.930858
267,0.366917768,289.985012
269,0.366758907,289.96052
270,0.364022431,289.950379
271,0.363383645,289.962928
273,0.362118506,290.007062
274,0.365321252,289.972273
276,0.363174269,289.97586
277,0.366058356,289.95912
278,0.363998276,289.987851
280,0.360840294,289.990738
281,0.358562514,289.975613
283,0.36098704,289.991587
284,0.35874925,290.003063
286,0.358666906,290.061651
288,0.359341681,290.036977
289,0.358463624,290.030364
291,0.362562603,290.05407
292,0.362373751,290.05407
293,0.363996619,290.05117
294,0.360786927,290.064206
295,0.36340276,290.060962
297,0.36396139,290.060718
298,0.362479439,290.075931
301,0.358989108,290.082279
305,0.358548674,290.107794
307,0.360407242,290.117775
309,0.356971803,290.140716
311,0.354926136,290.122792
313,0.352991042,290.169194
315,0.354658243,290.145343
316,0.351925784,290.15803
317,0.352332035,290.157489
319,0.353054327,290.191324
322,0.348273742,290.19707
323,0.345043701,290.242942
325,0.345953658,290.20823
327,0.349511704,290.230969
328,0.346361005,290.236008
330,0.348361197,290.226833
331,0.347104135,290.255581
332,0.3448183,290.251306
334,0.343015575,290.270171
335,0.346096143,290.275378
337,0.343676126,290.276413
338,0.343542621,290.287199
339,0.340787899,290.284606
341,0.341836986,290.30494
343,0.346801335,290.316936
344,0.341998956,290.319027
346,0.337680128,290.335038
349,0.341067803,290.358775
351,0.339224458,290.333338
352,0.338379413,290.384616
354,0.338944754,290.427201
356,0.342267215,290.403909
357,0.354113302,290.403909
358,0.351458794,290.413251
359,0.351464584,290.425037
361,0.352821708,290.448646
364,0.339414236,290.467622
367,0.342219481,290.480983
369,0.335271293,290.483654
370,0.347826627,290.514699
371,0.340778416,290.516153
372,0.336633882,290.511993
374,0.336656895,290.521248
376,0.336086118,290.569509
378,0.337061727,290.552496
380,0.336331049,290.541137
381,0.331203151,290.562753
382,0.334036025,290.585183
383,0.332481974,290.58384
385,0.332436869,290.579454
386,0.331019035,290.602812
388,0.329594171,290.605718
389,0.331043229,290.623396
390,0.331322026,290.652166
392,0.327033401,290.671341
393,0.328615978,290.637825
395,0.32937946,290.685738
396,0.327276915,290.671703
397,0.326790169,290.672944
399,0.328848159,290.68203
402,0.326374352,290.720352
404,0.325943902,290.747037
405,0.326945373,290.734111
406,0.326355556,290.757367
407,0.323800629,290.787597
409,0.324596342,290.765854
410,0.323945898,290.78366
411,0.325510669,290.78861
413,0.321693468,290.811094
414,0.321886709,290.805521
415,0.322334778,290.855427
418,0.32081593,290.818383
420,0.320556816,290.874017
421,0.321589279,290.87913
422,0.320335135,290.914854
423,0.318332103,290.922436
425,0.318641371,290.903545
428,0.321229109,290.953094
430,0.320429355,290.957694
432,0.320366922,290.952825
435,0.321289721,290.995373
438,0.321463004,290.974239
439,0.320513222,291.028248
441,0.318244013,291.029413
443,0.319385499,291.056832
444,0.319953221,291.052709
445,0.318653694,291.103441
447,0.318361831,291.086986
448,0.318424222,291.107781
450,0.315014905,291.097484
453,0.312883252,291.122112
454,0.314857289,291.145613
456,0.312863517,291.15191
458,0.312373742,291.167831
459,0.312729648,291.232161
460,0.31027168,291.203391
462,0.311107448,291.223589
463,0.308412683,291.195911
465,0.30790531,291.228514
466,0.30432612,291.222595
468,0.306886044,291.250868
469,0.306659293,291.288869
470,0.303088975,291.275886
471,0.305264723,291.27931
472,0.301988846,291.262979
473,0.306046107,291.321647
474,0.304988509,291.327534
475,0.303934625,291.327836
478,0.30419611,291.340221
479,0.300462919,291.354256
481,0.300735223,291.35061
484,0.303608966,291.42838
485,0.303651813,291.432443
486,0.297178793,291.413614
488,0.300843409,291.45735
489,0.298123372,291.457095
491,0.297560155,291.453878
493,0.297273982,291.500316
494,0.298539951,291.456377
496,0.29749411,291.492699
497,0.297479767,291.514294
498,0.296795267,291.505984
499,0.295735729,291.509553
501,0.296338671,291.559802
502,0.297619408,291.572277
504,0.292830226,291.573606
507,0.295915055,291.612695
509,0.29220801,291.614742
511,0.306029341,291.649421
513,0.307869819,291.650102
514,0.306318521,291.696203
516,0.304875579,291.667771
517,0.296603805,291.698437
519,0.295608062,291.728017
522,0.29805347,291.753451
523,0.298647043,291.737248
524,0.298326203,291.812605
525,0.294676432,291.791731
526,0.287735489,291.793565
529,0.295009962,291.825311
531,0.291613919,291.831086
532,0.296251938,291.849942
533,0.290624318,291.848441
536,0.291416958,291.872271
539,0.291444707,291.929366
541,0.291378793,291.954393
542,0.289120534,291.956183
544,0.288114414,291.994021
545,0.286375919,292.003934
546,0.286035958,291.972969
548,0.285010576,291.991703
549,0.285533836,292.021404
551,0.281840214,292.054514
552,0.282002333,292.033841
554,0.281576166,292.102139
556,0.281992295,292.098654
558,0.283993718,292.11844
559,0.28233569,292.114398
560,0.283112788,292.138393
562,0.281062835,292.142246
563,0.283253849,292.129606
565,0.280569774,292.179819
568,0.27762095,292.226605
570,0.282309479,292.269268
571,0.278315884,292.21476
573,0.280124232,292.292283
574,0.28068181,292.284012
575,0.278596309,292.301708
577,0.278909549,292.285692
578,0.279531953,292.316201
580,0.277114326,292.36617
581,0.274679157,292.339041
584,0.276369247,292.360311
586,0.273257264,292.390123
588,0.276507241,292.406785
589,0.274212411,292.430504
591,0.270797405,292.473473
593,0.272503656,292.491778
594,0.272535238,292.511225
596,0.275244191,292.47245
597,0.272003379,292.48547
598,0.274520597,292.517805
600,0.274630976,292.550154
601,0.275430861,292.550975
604,0.273960596,292.598447
605,0.272284701,292.653038
607,0.27175242,292.608193
608,0.271532679,292.629974
609,0.270176944,292.641215
610,0.273348653,292.649295
611,0.272768959,292.671689
612,0.273456863,292.697652
613,0.272277027,292.685416
615,0.270934021,292.73612
616,0.270265612,292.746558
618,0.270537439,292.729226
620,0.273400167,292.789102
621,0.26961495,292.793204
622,0.268164176,292.817138
624,0.270093572,292.829132
625,0.264277163,292.813818
628,0.267826194,292.877139
629,0.264802334,292.877139
632,0.263888666,292.927341
633,0.265374959,292.932691
636,0.265160376,292.941264
638,0.264248639,293.002597
639,0.262603891,293.002597
641,0.259954485,292.993181
642,0.261898392,293.040373
645,0.25977459,293.048574
648,0.258330461,293.072102
649,0.256470744,293.087733
652,0.256927818,293.134729
653,0.256438887,293.148144
656,0.256385355,293.208192
657,0.257549533,293.179891
658,0.256022821,293.231287
659,0.254435264,293.208668
661,0.253165302,293.243679
663,0.25531739,293.313765
665,0.256331246,293.2851
666,0.253931466,293.305928
668,0.255226499,293.335464
670,0.251923007,293.357938
671,0.251366876,293.354527
674,0.248577847,293.430958
675,0.249845423,293.4188
677,0.250570102,293.45352
679,0.249497846,293.473956
680,0.250330986,293.459807
682,0.248457074,293.513131
685,0.247880203,293.547651
687,0.25027068,293.593524
689,0.246054296,293.624274
690,0.245914921,293.615734
692,0.2444104,293.623021
693,0.244567849,293.623069
695,0.247245775,293.667874
697,0.241138214,293.710814
699,0.253578533,293.731035
701,0.253550473,293.762714
702,0.252765436,293.784454
703,0.254824643,293.754885
704,0.255052751,293.754885
705,0.253812325,293.815197
707,0.252740206,293.856097
708,0.250845677,293.861793
710,0.248341741,293.884083
711,0.24485482,293.880955
713,0.251913162,293.924741
715,0.250080682,293.934688
717,0.249908243,293.953663
718,0.24630243,293.988785
721,0.246658069,293.9844
722,0.248785414,294.016018
724,0.242629546,294.053045
726,0.243632424,294.067782
727,0.242748831,294.102446
728,0.241408752,294.12205
730,0.242383301,294.104028
731,0.23969107,294.175017
732,0.239628968,294.184291
733,0.237183417,294.206281
735,0.237915,294.18453
737,0.238882634,294.197502
740,0.235964461,294.270052
742,0.236249872,294.301056
743,0.234020126,294.306772
745,0.234285055,294.336345
746,0.233364432,294.367244
748,0.231916499,294.352637
750,0.229267435,294.403051
751,0.231625292,294.400642
752,0.231403671,294.425369
753,0.23237741,294.463703
754,0.2323682,294.457835
755,0.230649874,294.467629
757,0.229846816,294.500274
758,0.23092746,294.506142
759,0.228554799,294.531478
760,0.228672703,294.550162
762,0.230804387,294.555993
764,0.2278347,294.576424
765,0.230850315,294.61152
767,0.228610454,294.649387
768,0.228036113,294.647547
769,0.227665591,294.654945
770,0.227556855,294.632023
771,0.228483254,294.688723
773,0.224773741,294.721765
774,0.226904328,294.75276
777,0.226893485,294.783486
779,0.224035452,294.792887
780,0.225021349,294.828884
781,0.225652771,294.818905
782,0.224116503,294.829853
784,0.222069602,294.875067
787,0.220897058,294.922809
789,0.221683097,294.940636
790,0.218332712,294.938909
792,0.21995839,295.005504
795,0.221419471,295.040461
796,0.21729009,295.03585
798,0.218620192,295.04408
800,0.21821595,295.091461
801,0.218381999,295.115668
802,0.219048302,295.115668
805,0.219200763,295.15834
806,0.21703885,295.199922
807,0.216328391,295.180519
808,0.2171799,295.219501
809,0.215984868,295.227841
812,0.219395225,295.264232
814,0.21704029,295.258733
815,0.219650039,295.280053
817,0.218417948,295.338497
819,0.218239653,295.391918
822,0.215789336,295.406334
823,0.216198844,295.415632
825,0.216160887,295.46162
826,0.21433396,295.442783
828,0.213279741,295.471826
830,0.212204878,295.543898
832,0.214173298,295.578534
833,0.215012111,295.548827
836,0.214113162,295.604352
837,0.213910033,295.624809
839,0.211542617,295.676512
841,0.210697994,295.687783
844,0.212344213,295.751799
845,0.211739489,295.796219
847,0.209948824,295.774521
849,0.210278107,295.805211
851,0.208626299,295.854801
853,0.20616945,295.872266
854,0.206328201,295.905379
855,0.20602072,295.884525
856,0.203032981,295.899503
858,0.206206539,295.93639
859,0.204581098,295.930226
862,0.205581976,296.002267
863,0.205017994,296.015496
864,0.20190531,296.033844
867,0.204994023,296.071572
868,0.203579038,296.061854
870,0.199464215,296.155231
871,0.199819334,296.126381
872,0.198996873,296.136957
875,0.200908467,296.185409
877,0.200672311,296.273833
878,0.196999928,296.254487
879,0.196073937,296.24762
881,0.200482252,296.277878
882,0.197332951,296.318526
883,0.196411718,296.33066
884,0.19676718,296.351107
885,0.19897012,296.347893
887,0.195237984,296.381243
888,0.197995305,296.404318
890,0.196853758,296.420177
892,0.197243853,296.461681
893,0.194746311,296.439079
894,0.19389946,296.478039
895,0.195539565,296.534701
897,0.193244633,296.554855
898,0.194854166,296.561376
899,0.194917734,296.581907
902,0.191919257,296.64128
904,0.19115473,296.638689
906,0.189592557,296.689849
908,0.191523446,296.698388
910,0.190435481,296.763573
913,0.187753664,296.788666
914,0.18893161,296.802993
915,0.187922202,296.83278
917,0.186155008,296.857277
918,0.189386576,296.865335
919,0.18934308,296.89402
920,0.188847576,296.900179
922,0.188178378,296.942241
923,0.185734068,296.947175
925,0.186320573,296.98119
927,0.18482441,297.013128
928,0.187377846,297.027905
931,0.185298075,297.093527
932,0.18485616,297.092862
934,0.184008898,297.150124
935,0.184764716,297.126853
936,0.1848048,297.170496
937,0.189646161,297.169305
939,0.186385845,297.197533
941,0.18004612,297.268122
944,0.192152408,297.275169
945,0.18725543,297.280408
947,0.191168869,297.325831
948,0.191917022,297.371363
950,0.178811492,297.391354
951,0.186525066,297.400955
953,0.190636149,297.432891
954,0.188689449,297.41716
956,0.188786276,297.483978
959,0.181498997,297.532638
960,0.188209797,297.52372
961,0.179939528,297.576779
963,0.186207165,297.585421
965,0.183968256,297.661701
968,0.177365339,297.665731
970,0.176231375,297.712891
971,0.181665656,297.708082
972,0.176085785,297.719615
974,0.17709645,297.757234
975,0.177488628,297.781556
976,0.173174219,297.807273
978,0.177164488,297.840051
980,0.174971266,297.875738
982,0.177034515,297.91045
983,0.173281021,297.910582
984,0.174535239,297.947748
986,0.173530133,297.963364
988,0.173883981,298.009944
990,0.171926571,298.028419
991,0.172375202,298.065031
992,0.171770731,298.062987
993,0.172092636,298.092236
995,0.169764015,298.106822
997,0.16942409,298.125891
998,0.170316462,298.144283
1000,0.168720058,298.209517
1001,0.169137056,298.236841
1003,0.169800691,298.24955
1005,0.166732855,298.259037
1006,0.165839864,298.30874
1007,0.166670878,298.304627
1009,0.16471138,298.316932
1010,0.165591055,298.3613
1012,0.166185628,298.415741
1013,0.16598306,298.414487
1014,0.164117379,298.419169
1015,0.163305482,298.450741
1020,0.164184244,298.54102
1021,0.165252158,298.525585
1023,0.162428133,298.580663
1024,0.165579429,298.598964
1027,0.162766385,298.62913
1029,0.161940838,298.690749
1031,0.160826899,298.745963
1032,0.15828927,298.718577
1034,0.158851697,298.780383
1036,0.159038854,298.80266
1037,0.159147947,298.823074
1040,0.158212133,298.876672
1042,0.157867816,298.921247
1043,0.158271047,298.901714
1045,0.157493941,298.951815
1046,0.156026569,298.96848
1047,0.159275073,298.965731
1049,0.157111122,299.022963
1050,0.158513117,299.034345
1051,0.156470692,299.05861
1052,0.155760188,299.045557
1054,0.155293228,299.132711
1055,0.15364604,299.128076
1056,0.154862987,299.150505
1058,0.153620212,299.1629
1060,0.153964509,299.221629
1062,0.152691892,299.220451
1064,0.153012986,299.270752
1065,0.154175617,299.313696
1068,0.15068538,299.353588
1070,0.151144372,299.376808
1071,0.151854591,299.388684
1073,0.150260882,299.425785
1075,0.150841695,299.495513
1076,0.149735413,299.504181
1078,0.150401607,299.572183
1079,0.148598222,299.567364
1081,0.148748262,299.562348
1082,0.149244656,299.623928
1083,0.149925454,299.593626
1084,0.14867004,299.612436
1085,0.150498511,299.665389
1086,0.149589568,299.645243
1087,0.150725186,299.686223
1089,0.149825856,299.729411
1090,0.150974149,299.726504
1091,0.147356923,299.74927
1093,0.147849277,299.759815
1095,0.147885168,299.82868
1097,0.14681278,299.86963
1098,0.145586145,299.890517
1100,0.147525844,299.899817
1102,0.146242437,299.921188
1103,0.14516253,299.960063
1105,0.145596381,300.007075
1106,0.145083705,300.030765
1108,0.144355009,300.061231
1109,0.143758143,300.067798
1111,0.143190454,300.075531
1114,0.14305485,300.16198
1115,0.143265836,300.166876
1116,0.141691329,300.196931
1118,0.140648389,300.222806
1120,0.140060727,300.270623
1121,0.140502436,300.279234
1122,0.141913408,300.306404
1124,0.139308797,300.292294
1125,0.141256906,300.356039
1128,0.138884695,300.408528
1130,0.138491853,300.435695
1132,0.137191945,300.490009
1134,0.13794481,300.512062
1137,0.136236033,300.566268
1138,0.135504986,300.588346
1139,0.135045293,300.566823
1141,0.133362338,300.628357
1144,0.133465499,300.661998
1146,0.133425781,300.724916
1149,0.131515578,300.767857
1150,0.132356095,300.811157
1152,0.132140702,300.838371
1154,0.130232838,300.847971
1157,0.130699417,300.897
1159,0.131333983,300.932849
1160,0.130358355,300.96408
1161,0.129269645,300.979833
1163,0.13137095,301.012673
1165,0.128952317,301.088912
1166,0.129563002,301.11264
1168,0.128814532,301.080232
1170,0.128160986,301.155234
1172,0.128264353,301.190007
1173,0.128408378,301.199962
1176,0.126722835,301.234617
1178,0.127678433,301.292126
1180,0.125476012,301.323342
1182,0.125540149,301.355486
1183,0.127999298,301.383475
1184,0.124637083,301.409526
1186,0.126641829,301.436341
1187,0.125782296,301.463408
1189,0.124199787,301.510083
1191,0.12322208,301.551245
1192,0.121060793,301.532867
1194,0.123765382,301.595743
1195,0.121927474,301.595743
1197,0.123675966,301.657637
1198,0.120272391,301.658249
1200,0.120084809,301.690686
1201,0.120418278,301.720342
1203,0.118740597,301.732641
1204,0.12049807,301.792606
1205,0.12179103,301.792606
1207,0.120758964,301.83965
1209,0.117762083,301.884619
1211,0.117177934,301.909562
1212,0.117076804,301.920149
1213,0.11746947,301.956822
1215,0.117504893,301.976069
1216,0.11762361,302.023191
1218,0.115573794,302.02746
1219,0.115609354,302.062411
1220,0.116444252,302.075515
1222,0.115888859,302.055447
1223,0.118641462,302.127004
1224,0.115779229,302.165794
1226,0.115643843,302.182749
1228,0.117004689,302.198939
1230,0.113251124,302.263516
1233,0.114872196,302.309121
1234,0.11760326,302.313145
1235,0.115481438,302.373015
1237,0.113841815,302.376471
1238,0.116398355,302.409574
1240,0.119177493,302.422094
1241,0.119453387,302.464867
1242,0.119610964,302.45481
1243,0.117055399,302.49669
1246,0.117687477,302.51988
1247,0.117815641,302.574311
1249,0.118829718,302.625396
1251,0.116393516,302.619852
1254,0.116295893,302.670778
1255,0.118140813,302.677521
1256,0.114869392,302.741492
1257,0.117485259,302.742778
1258,0.116204785,302.767183
1259,0.115699642,302.800402
1260,0.109538371,302.799187
1261,0.11617042,302.812997
1264,0.112785928,302.867338
1265,0.112839215,302.868383
1267,0.109674241,302.935045
1269,0.109364378,302.941303
1272,0.1108347,303.007534
1274,0.108957719,303.059253
1275,0.108869455,303.063906
1276,0.110893724,303.077331
1277,0.109441731,303.105149
1278,0.107801157,303.14006
1279,0.108899151,303.119721
1280,0.109042589,303.166021
1281,0.108296957,303.165928
1283,0.109543482,303.22888
1284,0.108582868,303.248595
1285,0.106135165,303.29626
1286,0.104739653,303.290208
1288,0.105571083,303.319154
1289,0.109737898,303.319154
1290,0.105205747,303.346921
1292,0.103491294,303.412115
1294,0.10340888,303.413622
1295,0.103872515,303.414456
1298,0.103321001,303.481125
1300,0.100437941,303.5508
1301,0.102495939,303.554977
1303,0.102639091,303.599929
1305,0.102620433,303.590857
1306,0.098777085,303.63091
1308,0.100793847,303.648933
1311,0.098677859,303.743018
1313,0.099398145,303.78447
1315,0.099737237,303.788667
1316,0.096367538,303.800407
1318,0.098053028,303.822282
1320,0.098105944,303.863795
1321,0.097938677,303.874326
1324,0.096035771,303.940092
1326,0.094382726,303.997172
1327,0.097879493,304.03774
1328,0.0965188,304.04979
1329,0.096899712,304.05209
1330,0.095472439,304.047837
1333,0.095440386,304.127194
1334,0.09584684,304.160059
1336,0.093353456,304.182727
1337,0.096230855,304.208743
1338,0.094548727,304.239664
1339,0.094548286,304.230169
1340,0.09490509,304.264007
1342,0.09470304,304.258909
1343,0.092190597,304.315747
1344,0.094235653,304.331014
1346,0.094295253,304.342637
1349,0.09288966,304.413276
1350,0.096054421,304.444042
1353,0.09187023,304.48737
1355,0.092366914,304.535825
1357,0.091291538,304.561855
1358,0.094000647,304.546902
1359,0.090783431,304.583627
1360,0.090759085,304.628889
1361,0.090475122,304.63916
1362,0.091206007,304.665334
1364,0.090435205,304.686854
1366,0.089078035,304.75387
1367,0.088482719,304.749239
1370,0.089958128,304.789812
1371,0.088974275,304.824256
1372,0.088042139,304.805348
1373,0.088445208,304.851927
1375,0.086337586,304.896578
1376,0.090005315,304.929597
1379,0.087182494,304.943299
1381,0.088041577,304.993091
1382,0.086738678,305.023804
1383,0.087678843,305.053688
1385,0.087013245,305.05484
1387,0.088112605,305.078966
1390,0.088066347,305.15845
1391,0.083185314,305.166722
1394,0.083349044,305.250437
1395,0.085536972,305.256706
1397,0.084056285,305.282218
1398,0.083567364,305.294531
1400,0.084869266,305.333594
1401,0.083646914,305.34269
1403,0.083621498,305.408814
1404,0.08300934,305.408814
1406,0.082329238,305.452568
1408,0.081267349,305.467463
1409,0.081567863,305.441868
1410,0.081008527,305.535818
1412,0.082179974,305.528914
1414,0.080295753,305.578295
1415,0.081942029,305.598932
1416,0.081016754,305.60933
1417,0.080665022,305.651989
1420,0.080237867,305.644758
1421,0.080071192,305.72253
1422,0.077444059,305.718126
1424,0.081653103,305.747514
1425,0.079380974,305.786236
1426,0.079836109,305.81987
1427,0.078200982,305.812261
1430,0.080212886,305.84816
1433,0.080934443,305.910137
1435,0.079238459,305.954324
1436,0.080260219,305.97886
1439,0.078062562,306.009309
1442,0.080523203,306.063523
1444,0.079031737,306.103203
1446,0.077259372,306.120699
1447,0.077908574,306.144985
1448,0.076817628,306.152286
1450,0.077140906,306.202429
1453,0.077833332,306.220578
1454,0.077705582,306.269273
1456,0.077055135,306.295305
1457,0.077305228,306.334816
1458,0.077134053,306.302156
1459,0.074757594,306.338109
1461,0.075718346,306.373301
1462,0.074769605,306.427727
1463,0.075376614,306.42409
1465,0.075953806,306.448093
1466,0.074994824,306.440147
1468,0.076087677,306.486076
1471,0.074147463,306.545499
1473,0.074775799,306.578493
1475,0.075544935,306.607339
1476,0.073520529,306.623592
1477,0.074320437,306.616276
1478,0.074771809,306.656857
1480,0.075084881,306.686503
1482,0.072377737,306.710876
1484,0.073094255,306.778233
1485,0.072944125,306.760203
1487,0.073512955,306.803903
1488,0.073620986,306.822054
1489,0.071447366,306.799369
1490,0.071766473,306.859286
1493,0.072923646,306.883593
1494,0.071167243,306.927402
1495,0.071023406,306.921947
1497,0.069952732,307.001282
1500,0.069465494,306.98883
1502,0.068711209,307.051405
1504,0.068230186,307.050556
1505,0.069375523,307.094882
1506,0.068365772,307.121247
1508,0.068976308,307.117538
1509,0.067472762,307.147876
1510,0.067801011,307.125956
1511,0.069315634,307.156419
1512,0.067518523,307.189547
1514,0.067907538,307.24774
1515,0.06713357,307.223102
1516,0.067638941,307.233586
1518,0.066759679,307.26166
1520,0.066149211,307.298239
1522,0.06869204,307.335735
1523,0.066077674,307.380569
1524,0.067076397,307.407598
1525,0.068297141,307.401552
1527,0.063892147,307.434112
1530,0.066097173,307.470227
1532,0.065742256,307.494434
1533,0.065785483,307.545081
1534,0.063100546,307.52391
1537,0.065022468,307.591168
1540,0.06277629,307.62755
1542,0.063155816,307.652129
1543,0.062499169,307.666364
1544,0.062284099,307.692606
1545,0.064358722,307.71139
1546,0.063238206,307.718069
1549,0.062874184,307.717793
1550,0.063466202,307.774734
1551,0.062332428,307.812094
1553,0.062106728,307.846488
1555,0.063429582,307.822734
1557,0.06270182,307.886581
1559,0.06364098,307.905777
1560,0.062125799,307.924356
1562,0.062873041,307.976999
1563,0.061917344,307.942895
1564,0.061666009,308.002005
1566,0.061384691,308.003038
1567,0.061994845,308.046874
1569,0.061669848,308.088857
1570,0.062033583,308.052977
1571,0.062296893,308.080203
1575,0.060825492,308.153367
1576,0.060104215,308.158323
1577,0.059476555,308.171485
1579,0.060009182,308.209789
1580,0.059224584,308.22094
1581,0.058990047,308.249912
1583,0.059136806,308.270008
1585,0.061688031,308.284716
1586,0.059598043,308.316485
1588,0.059421387,308.342012
1591,0.058718691,308.369117
1594,0.057105884,308.437479
1596,0.058246326,308.447133
1598,0.056606993,308.511584
1600,0.057459061,308.514521
1601,0.056851116,308.521224
1602,0.057973564,308.549837
1604,0.05687714,308.568016
1605,0.058530997,308.583733
1606,0.057209712,308.590031
1607,0.056741571,308.632531
1609,0.059279981,308.629772
1612,0.058697774,308.675108
1614,0.056415934,308.705048
1615,0.057136757,308.708908
1617,0.056985253,308.753463
1618,0.057810524,308.747915
1619,0.056066935,308.782668
1620,0.056573459,308.817758
1622,0.055781976,308.82713
1623,0.055857091,308.841943
1625,0.057265844,308.848824
1628,0.054676075,308.896804
1629,0.056967674,308.907444
1630,0.056940177,308.927259
1631,0.054055607,308.952076
1633,0.054783641,308.994753
1635,0.054359917,309.013277
1636,0.055314764,309.009769
1637,0.055609781,309.030004
1638,0.052979888,309.039239
1639,0.053811714,309.023186
1641,0.054550698,309.084591
1643,0.05484051,309.089126
1645,0.052687785,309.135848
1646,0.054916027,309.1787
1647,0.052590932,309.164129
1649,0.055964001,309.182089
1650,0.055663196,309.198986
1652,0.057365649,309.230624
1653,0.05417252,309.257681
1656,0.055214718,309.277665
1657,0.056083059,309.293808
1658,0.056027494,309.324218
1660,0.057772169,309.373226
1662,0.057074851,309.409698
1664,0.057583774,309.38615
1665,0.057638431,309.416792
1668,0.059433267,309.462854
1670,0.05788061,309.486055
1672,0.058821016,309.507843
1674,0.059114946,309.533171
1675,0.058117183,309.548375
1676,0.057224824,309.583742
1677,0.059355426,309.573776
1678,0.059278271,309.591079
1679,0.056601014,309.614279
1680,0.057337937,309.604784
1683,0.057587389,309.646963
1684,0.058935494,309.662529
1686,0.060318712,309.683726
1689,0.059148978,309.734331
1690,0.052237594,309.734331
1692,0.055922551,309.803319
1693,0.050836938,309.787939
1696,0.058529262,309.839793
1698,0.050177741,309.835034
1699,0.049248481,309.879762
1702,0.054776356,309.933197
1704,0.05133854,309.919295
1705,0.050462306,309.959658
1707,0.05331591,309.940323
1708,0.053502642,309.995402
1709,0.053216481,309.999135
1711,0.051535505,310.00753
1712,0.049564213,310.040978
1713,0.051777006,310.047955
1715,0.051475302,310.088294
1716,0.05269051,310.057412
1718,0.052333802,310.079397
1719,0.054037639,310.102172
1720,0.05043833,310.149658
1721,0.055490311,310.124758
1723,0.054927035,310.16287
1724,0.052854814,310.176909
1725,0.053214271,310.135055
1726,0.054958482,310.159642
1727,0.051905098,310.213094
1728,0.052860095,310.24603
1729,0.053098736,310.247201
1731,0.053038977,310.277402
1734,0.053758299,310.3081
1735,0.049142286,310.312085
1736,0.048615961,310.331271
1738,0.051906937,310.334587
1741,0.049290392,310.342103
1743,0.049345463,310.407628
1745,0.049356551,310.44402
1747,0.050409106,310.492543
1748,0.049324013,310.467442
1750,0.050589306,310.490157
1751,0.048648664,310.51883
1754,0.048330085,310.556326
1755,0.049030619,310.56996
1756,0.049254953,310.550977
1758,0.048644049,310.638325
1759,0.049646904,310.600975
1761,0.049711977,310.648247
1763,0.049719825,310.643045
1765,0.047583567,310.678648
1766,0.048126991,310.681079
1767,0.047662684,310.705896
1769,0.047333047,310.742531
1770,0.047377936,310.728118
1771,0.047633124,310.726911
1773,0.04768689,310.766897
1775,0.048501005,310.823591
1777,0.045407004,310.826402
1778,0.048612554,310.849179
1781,0.047129147,310.84893
1782,0.046131895,310.887306
1784,0.047917865,310.891932
1785,0.047469739,310.919521
1787,0.046237483,310.943371
1788,0.047389084,310.939947
1789,0.046803984,310.991676
1792,0.048308725,310.99922
1793,0.046069343,311.047026
1795,0.046759171,311.062122
1796,0.045350694,311.063104
1799,0.046271259,311.082285
1800,0.045766682,311.074944
1803,0.044286323,311.109497
1804,0.044836164,311.133986
1806,0.045355549,311.138184
1807,0.043314791,311.146115
1808,0.04533312,311.209367
1810,0.045567433,311.187658
1812,0.045103081,311.229342
1815,0.045745732,311.260152
1817,0.045876989,311.293498
1818,0.046095914,311.279284
1820,0.046217984,311.305777
1821,0.045021491,311.351201
1822,0.046842313,311.37287
1824,0.046879745,311.36784
1825,0.045341619,311.399324
1827,0.046159577,311.401519
1828,0.0458058,311.418932
1829,0.045394079,311.448301
1830,0.04571677,311.46169
1832,0.045372768,311.457432
1833,0.04697151,311.477961
1834,0.046080405,311.466812
1835,0.043950379,311.493453
1838,0.0440365,311.5123
1839,0.04425398,311.537448
1841,0.04517832,311.597557
1843,0.044881375,311.592389
1844,0.044833427,311.604445
1847,0.045272647,311.598917
1848,0.044127045,311.611475
1850,0.044931437,311.661606
1852,0.044685388,311.709432
1853,0.04122916,311.714361
1854,0.044390527,311.689342
1856,0.044666073,311.719626
1858,0.044552488,311.749407
1860,0.043300921,311.782721
1861,0.04447583,311.748852
1862,0.043318748,311.779236
1864,0.046000718,311.798428
1867,0.043886675,311.82779
1869,0.044268941,311.85973
1870,0.043246051,311.858231
1873,0.042347997,311.895051
1874,0.043527571,311.934885
1876,0.042360602,311.93865
1877,0.044248835,311.983362
1878,0.044034359,311.967529
1879,0.044315737,311.979704
1881,0.042301368,311.982658
1882,0.044111775,312.00868
1884,0.043584675,312.020963
1885,0.04289209,312.026609
1886,0.044590817,312.015481
1887,0.043218627,312.050573
1890,0.041457593,312.090233
1891,0.041270714,312.10147
1894,0.044297809,312.116877
1896,0.042144027,312.132317
1897,0.042619735,312.13546
1899,0.04130448,312.165439
1900,0.041800734,312.174021
1902,0.042126903,312.179951
1904,0.041540116,312.256643
1906,0.043455657,312.254277
1908,0.043485499,312.272106
1909,0.042885882,312.299767
1910,0.041996627,312.333669
1912,0.04388502,312.319745
1914,0.042557342,312.339481
1916,0.042149775,312.345103
1918,0.043385608,312.384649
1919,0.041477366,312.384649
1921,0.040881627,312.414457
1923,0.04265193,312.420756
1924,0.042174675,312.442647
1925,0.043731766,312.436339
1926,0.041834056,312.449343
1928,0.042561646,312.487637
1929,0.041954347,312.50492
1930,0.041970905,312.505118
1932,0.042349672,312.508395
1934,0.042712785,312.534427
1937,0.042906792,312.582032
1938,0.043095692,312.570718
1939,0.043634518,312.595441
1942,0.043237707,312.616125
1944,0.043522787,312.63766
1945,0.041920362,312.639664
1946,0.044880267,312.642172
1947,0.043611718,312.657455
1948,0.045175161,312.698137
1951,0.045631412,312.729347
1952,0.042933612,312.71319
1954,0.045580404,312.722163
1955,0.042879028,312.762228
1958,0.043431276,312.782452
1960,0.043876727,312.791782
1962,0.043404954,312.820691
1964,0.043796768,312.827596
1965,0.044881779,312.829686
1968,0.043945754,312.870581
1970,0.045571912,312.894331
1971,0.045035068,312.933358
1974,0.04410816,312.940291
1976,0.045438858,312.946319
1978,0.043183863,312.981094
1981,0.042330107,313.008641
1984,0.043572912,313.027827
1985,0.044040438,313.066724
1987,0.043323394,313.072355
1990,0.043775986,313.097837
1992,0.045037,313.125725
1994,0.045844804,313.152183
1996,0.045212513,313.173509
1998,0.045167704,313.159682
1999,0.043211868,313.193745
2001,0.042981607,313.192056
2004,0.043230141,313.227004
2005,0.043658362,313.238869
2007,0.043031998,313.268423
2008,0.04599236,313.280403
2009,0.044862942,313.276536
2010,0.046167576,313.273837
2012,0.045300377,313.309237
2013,0.043164463,313.298431
2015,0.043308409,313.352453
2017,0.043856289,313.347997
2018,0.044409117,313.330726
2020,0.043612509,313.390244
2023,0.045778568,313.409143
2025,0.044230342,313.435957
2027,0.045856079,313.466664
2028,0.044606252,313.458174
2031,0.045545333,313.523048
2032,0.045889083,313.502186
2034,0.044443873,313.51682
2035,0.044072612,313.52113
2036,0.043205531,313.540172
2038,0.044453794,313.570489
2039,0.045239097,313.570839
2041,0.044455867,313.602169
2042,0.044904274,313.595744
2043,0.043840205,313.576559
2045,0.044289118,313.591983
2046,0.045571087,313.635599
2048,0.04268133,313.667221
2049,0.044625537,313.653491
2051,0.045183792,313.676869
2053,0.044262983,313.70952
2055,0.047383622,313.722977
2057,0.044254775,313.766351
2058,0.044580069,313.748129
2060,0.04472987,313.76788
2062,0.043439597,313.763922
2063,0.042879604,313.773581
2064,0.043292255,313.785837
2066,0.043186644,313.817924
2070,0.045065146,313.853837
2071,0.042702378,313.865147
2072,0.04394531,313.834057
2074,0.04327773,313.89708
2076,0.043765709,313.885042
2077,0.044029294,313.876333
2078,0.043830324,313.906407
2079,0.044490986,313.910825
2080,0.044058917,313.945512
2082,0.044281754,313.951504
2084,0.044258913,313.985298
2085,0.045391174,313.98937
2087,0.043706746,314.012943
2089,0.04267238,313.999741
2090,0.043991367,314.039478
2091,0.045322579,314.03612
2094,0.046281361,314.064239
2095,0.044447758,314.06304
2098,0.045013759,314.079747
2100,0.044914306,314.114105
2102,0.04356957,314.141516
2103,0.044268165,314.09967
2104,0.045128832,314.146624
2105,0.043126649,314.145182
2106,0.043905412,314.164514
2109,0.044383462,314.183037
2111,0.044663174,314.203998
2112,0.044453942,314.214724
2113,0.044918104,314.199653
2115,0.043874241,314.199122
2116,0.045341343,314.242706
2118,0.044035072,314.251235
2121,0.045031426,314.280697
2124,0.044107272,314.296136
2126,0.042238018,314.321483
2128,0.046302238,314.328932
2130,0.04628251,314.350879
2131,0.045401632,314.361037
2134,0.043888303,314.392
2135,0.04499357,314.409391
2137,0.043480639,314.433991
2140,0.045265539,314.425189
2141,0.043494404,314.407094
2142,0.044023329,314.454517
2144,0.044890464,314.491485
2146,0.045783501,314.484569
2147,0.045465996,314.505851
2149,0.044537622,314.529894
2150,0.04469614,314.520991
2152,0.043876206,314.568403
2155,0.045065935,314.559875
2158,0.04591237,314.577857
2159,0.046209494,314.58599
2160,0.046055193,314.614713
2162,0.04536513,314.613548
2163,0.047015883,314.615425
2165,0.045901242,314.643462
2166,0.044005098,314.650582
2168,0.044813956,314.665919
2169,0.046959794,314.670207
2171,0.045501058,314.672877
2173,0.045570715,314.707718
2176,0.045608766,314.72806
2178,0.045827514,314.740844
2179,0.046653537,314.733401
2181,0.046166301,314.764094
2182,0.046485589,314.768035
2183,0.045889432,314.741218
2186,0.0442781,314.784093
2188,0.043668359,314.769879
2190,0.051673953,314.82531
2192,0.04480325,314.871082
2194,0.044448205,314.875857
2196,0.047162837,314.867314
2198,0.043902649,314.904107
2199,0.04541901,314.913822
2201,0.044738842,314.9171
2203,0.046497105,314.916137
2204,0.043950676,314.938508
2206,0.046162812,314.940938
2207,0.046066749,314.976332
2209,0.046289684,314.965952
2211,0.046744872,315.000985
2213,0.046711702,314.968481
2215,0.046347353,315.021489
2216,0.046929567,315.021489
2217,0.045000016,315.024429
2218,0.046238123,315.04179
2219,0.044182887,315.063686
2222,0.047664168,315.079997
2223,0.046458086,315.084446
2226,0.045318185,315.120972
2227,0.045305299,315.095625
2228,0.046349688,315.106336
2229,0.046354566,315.119731
2231,0.044949749,315.170158
2234,0.046560663,315.13146
2235,0.045797298,315.20586
2236,0.047283216,315.178795
2238,0.044771811,315.172858
2239,0.04573152,315.172858
2241,0.045765682,315.214607
2243,0.046622511,315.191468
2244,0.045936222,315.252912
2246,0.049626529,315.242587
2248,0.046870326,315.25955
2249,0.047073112,315.291193
2250,0.045963477,315.294896
2253,0.047412682,315.316275
2254,0.045510608,315.317418
2255,0.045680427,315.314874
2257,0.046514095,315.333388
2259,0.04718419,315.353377
2262,0.046702794,315.375608
2264,0.048152373,315.379426
2265,0.047822735,315.385643
2266,0.046259293,315.38653
2267,0.04672446,315.434917
2268,0.047140127,315.392961
2271,0.048568206,315.465617
2272,0.047408689,315.446081
2273,0.048565947,315.469598
2275,0.049247357,315.490399
2277,0.046831602,315.503611
2278,0.048038907,315.506363
2279,0.047960434,315.496335
2281,0.048285733,315.51711
2284,0.048882915,315.509802
2286,0.048214118,315.533279
2288,0.046960617,315.557762
2291,0.048968256,315.563558
2293,0.050554669,315.600925
2294,0.046996842,315.566158
2296,0.049715613,315.607061
2298,0.047024291,315.615555
2300,0.048320007,315.641755
2301,0.048353865,315.651899
2302,0.048398659,315.628444
2305,0.048178565,315.641997
2307,0.049793968,315.708248
2309,0.048728548,315.694097
2310,0.050047087,315.67854
2312,0.049193658,315.699953
2315,0.048551049,315.738134
2317,0.048821849,315.786557
2318,0.051524449,315.75228
2319,0.04882408,315.739342
2321,0.050284037,315.759778
2322,0.052607048,315.781655
2325,0.04739917,315.80916
2326,0.054206854,315.788742
2328,0.054450822,315.801761
2331,0.053141957,315.851492
2332,0.054577147,315.856784
2334,0.052430204,315.865758
2335,0.049715756,315.877433
2338,0.054283185,315.840153
2340,0.053651679,315.907215
2342,0.053188179,315.909768
2343,0.053815131,315.937566
2345,0.054924724,315.940644
2346,0.05596659,315.93757
2347,0.053787888,315.94227
2348,0.057457936,315.929911
2349,0.056110605,315.941092
2351,0.05689394,315.986031
2353,0.055494807,315.983622
2355,0.055426601,315.981012
2357,0.056758939,315.989007
2358,0.054288126,316.008432
2359,0.054856322,315.996284
2361,0.057311959,316.033922
2362,0.05715276,315.999653
2363,0.05730749,316.061179
2366,0.056905486,316.076469
2367,0.057863901,316.056698
2368,0.05610849,316.072624
2370,0.056263047,316.102189
2371,0.056429024,316.089855
2372,0.055838748,316.111508
2374,0.057215625,316.133169
2375,0.057110544,316.110121
2379,0.05857155,316.143545
2382,0.049942398,316.174419
2385,0.049977225,316.17533
2387,0.055468603,316.210108
2389,0.057918381,316.221816
2392,0.059300632,316.232498
2394,0.057769337,316.236839
2395,0.057155063,316.244682
2396,0.058898636,316.247521
2398,0.050013027,316.228856
2399,0.050373151,316.277703
2401,0.056491138,316.272687
2402,0.057743603,316.292786
2403,0.058403539,316.294595
2405,0.053609637,316.303434
2407,0.053396411,316.33436
2409,0.054926411,316.326719
2410,0.058615271,316.355687
2411,0.056475803,316.324282
2412,0.058627908,316.3507
2414,0.05723723,316.363221
2417,0.057459268,316.354461
2419,0.054966319,316.37801
2420,0.056059565,316.405019
2421,0.05613804,316.405396
2422,0.055551622,316.411276
2424,0.05866472,316.433658
2425,0.055515512,316.406433
2427,0.057236622,316.454305
2430,0.056059419,316.448716
2432,0.057121981,316.458938
2434,0.059139464,316.472195
2435,0.056388606,316.504225
2437,0.05234823,316.504627
2440,0.061554046,316.498547
2441,0.055768438,316.538423
2444,0.058471458,316.526734
2446,0.057229229,316.563099
2447,0.05466314,316.563099
2448,0.055510393,316.54547
2449,0.056080784,316.562455
2450,0.055938142,316.57154
2452,0.058442821,316.592541
2454,0.057078803,316.595406
2455,0.056819376,316.607741
2458,0.057055777,316.631541
2459,0.0539679,316.611361
2461,0.059195333,316.655778
2462,0.059213218,316.60206
2463,0.056513111,316.626622
2465,0.055113443,316.647855
2466,0.055698842,316.661873
2467,0.057923835,316.678559
2470,0.057716832,316.673833
2471,0.056863124,316.670984
2473,0.057000012,316.684743
2475,0.058036263,316.712691
2476,0.059251809,316.685543
2477,0.058926223,316.711605
2479,0.057184179,316.740252
2481,0.058205964,316.752185
2483,0.058271929,316.777974
2485,0.056850497,316.763832
2486,0.057419893,316.769651
2488,0.057668249,316.813578
2489,0.056182056,316.77281
2491,0.058347309,316.787931
2492,0.056639009,316.812779
2493,0.057771642,316.812546
2495,0.058602102,316.781961
2496,0.057522755,316.820663
2497,0.056762708,316.820663
2499,0.05750345,316.878394
2501,0.058802906,316.822745
2502,0.056436478,316.843985
2504,0.05778892,316.859748
2505,0.056304501,316.875247
2507,0.058491285,316.862218
2508,0.060023235,316.862218
2510,0.057951115,316.906474
2513,0.056616613,316.919137
2514,0.056784061,316.932623
2516,0.058195624,316.92343
2518,0.058617901,316.945101
2519,0.054964951,316.950639
2520,0.058107435,316.958611
2521,0.057473565,316.955035
2523,0.056685447,316.984328
2524,0.058081508,317.015875
2526,0.056534171,316.989915
2527,0.056497094,316.986318
2528,0.059904751,316.991193
2531,0.058671765,317.00636
2533,0.058589804,317.041855
2534,0.056575386,317.025246
2536,0.058098314,317.022621
2538,0.059083232,317.041773
2541,0.059054107,317.048723
2543,0.058023901,317.100051
2546,0.059954532,317.114757
2549,0.059077624,317.111682
2550,0.058910048,317.14067
2552,0.05923124,317.143172
2553,0.05941236,317.151591
2555,0.059933475,317.13703
2556,0.058958207,317.154326
2558,0.058576594,317.149138
2561,0.057750949,317.189983
2563,0.058195441,317.180066
2565,0.060451829,317.172847
2566,0.058901147,317.242856
2567,0.057082231,317.25468
2568,0.058066352,317.201361
2570,0.05982128,317.207486
2572,0.058078236,317.212993
2574,0.059026696,317.228379
2576,0.060154184,317.259883
2578,0.058448952,317.270785
2579,0.058283516,317.273197
2580,0.057830478,317.289788
2581,0.059770632,317.251052
2582,0.06114323,317.262368
2583,0.059516905,317.322967
2584,0.058531722,317.303031
2586,0.058740843,317.30893
2587,0.059970478,317.311599
2588,0.060531332,317.279165
2589,0.058861642,317.314567
2590,0.060162865,317.327752
2592,0.060616122,317.314137
2595,0.059706525,317.322115
2597,0.059842901,317.342451
2598,0.05974445,317.347617
2600,0.059398563,317.37062
2602,0.060633561,317.401424
2604,0.060943983,317.366274
2605,0.061098932,317.422468
2607,0.059647309,317.361791
2609,0.060630032,317.427281
2610,0.060688118,317.420193
2612,0.062326865,317.437963
2613,0.061201082,317.414254
2614,0.060115039,317.455847
2617,0.058684267,317.438748
2619,0.060854073,317.450543
2621,0.061732166,317.501654
2623,0.061015865,317.490991
2624,0.062571615,317.475629
2625,0.063743655,317.458425
2626,0.060675285,317.47889
2628,0.06193068,317.498368
2631,0.061766949,317.534254
2632,0.061594798,317.520796
2633,0.061557138,317.498307
2635,0.062559193,317.537945
2636,0.061542825,317.515976
2637,0.061410172,317.523546
2638,0.061586427,317.54387
2639,0.062847148,317.543342
2641,0.062954133,317.571291
2642,0.062462158,317.565919
2644,0.06250037,317.581045
2645,0.062811905,317.561795
2646,0.063629102,317.588937
2648,0.06289001,317.570407
2650,0.063371312,317.605298
2651,0.06186652,317.591568
2652,0.062649298,317.611116
2653,0.063057387,317.607802
2655,0.062653594,317.628273
2657,0.062380365,317.616741
2659,0.062403854,317.654185
2660,0.063871036,317.656263
2662,0.064263801,317.656561
2664,0.063189339,317.657404
2666,0.061805955,317.68594
2667,0.061387934,317.66453
2669,0.061541975,317.694915
2670,0.062686729,317.668641
2671,0.062874734,317.697058
2674,0.064554298,317.700412
2675,0.062419166,317.712544
2676,0.06308836,317.724741
2677,0.061497746,317.729343
2679,0.063593523,317.722205
2680,0.061550552,317.738619
2682,0.063889148,317.767294
2683,0.063472244,317.779363
2686,0.062888757,317.776447
2689,0.062222879,317.758946
2691,0.064421288,317.776524
2693,0.062523617,317.797681
2695,0.065041377,317.793227
2697,0.063676627,317.786622
2699,0.063947118,317.815118
2700,0.063537942,317.83018
2703,0.063586811,317.828254
2705,0.066077337,317.870147
2706,0.063068413,317.871648
2707,0.062773228,317.846034
2709,0.063916099,317.861544
2711,0.064463636,317.877512
2712,0.06453702,317.853689
2713,0.064255475,317.872311
2715,0.064204009,317.885943
2717,0.064281021,317.913935
2718,0.06421862,317.905218
2720,0.063963808,317.928077
2722,0.064556386,317.877839
2724,0.06425511,317.930445
2725,0.066408872,317.897094
2726,0.065649242,317.920366
2727,0.063311262,317.945907
2729,0.066779802,317.954092
2730,0.066442927,317.951353
2732,0.06341757,317.928965
2734,0.063458802,317.960646
2736,0.06492075,317.96269
2739,0.064297266,317.985596
2741,0.065236787,317.97621
2742,0.063374845,317.986864
2743,0.062996473,317.986312
2745,0.065061457,317.995334
2749,0.066231349,318.050528
2752,0.064535638,318.059361
2754,0.065414294,318.028369
2756,0.063904856,318.06756
2757,0.067403852,318.039532
2758,0.065875872,318.064045
2759,0.066119978,318.079026
2760,0.065561974,318.096249
2761,0.066070559,318.082586
2762,0.067047778,318.05737
2764,0.066846924,318.051002
2766,0.065784634,318.101939
2768,0.066394055,318.104837
2769,0.065873985,318.130732
2770,0.066916452,318.135493
2771,0.065879028,318.128386
2772,0.067880322,318.120809
2773,0.068117815,318.152139
2776,0.066524461,318.135657
2778,0.066530786,318.146614
2780,0.065868941,318.150333
2781,0.066399383,318.188097
2783,0.067370485,318.179095
2784,0.06822018,318.169025
2785,0.066172529,318.177276
2786,0.067778169,318.174718
2788,0.064984613,318.201272
2789,0.066408378,318.201971
2790,0.067048381,318.213699
2792,0.066638492,318.222271
2793,0.066474421,318.252504
2795,0.065209424,318.214871
2796,0.069651321,318.243707
2797,0.06746937,318.203618
2799,0.06745577,318.236823
2800,0.068674815,318.236471
2801,0.066636303,318.228168
2802,0.067525269,318.258061
2803,0.066543857,318.239895
2804,0.066892394,318.262168
2805,0.066160622,318.266094
2807,0.067254776,318.294098
2808,0.068423326,318.291916
2809,0.067571577,318.296206
2810,0.067083273,318.275859
2813,0.067219882,318.284305
2814,0.067665429,318.284934
2815,0.068493984,318.303143
2816,0.067352884,318.319865
2818,0.069292506,318.320061
2820,0.069044578,318.338543
2822,0.069104801,318.314795
2824,0.068653095,318.355125
2826,0.067574074,318.359121
2827,0.070076796,318.348458
2830,0.069055296,318.342739
2831,0.069118153,318.342739
2832,0.067928736,318.349419
2833,0.068988606,318.367973
2834,0.068044621,318.374783
2836,0.067661284,318.402159
2837,0.066513861,318.386261
2839,0.069833352,318.403491
2841,0.068934637,318.402854
2842,0.07006558,318.448462
2843,0.068239952,318.424094
2845,0.067584274,318.384628
2846,0.068566794,318.434073
2848,0.069562336,318.42222
2849,0.068559936,318.453278
2850,0.069848472,318.428599
2852,0.070255417,318.467556
2853,0.068992909,318.470538
2856,0.072277924,318.452424
2857,0.072785497,318.465743
2859,0.07148712,318.480389
2861,0.0707933,318.481398
2862,0.070518865,318.512685
2863,0.072604591,318.476844
2864,0.07195482,318.521727
2866,0.069730895,318.494422
2869,0.071970777,318.487692
2870,0.07244848,318.550738
2872,0.072243267,318.505171
2873,0.069603357,318.551011
2876,0.072246953,318.554356
2877,0.072846726,318.563078
2878,0.074906244,318.569338
2879,0.071415377,318.54634
2881,0.071105853,318.545605
2884,0.072241793,318.619345
2885,0.072941731,318.576799
2887,0.07141511,318.593352
2888,0.073228626,318.604026
2890,0.074461938,318.536928
2891,0.074149251,318.643198
2892,0.073672016,318.643198
2894,0.074392608,318.60746
2897,0.071266202,318.577775
2899,0.072546982,318.635612
2900,0.073030142,318.647224
2903,0.073449011,318.620987
2905,0.075045867,318.615161
2906,0.074216114,318.621204
2907,0.073291747,318.642153
2908,0.07505247,318.680359
2910,0.073655989,318.661093
2911,0.073385996,318.687479
2912,0.075606232,318.660318
2913,0.073715167,318.677857
2915,0.075279688,318.687124
2916,0.075852893,318.671962
2919,0.073623143,318.68285
2920,0.074357499,318.681539
2922,0.073821956,318.706532
2924,0.074284989,318.705838
2925,0.074963676,318.710447
2926,0.075182983,318.699405
2928,0.076637429,318.757505
2930,0.074010099,318.70919
2933,0.076134599,318.743831
2934,0.074952028,318.77529
2936,0.074938399,318.751917
2938,0.074966267,318.779184
2941,0.076101677,318.778805
2943,0.074565003,318.783127
2945,0.075714937,318.788899
2946,0.074693753,318.788899
2947,0.07527321,318.779593
2948,0.076490033,318.800728
2950,0.078177911,318.813621
2953,0.076518466,318.799177
2956,0.076020242,318.804353
2957,0.074574722,318.807708
2959,0.076729145,318.831768
2960,0.075783752,318.84757
2961,0.076083037,318.855243
2963,0.076619453,318.834947
2964,0.076709396,318.845436
2966,0.076008661,318.83549
2968,0.078549972,318.842012
2969,0.076716095,318.87429
2970,0.078023339,318.861336
2973,0.07792182,318.860761
2975,0.077320008,318.882468
2976,0.077898223,318.888875
2977,0.078509459,318.882411
2979,0.078545404,318.857288
2981,0.076967913,318.901105
2982,0.077389497,318.892446
2983,0.07751997,318.888618
2984,0.07800882,318.887402
2985,0.07727602,318.9071
2988,0.076298196,318.961636
2989,0.078292083,318.943336
2991,0.080174345,318.924411
2992,0.079156051,318.911083
2993,0.079115766,318.948273
2995,0.079354355,318.939264
2996,0.079923852,318.963444
2998,0.078101011,318.952178
2999,0.079407746,318.962351
3001,0.078696047,318.952525
3002,0.079599979,318.965211
3003,0.078652905,318.980912
3004,0.0777086,318.987003
3006,0.077984374,318.958887
3008,0.078219764,318.991263
3010,0.0790343,319.011296
3011,0.077417129,318.984576
3014,0.079695757,319.002573
3016,0.078524869,318.991096
3017,0.079245286,318.997576
3018,0.079720968,318.997576
3020,0.078932308,319.027326
3022,0.080666502,319.020419
3024,0.079710423,319.041515
3026,0.079154923,319.045163
3028,0.081026288,319.056773
3029,0.079160812,319.038496
3030,0.080124714,319.033156
3032,0.080477784,319.036534
3034,0.081781433,319.044567
3037,0.077874511,319.072757
3038,0.079615992,319.07808
3040,0.080593219,319.111183
3041,0.079160502,319.081752
3043,0.078980748,319.110159
3045,0.080664222,319.096351
3046,0.080924606,319.100463
3048,0.0764942,319.103833
3050,0.079344238,319.096005
3051,0.077479416,319.120798
3053,0.08207874,319.099032
3055,0.080804504,319.13144
3056,0.080458164,319.11029
3057,0.078187919,319.165677
3058,0.079576173,319.152593
3060,0.081771033,319.119684
3062,0.079555841,319.168059
3063,0.081165408,319.157549
3065,0.081865241,319.134842
3066,0.08144679,319.166627
3067,0.078771842,319.155901
3068,0.078454626,319.157047
3070,0.079175564,319.211882
3073,0.079332121,319.178953
3075,0.079735816,319.207013
3077,0.081563816,319.178313
3079,0.078930739,319.199986
3081,0.080043404,319.216695
3083,0.078876585,319.22366
3084,0.080543245,319.227221
3085,0.081333607,319.241465
3087,0.080767827,319.207857
3089,0.080041341,319.262479
3090,0.079044027,319.226307
3091,0.078065058,319.221226
3093,0.079503788,319.234664
3094,0.081528969,319.287659
3095,0.080242805,319.249883
3097,0.081338239,319.275145
3099,0.080981755,319.230982
3102,0.079493853,319.264935
3103,0.082751144,319.274269
3106,0.081478604,319.29058
3108,0.079787384,319.30101
3109,0.080576106,319.318128
3110,0.080707622,319.311
3111,0.081304671,319.307734
3113,0.082002264,319.319788
3114,0.078583672,319.321569
3116,0.081074934,319.299824
3117,0.083462694,319.283881
3118,0.081792324,319.347309
3121,0.082384304,319.30287
3122,0.081105444,319.314626
3123,0.08300691,319.356483
3124,0.080871668,319.359708
3125,0.081974909,319.312062
3128,0.080844746,319.331658
3130,0.081847822,319.364882
3133,0.084069268,319.349357
3134,0.0833061,319.349357
3135,0.081523355,319.381505
3136,0.082431483,319.392271
3138,0.083236745,319.348742
3139,0.082484469,319.371084
3140,0.082920796,319.363995
3142,0.082331631,319.397181
3143,0.080986346,319.388998
3146,0.082926773,319.402101
3148,0.082686146,319.40652
3150,0.082636265,319.425159
3152,0.083498114,319.391547
3154,0.083263037,319.40917
3155,0.08475349,319.420891
3158,0.083290495,319.438277
3159,0.083161792,319.447828
3160,0.082424657,319.436704
3163,0.081501375,319.438391
3165,0.083999939,319.44337
3168,0.083329646,319.45184
3170,0.082196773,319.480756
3172,0.085396164,319.458741
3173,0.084174532,319.482628
3175,0.081416897,319.484197
3177,0.083100884,319.478202
3178,0.084087602,319.475433
3181,0.083710165,319.484157
3183,0.083112466,319.491481
3185,0.081937376,319.516186
3187,0.083543675,319.522267
3188,0.084337953,319.511099
3190,0.085032936,319.52642
3191,0.084516965,319.512734
3193,0.084394901,319.513215
3195,0.083584132,319.517495
3196,0.083273929,319.542837
3198,0.083661575,319.540428
3200,0.082587291,319.580059
3201,0.080316875,319.57397
3204,0.082766737,319.567438
3205,0.082944214,319.568277
3206,0.084534041,319.575625
3208,0.083911078,319.53068
3210,0.084559973,319.546779
3212,0.083080534,319.597122
3215,0.084021831,319.564581
3217,0.083838923,319.575792
3218,0.084237548,319.587199
3219,0.08276839,319.597204
3220,0.083497994,319.574664
3222,0.083409131,319.609971
3223,0.084599327,319.611345
3225,0.083385916,319.604165
3226,0.08393518,319.606638
3228,0.085016612,319.609287
3230,0.084189561,319.601397
3231,0.08725218,319.630612
3233,0.086366256,319.617311
3234,0.085053179,319.634932
3236,0.084875261,319.646569
3237,0.084023573,319.63373
3240,0.086552364,319.618371
3241,0.086438885,319.626386
3242,0.085420805,319.65509
3243,0.085668314,319.638098
3244,0.084133828,319.620914
3247,0.086385569,319.67854
3249,0.084718419,319.652022
3250,0.086569329,319.672974
3252,0.087425127,319.685544
3253,0.086777256,319.684395
3254,0.085734309,319.658513
3255,0.088193242,319.690262
3257,0.086987454,319.670815
3259,0.086726167,319.702412
3260,0.086550198,319.697865
3261,0.086871288,319.662931
3262,0.08614127,319.685223
3263,0.08676516,319.700062
3265,0.089772829,319.725245
3268,0.08609387,319.681116
3269,0.087859607,319.715753
3271,0.086865061,319.728322
3273,0.086689424,319.692574
3274,0.087239855,319.722019
3276,0.086423202,319.736707
3277,0.085268593,319.727854
3279,0.089058129,319.741641
3280,0.087589177,319.724183
3283,0.088842809,319.761212
3285,0.08787899,319.758214
3286,0.086506938,319.734585
3288,0.089092786,319.759143
3290,0.088238408,319.772233
3291,0.087431832,319.765824
3292,0.087514964,319.771275
3294,0.088460506,319.76167
3296,0.087243367,319.792337
3297,0.088602322,319.78832
3298,0.087198187,319.767378
3300,0.088092663,319.779603
3302,0.087353521,319.813752
3303,0.088478062,319.782548
3306,0.087875301,319.836514
3307,0.089396895,319.813993
3309,0.08927529,319.814213
3310,0.088816186,319.81801
3311,0.08735982,319.809981
3312,0.087162808,319.788782
3314,0.089263076,319.79919
3316,0.088629056,319.846886
3318,0.089383083,319.831554
3321,0.087422734,319.858837
3323,0.088479815,319.862413
3325,0.088178028,319.854206
3326,0.089395996,319.816952
3327,0.088409914,319.86065
3329,0.090669785,319.865338
3332,0.088744838,319.830012
3333,0.088537563,319.858703
3335,0.089224836,319.853861
3336,0.089308838,319.858456
3337,0.087430014,319.858456
3339,0.088687813,319.886132
3340,0.089767142,319.889402
3341,0.090800726,319.884768
3342,0.088199929,319.878426
3343,0.089795581,319.875991
3346,0.087832525,319.878716
3348,0.087842989,319.891216
3350,0.089579571,319.869878
3351,0.089941464,319.911845
3353,0.088281704,319.879894
3356,0.08893992,319.917722
3358,0.089124774,319.885221
3359,0.088644399,319.935206
3361,0.089243009,319.94432
3363,0.089383055,319.935504
3364,0.091868962,319.923262
3365,0.089292164,319.945575
3366,0.090664941,319.926068
3367,0.091576626,319.912914
3368,0.089220753,319.966983
3369,0.090379681,319.957426
3370,0.089902784,319.930495
3372,0.088101719,319.937297
3375,0.089886555,319.949477
3378,0.088176266,319.969497
3380,0.089268751,319.961039
3381,0.089963087,319.969994
3382,0.091138813,319.969994
3384,0.088529649,320.00446
3385,0.088270725,319.997351
3386,0.08926413,320.003039
3389,0.091655227,319.990783
3390,0.08798382,320.031266
3391,0.08924304,320.01287
3392,0.089005341,319.99082
3394,0.088703947,319.986781
3395,0.088598834,319.999481
3396,0.089226866,320.016926
3397,0.088629012,320.00252
3398,0.090939663,320.017492
3399,0.088709274,319.997031
3400,0.089289565,320.018412
3402,0.087335375,320.023006
3405,0.088988866,320.029012
3407,0.091547256,320.008902
3408,0.089178664,320.031842
3409,0.088401198,320.050954
3411,0.088969871,320.012628
3412,0.09091064,320.033744
3413,0.088717122,320.042576
3416,0.088315559,320.050495
3417,0.090014993,320.040589
3419,0.090568976,320.07321
3421,0.092188018,320.04456
3423,0.089587516,320.026164
3425,0.089970803,320.051474
3426,0.090991426,320.074229
3428,0.091064578,320.073826
3430,0.09254716,320.074185
3431,0.089742155,320.064951
3432,0.090965503,320.07818
3435,0.091320938,320.061698
3436,0.090066101,320.064076
3438,0.092489456,320.074222
3439,0.093258967,320.074222
3442,0.090304413,320.102848
3443,0.090406393,320.099087
3444,0.09161692,320.106631
3447,0.091290235,320.085384
3449,0.091201064,320.114823
3452,0.091988491,320.097716
3453,0.092167711,320.117819
3454,0.090140377,320.119802
3457,0.092323061,320.139995
3459,0.090828685,320.129041
3460,0.092196402,320.124754
3462,0.090942779,320.118407
3465,0.091531762,320.153678
3467,0.090966933,320.140432
3470,0.09177487,320.174581
3472,0.092233864,320.133857
3475,0.09132616,320.169599
3476,0.092940354,320.174309
3478,0.093436092,320.195989
3480,0.093078321,320.148359
3481,0.092605979,320.185101
3482,0.091084125,320.177273
3483,0.092967303,320.165672
3486,0.093515125,320.190389
3487,0.091843477,320.176305
3488,0.091773824,320.17484
3489,0.093802521,320.19098
3490,0.090652677,320.183563
3492,0.093486597,320.195104
3493,0.091904239,320.229
3495,0.092004783,320.223872
3497,0.092427868,320.228505
3499,0.091297429,320.199785
3502,0.093141181,320.196224
3503,0.092310018,320.196224
3505,0.092166422,320.246019
3508,0.092468853,320.216783
3510,0.091055343,320.208094
3513,0.093711682,320.234697
3514,0.090291296,320.229158
3516,0.092558516,320.26512
3517,0.093609633,320.266614
3518,0.09218613,320.246065
3520,0.091867658,320.240046
3522,0.094419822,320.246534
3523,0.093748011,320.253148
3524,0.09247602,320.26364
3526,0.093215412,320.231267
3529,0.092864311,320.293566
3530,0.09253896,320.258008
3531,0.093882015,320.291006
3532,0.094422799,320.293378
3534,0.092966415,320.302426
3536,0.092322491,320.282818
3537,0.092720819,320.268655
3538,0.09311239,320.279245
3540,0.097394356,320.285732
3542,0.092331874,320.313141
3543,0.092875101,320.310997
3545,0.093237871,320.312373
3546,0.092265829,320.314163
3549,0.094302059,320.308963
3550,0.092524457,320.313004
3551,0.092549316,320.330038
3552,0.094686439,320.29837
3554,0.095478441,320.319608
3555,0.094158711,320.348807
3556,0.096547432,320.337815
3558,0.093573087,320.31803
3559,0.091498771,320.322771
3562,0.094573527,320.312012
3565,0.095706834,320.315374
3567,0.096321912,320.361206
3568,0.09399922,320.349446
3569,0.094662737,320.367586
3571,0.095050428,320.339477
3573,0.094773595,320.373333
3575,0.093524763,320.364409
3576,0.094852667,320.356324
3578,0.091923136,320.343287
3579,0.096888461,320.393759
3581,0.095284529,320.393975
3582,0.095125277,320.368267
3585,0.039530618,320.395257
,,
,,
,,
,,
,,
,,
,,
,,
,,
,,
,,
,,
,,
,,
,,
,,
,,
,,
,,
,,
,,
,,
,,
,,
,,
,,
,,
,,
,,
,,
,,
,,
,,
,,
,,
,,
,,
,,
,,
,,
,,
,,
,,
,,
,,
,,
,,
,,
,,
,,
,,
,,
,,
,,
,,
,,
,,
,,
,,
,,
,,
,,
,,
,,
,,
,,
,,
,,
,,
,,
,,
,,
,,
,,
,,
,,
,,
,,
,,
,,
,,
,,
,,
,,
,,
,,
,,
,,
,,
,,
,,
,,
,,
,,
,,
,,
,,
,,
,,
,,
,,
,,
,,
,,
,,
,,
,,
,,
,,
,,
,,
,,
,,
,,
,,
,,
,,
,,
,,
,,
,,
,,
,,
,,
,,
,,
,,
,,
,,
,,
,,
,,
,,
,,
,,
,,
,,
,,
,,
,,
,,
,,
,,
,,
,,
,,
,,
,,
,,
,,
,,
,,
,,
,,
,,
,,
,,
,,
,,
,,
,,
,,
,,
,,
,,
,,
,,
,,
,,
,,
,,
,,
,,
,,
,,
,,
,,
,,
,,
,,
,,
,,
,,
,,
,,
,,
,,
,,
,,
,,
,,
,,
,,
,,
,,
,,
,,
,,
,,
,,
,,
,,
,,
,,
,,
,,
,,
,,
,,
,,
,,
,,
,,
,,
,,
,,
,,
,,
,,
,,
,,
,,
,,
,,
,,
,,
,,
,,
,,
,,
,,
,,
,,
,,
,,
,,
,,
,,
,,
,,
,,
,,
,,
,,
,,
,,
,,
,,
,,
,,
,,
,,
,,
,,
,,
,,
,,
,,
,,
,,
,,
,,
,,
,,
,,
,,
,,
,,
,,
,,
,,
,,
,,
,,
,,
,,
,,
,,
,,
,,
,,
,,
,,
,,
,,
,,
,,
,,
,,
,,
,,
,,
,,
,,
,,
,,
,,
,,
,,
,,
,,
,,
,,
,,
,,
,,
,,
,,
,,
,,
,,
,,
,,
,,
,,
,,
,,
,,
,,
,,
,,
,,
,,
,,
,,
,,
,,
,,
,,
,,
,,
,,
,,
,,
,,
,,
,,
,,
,,
,,
,,
,,
,,
,,
,,
,,
,,
,,
,,
,,
,,
,,
,,
,,
,,
,,
,,
,,
,,
,,
,,
,,
,,
,,
,,
,,
,,
,,
,,
,,
,,
,,
,,
,,
,,
,,
,,
,,
,,
,,
,,
,,
,,
,,
,,
,,
,,
,,
,,
,,
,,
,,
,,
,,
,,
,,
,,
,,
,,
,,
,,
,,
,,
,,
,,
,,
,,
,,
,,
,,
,,
,,
,,
,,
,,
,,
,,
,,
,,
,,
,,
,,
,,
,,
,,
,,
,,
,,
,,
,,
,,
,,
,,
,,
,,
,,
,,
,,
,,
,,
,,
,,
,,
,,
,,
,,
,,
,,
,,
,,
,,
,,
,,
,,
,,
,,
,,
,,
,,
,,
,,
,,
,,
,,
,,
,,
,,
,,
,,
,,
,,
,,
,,
,,
,,
,,
,,
,,
,,
,,
,,
,,
,,
,,
,,
,,
,,
,,
,,
,,
,,
,,
,,
,,
,,
,,
,,
,,
,,
,,
,,
,,
,,
,,
,,
,,
,,
,,
,,
,,
,,
,,
,,
,,
,,
,,
,,
,,
,,
,,
,,
,,
,,
,,
,,
,,
,,
,,
,,
,,
,,
,,
,,
,,
,,
,,
,,
,,
,,
,,
,,
,,
,,
,,
,,
,,
,,
,,
,,
,,
,,
,,
,,
,,
,,
,,
,,
,,
,,
,,
,,
,,
,,
,,
,,
,,
,,
,,
,,
,,
,,
,,
,,
,,
,,
,,
,,
,,
,,
,,
,,
,,
,,
,,
,,
,,
,,
,,
,,
,,
,,
,,
,,
,,
,,
,,
,,
,,
,,
,,
,,
,,
,,
,,
,,
,,
,,
,,
,,
,,
,,
,,
,,
,,
,,
,,
,,
,,
,,
,,
,,
,,
,,
,,
,,
,,
,,
,,
,,
,,
,,
,,
,,
,,
,,
,,
,,
,,
,,
,,
,,
,,
,,
,,
,,
,,
,,
,,
,,
,,
,,
,,
,,
,,
,,
,,
,,
,,
,,
,,
,,
,,
,,
,,
,,
,,
,,
,,
,,
,,
,,
,,
,,
,,
,,
,,
,,
,,
,,
,,
,,
,,
,,
,,
,,
,,
,,
,,
,,
,,
,,
,,
,,
,,
,,
,,
,,
,,
,,
,,
,,
,,
,,
,,
,,
,,
,,
,,
,,
,,
,,
,,
,,
,,
,,
,,
,,
,,
,,
,,
,,
,,
,,
,,
,,
,,
,,
,,
,,
,,
,,
,,
,,
,,
,,
,,
,,
,,
,,
,,
,,
,,
,,
,,
,,
,,
,,
,,
,,
,,
,,
,,
,,
,,
,,
,,
,,
,,
,,
,,
,,
,,
,,
,,
,,
,,
,,
,,
,,
,,
,,
,,
,,
,,
,,
,,
,,
,,
,,
,,
,,
,,
,,
,,
,,
,,
,,
,,
,,
,,
,,
,,
,,
,,
,,
,,
,,
,,
,,
,,
,,
,,
,,
,,
,,
,,
,,
,,
,,
,,
,,
,,
,,
,,
,,
,,
,,
,,
,,
,,
,,
,,
,,
,,
,,
,,
,,
,,
,,
,,
,,
,,
,,
,,
,,
,,
,,
,,
,,
,,
,,
,,
,,
,,
,,
,,
,,
,,
,,
,,
,,
,,
,,
,,
,,
,,
,,
,,
,,
,,
,,
,,
,,
,,
,,
,,
,,
,,
,,
,,
,,
,,
,,
,,
,,
,,
,,
,,
,,
,,
,,
,,
,,
,,
,,
,,
,,
,,
,,
,,
,,
,,
,,
,,
,,
,,
,,
,,
,,
,,
,,
,,
,,
,,
,,
,,
,,
,,
,,
,,
,,
,,
,,
,,
,,
,,
,,
,,
,,
,,
,,
,,
,,
,,
,,
,,
,,
,,
,,
,,
,,
,,
,,
,,
,,
,,
,,
,,
,,
,,
,,
,,
,,
,,
,,
,,
,,
,,
,,
,,
,,
,,
,,
,,
,,
,,
,,
,,
,,
,,
,,
,,
,,
,,
,,
,,
,,
,,
,,
,,
,,
,,
,,
,,
,,
,,
,,
,,
,,
,,
,,
,,
,,
,,
,,
,,
,,
,,
,,
,,
,,
,,
,,
,,
,,
,,
,,
,,
,,
,,
,,
,,
,,
,,
,,
,,
,,
,,
,,
,,
,,
,,
,,
,,
,,
,,
,,
,,
,,
,,
,,
,,
,,
,,
,,
,,
,,
,,
,,
,,
,,
,,
,,
,,
,,
,,
,,
,,
,,
,,
,,
,,
,,
,,
,,
,,
,,
,,
,,
,,
,,
,,
,,
,,
,,
,,
,,
,,
,,
,,
,,
,,
,,
,,
,,
,,
,,
,,
,,
,,
,,
,,
,,
,,
,,
,,
,,
,,
,,
,,
,,
,,
,,
,,
,,
,,
,,
,,
,,
,,
,,
,,
,,
,,
,,
,,
,,
,,
,,
,,
,,
,,
,,
,,
,,
,,
,,
,,
,,
,,
,,
,,
,,
,,
,,
,,
,,
,,
,,
,,
,,
,,
,,
,,
,,
,,
,,
,,
,,
,,
,,
,,
,,
,,
,,
,,
,,
,,
,,
,,
,,
,,
,,
,,
,,
,,
,,
,,
,,
,,
,,
,,
,,
,,
,,
,,
,,
,,
,,
,,
,,
,,
,,
,,
,,
,,
,,
,,
,,
,,
,,
,,
,,
,,
,,
,,
,,
,,
,,
,,
,,
,,
,,
,,
,,
,,
,,
,,
,,
,,
,,
,,
,,
,,
,,
,,
,,
,,
,,
,,
,,
,,
,,
,,
,,
,,
,,
,,
,,
,,
,,
,,
,,
,,
,,
,,
,,
,,
,,
,,
,,
,,
,,
,,
,,
,,
,,
,,
,,
,,
,,
,,
,,
,,
,,
,,
,,
,,
,,
,,
,,
,,
,,
,,
,,
,,
,,
,,
,,
,,
,,
,,
,,
,,
,,
,,
,,
,,
,,
,,
,,
,,
,,
,,
,,
,,
,,
,,
,,
,,
,,
,,
,,
,,
,,
,,
,,
,,
,,
,,
,,
,,
,,
,,
,,
,,
,,
,,
,,
,,
,,
,,
,,
,,
,,
,,
,,
,,
,,
,,
,,
,,
,,
,,
,,
,,
,,
,,
,,
,,
,,
,,
,,
,,
,,
,,
,,
,,
,,
,,
,,
,,
,,
,,
,,
,,
,,
,,
,,
,,
,,
,,
,,
,,
,,
,,
,,
,,
,,
,,
,,
,,
,,
,,
,,
,,
,,
,,
,,
,,
,,
,,
,,
,,
,,
,,
,,
,,
,,
,,
,,
,,
,,
,,
,,
,,
,,
,,
,,
,,
,,
,,
,,
,,
,,
,,
,,
,,
,,
,,
,,
,,
,,
,,
,,
,,
,,
,,
,,
,,
,,
,,
,,
,,
,,
,,
,,
,,
,,
,,
,,
,,
,,
,,
,,
